bucket_id,parent_id,level,n_train,n_val,BAC,F1,AUC,Regret,BND_ratio,POS_coverage,score_metric,score_value,parent_score_value,gain_value,is_weak,threshold_source_bucket
ROOT,,0,1779,753,0.7749748410691932,0.7279693486590039,0.9408090130335534,0.21713147410358566,0.12616201859229748,0.17264276228419656,f1_regret_bnd,0.44775686525926944,-0.22898080562314138,0.6767376708824109,False,ROOT
L1_VisitorType=new,ROOT,1,252,109,0.862012987012987,0.8275862068965517,0.9090909090909092,0.3119266055045872,0.0,0.23853211009174313,f1_regret_bnd,0.5156596013919645,0.44775686525926944,0.0679027361326951,False,L1_VisitorType=new
L1_VisitorType=others,ROOT,1,67,18,0.9470108695652174,0.9090909090909091,0.9963768115942029,0.047058823529411764,0.023529411764705882,0.2,f1_regret_bnd,,0.44775686525926944,,True,ROOT
L1_VisitorType=returning,ROOT,1,1473,633,0.785519536281666,0.6666666666666667,0.9268570201803349,0.2037914691943128,0.0631911532385466,0.1406003159557662,f1_regret_bnd,0.43127962085308064,0.44775686525926944,-0.016477244406188807,True,ROOT
L1_VisitorType=new|L2_Month=high_season,L1_VisitorType=new,2,104,133,0.6571428571428571,0.6461538461538462,0.8177842565597668,0.4849624060150376,0.17293233082706766,0.22556390977443608,f1_regret_bnd,0.07472527472527477,0.5156596013919645,-0.44093432666668975,True,L1_VisitorType=new
L1_VisitorType=new|L2_Month=low_season,L1_VisitorType=new,2,65,135,0.9246909564085881,0.8813559322033899,0.9668184775536761,0.12222222222222222,0.007407407407407408,0.2222222222222222,f1_regret_bnd,0.755430006277464,0.5156596013919645,0.2397704048854995,False,L1_VisitorType=new|L2_Month=low_season
L1_VisitorType=new|L2_Month=mid_season,L1_VisitorType=new,2,62,133,0.934915164369035,0.9249999999999999,0.974814422057264,0.13909774436090225,0.007518796992481203,0.2932330827067669,f1_regret_bnd,0.782142857142857,0.5156596013919645,0.2664832557508925,False,L1_VisitorType=new|L2_Month=mid_season
L1_VisitorType=new|L2_Month=others,L1_VisitorType=new,2,19,11,0.9068322981366459,0.8571428571428571,0.968944099378882,0.16666666666666666,0.0,0.23333333333333334,f1_regret_bnd,,0.5156596013919645,,True,L1_VisitorType=new
L1_VisitorType=returning|L2_Month=high_season,L1_VisitorType=returning,2,535,240,0.6637085216624408,0.5882352941176471,0.8495204497850293,0.325,0.2,0.22916666666666666,f1_regret_bnd,0.16323529411764706,0.43127962085308064,-0.26804432673543355,True,ROOT
L1_VisitorType=returning|L2_Month=low_season,L1_VisitorType=returning,2,369,153,0.8517316017316017,0.7727272727272727,0.9556277056277056,0.15359477124183007,0.058823529411764705,0.1503267973856209,f1_regret_bnd,0.5897207367795603,0.43127962085308064,0.15844111592647964,False,L1_VisitorType=returning|L2_Month=low_season
L1_VisitorType=returning|L2_Month=mid_season,L1_VisitorType=returning,2,533,221,0.7560137457044673,0.6666666666666666,0.9362352042764414,0.19457013574660634,0.11764705882352941,0.12217194570135746,f1_regret_bnd,0.4132730015082956,0.43127962085308064,-0.018006619344785035,True,ROOT
L1_VisitorType=returning|L2_Month=others,L1_VisitorType=returning,2,170,87,0.82678916827853,0.6666666666666667,0.9622823984526113,0.11673151750972763,0.07782101167315175,0.11284046692607004,f1_regret_bnd,,0.43127962085308064,,True,ROOT
L1_VisitorType=new|L2_Month=high_season|L3_Region=region_1_2,L1_VisitorType=new|L2_Month=high_season,3,242,114,0.7865448504983389,0.7659574468085106,0.8737541528239202,0.3157894736842105,0.07017543859649122,0.16666666666666666,f1_regret_bnd,0.4150802538260545,0.07472527472527477,0.3403549791007797,False,L1_VisitorType=new|L2_Month=high_season|L3_Region=region_1_2
L1_VisitorType=new|L2_Month=high_season|L3_Region=region_3_4,L1_VisitorType=new|L2_Month=high_season,3,138,68,0.6754807692307692,0.6923076923076923,0.8701923076923077,0.35294117647058826,0.20588235294117646,0.14705882352941177,f1_regret_bnd,0.2364253393665158,0.07472527472527477,0.16170006464124104,False,L1_VisitorType=new|L2_Month=high_season|L3_Region=region_3_4
L1_VisitorType=new|L2_Month=high_season|L3_Region=region_5_plus,L1_VisitorType=new|L2_Month=high_season,3,149,43,0.7192307692307692,0.6666666666666667,0.8153846153846154,0.5465116279069767,0.06976744186046512,0.18604651162790697,f1_regret_bnd,0.08527131782945746,0.07472527472527477,0.010546043104182695,False,L1_VisitorType=new|L2_Month=high_season|L3_Region=region_5_plus
L1_VisitorType=new|L2_Month=low_season|L3_Region=region_1_2,L1_VisitorType=new|L2_Month=low_season,3,159,73,0.9512061403508771,0.9090909090909091,0.9802631578947368,0.0821917808219178,0.0,0.2328767123287671,f1_regret_bnd,0.8268991282689913,0.755430006277464,0.07146912199152722,False,L1_VisitorType=new|L2_Month=low_season|L3_Region=region_1_2
L1_VisitorType=new|L2_Month=low_season|L3_Region=region_3_4,L1_VisitorType=new|L2_Month=low_season,3,86,33,0.9246424642464246,0.8888888888888888,0.9675467546754675,0.09243697478991597,0.01680672268907563,0.15126050420168066,f1_regret_bnd,,0.755430006277464,,True,L1_VisitorType=new|L2_Month=low_season
L1_VisitorType=new|L2_Month=low_season|L3_Region=region_5_plus,L1_VisitorType=new|L2_Month=low_season,3,85,29,0.9782608695652174,0.9361702127659575,0.9980237154150198,0.03070175438596491,0.008771929824561403,0.21929824561403508,f1_regret_bnd,,0.755430006277464,,True,L1_VisitorType=new|L2_Month=low_season
L1_VisitorType=new|L2_Month=mid_season|L3_Region=region_1_2,L1_VisitorType=new|L2_Month=mid_season,3,136,70,0.9565217391304348,0.9545454545454545,0.9824236817761332,0.11428571428571428,0.0,0.3,f1_regret_bnd,0.8402597402597402,0.782142857142857,0.05811688311688312,False,L1_VisitorType=new|L2_Month=mid_season|L3_Region=region_1_2
L1_VisitorType=new|L2_Month=mid_season|L3_Region=region_3_4,L1_VisitorType=new|L2_Month=mid_season,3,91,30,0.9544534412955465,0.9615384615384616,0.9983805668016195,0.0371900826446281,0.04132231404958678,0.21487603305785125,f1_regret_bnd,,0.782142857142857,,True,L1_VisitorType=new|L2_Month=mid_season
L1_VisitorType=new|L2_Month=mid_season|L3_Region=region_5_plus,L1_VisitorType=new|L2_Month=mid_season,3,85,33,0.9606272939606273,0.9459459459459459,0.9853186519853186,0.0847457627118644,0.0,0.3135593220338983,f1_regret_bnd,,0.782142857142857,,True,L1_VisitorType=new|L2_Month=mid_season
L1_VisitorType=returning|L2_Month=high_season|L3_Region=region_1_2,L1_VisitorType=returning|L2_Month=high_season,3,1325,597,0.6332551516166862,0.5984251968503937,0.8499413637125147,0.37269681742043553,0.23283082077051925,0.21273031825795644,f1_regret_bnd,0.10931296904469859,0.16323529411764706,-0.053922325072948474,True,ROOT
L1_VisitorType=returning|L2_Month=high_season|L3_Region=region_3_4,L1_VisitorType=returning|L2_Month=high_season,3,791,354,0.7067550505050505,0.6619718309859155,0.8545875420875422,0.327683615819209,0.1807909604519774,0.21468926553672316,f1_regret_bnd,0.24389273494071778,0.16323529411764706,0.08065744082307072,False,L1_VisitorType=returning|L2_Month=high_season|L3_Region=region_3_4
L1_VisitorType=returning|L2_Month=high_season|L3_Region=region_5_plus,L1_VisitorType=returning|L2_Month=high_season,3,562,258,0.7076555023923445,0.5365853658536586,0.8423444976076555,0.3023255813953488,0.07751937984496124,0.17054263565891473,f1_regret_bnd,0.19550009453582912,0.16323529411764706,0.032264800418182055,False,L1_VisitorType=returning|L2_Month=high_season|L3_Region=region_5_plus
L1_VisitorType=returning|L2_Month=low_season|L3_Region=region_1_2,L1_VisitorType=returning|L2_Month=low_season,3,904,396,0.8650154332605586,0.6896551724137931,0.9589701121734548,0.10732323232323232,0.03282828282828283,0.12626262626262627,f1_regret_bnd,0.5659177986764194,0.5897207367795603,-0.023802938103140825,True,L1_VisitorType=returning|L2_Month=low_season
L1_VisitorType=returning|L2_Month=low_season|L3_Region=region_3_4,L1_VisitorType=returning|L2_Month=low_season,3,537,201,0.8786028334147533,0.7272727272727273,0.9594528578407425,0.12686567164179105,0.04477611940298507,0.15920398009950248,f1_regret_bnd,0.5780189959294437,0.5897207367795603,-0.011701740850116549,True,L1_VisitorType=returning|L2_Month=low_season
L1_VisitorType=returning|L2_Month=low_season|L3_Region=region_5_plus,L1_VisitorType=returning|L2_Month=low_season,3,413,172,0.8703947368421052,0.8421052631578948,0.9815789473684211,0.09593023255813954,0.05232558139534884,0.10465116279069768,f1_regret_bnd,0.7200122399020807,0.5897207367795603,0.13029150312252047,False,L1_VisitorType=returning|L2_Month=low_season|L3_Region=region_5_plus
L1_VisitorType=returning|L2_Month=mid_season|L3_Region=region_1_2,L1_VisitorType=returning|L2_Month=mid_season,3,1218,531,0.8205640683988452,0.6518518518518518,0.9489969649863055,0.160075329566855,0.064030131826742,0.14689265536723164,f1_regret_bnd,0.4597614563716258,0.4132730015082956,0.0464884548633302,False,L1_VisitorType=returning|L2_Month=mid_season|L3_Region=region_1_2
L1_VisitorType=returning|L2_Month=mid_season|L3_Region=region_3_4,L1_VisitorType=returning|L2_Month=mid_season,3,837,327,0.8263746505125815,0.6236559139784947,0.9440820130475303,0.1743119266055046,0.04281345565749235,0.1712538226299694,f1_regret_bnd,0.42793725954424394,0.4132730015082956,0.014664258035948341,False,L1_VisitorType=returning|L2_Month=mid_season|L3_Region=region_3_4
L1_VisitorType=returning|L2_Month=mid_season|L3_Region=region_5_plus,L1_VisitorType=returning|L2_Month=mid_season,3,617,254,0.8458333333333333,0.6666666666666667,0.9643115942028986,0.10236220472440945,0.05511811023622047,0.12992125984251968,f1_regret_bnd,0.5367454068241471,0.4132730015082956,0.12347240531585146,False,L1_VisitorType=returning|L2_Month=mid_season|L3_Region=region_5_plus
