dataset,metric,gain
Adult,BND_ratio,0.0
Adult,BND_ratio,0.1254681647940074
Adult,BND_ratio,0.0655737704918032
Adult,BND_ratio,-0.006451612903225809
Adult,BND_ratio,0.06703910614525138
Adult,BND_ratio,0.0
Adult,BND_ratio,-0.0031446540880503
Adult,BND_ratio,0.0
Adult,BND_ratio,0.0103806228373702
Adult,BND_ratio,0.0
Adult,BND_ratio,0.0551181102362205
Adult,BND_ratio,0.09722222222222218
Adult,BND_ratio,0.09523809523809518
Adult,BND_ratio,0.062937062937063
Adult,BND_ratio,0.19375
Adult,BND_ratio,0.08823529411764709
Adult,BND_ratio,0.055045871559632996
Adult,BND_ratio,-0.09900990099009901
Adult,BND_ratio,0.027027027027026987
Adult,BND_ratio,0.02777777777777779
Adult,BND_ratio,0.11111111111111109
Adult,BND_ratio,-0.0092592592592593
Adult,BND_ratio,0.0208333333333333
Adult,BND_ratio,0.07692307692307701
Adult,BND_ratio,-0.060606060606060594
Adult,BND_ratio,0.0526315789473684
Adult,BND_ratio,-0.2105263157894736
Adult,BND_ratio,0.0869565217391304
Adult,BND_ratio,0.0
Adult,BND_ratio,0.0
Adult,BND_ratio,0.021276595744680896
Adult,BND_ratio,0.0
Adult,BND_ratio,0.0
Adult,BND_ratio,0.0
Adult,BND_ratio,-0.09756097560975602
Adult,BND_ratio,0.0
Adult,BND_ratio,0.13043478260869562
Adult,BND_ratio,-0.030015797788309706
Adult,BND_ratio,0.0
Adult,BND_ratio,-0.05458089668615991
Adult,BND_ratio,-0.0089485458612975
Adult,BND_ratio,0.0
Adult,BND_ratio,-0.0679611650485437
Adult,BND_ratio,0.0
Adult,BND_ratio,0.0
Adult,BND_ratio,0.0
Adult,BND_ratio,0.0
Adult,BND_ratio,0.0
Adult,BND_ratio,-0.1991341991341992
Adult,BND_ratio,0.0
Adult,BND_ratio,0.0
Adult,BND_ratio,-0.0394736842105263
Adult,BND_ratio,-0.18000000000000002
Adult,BND_ratio,-0.017699115044247798
Adult,BND_ratio,0.0
Adult,BND_ratio,0.0
Adult,BND_ratio,-0.06603773584905659
Adult,BND_ratio,-0.0350877192982456
Adult,BND_ratio,0.0
Adult,BND_ratio,0.0
Adult,BND_ratio,0.0
Adult,BND_ratio,-0.13114754098360648
Adult,BND_ratio,0.0
Adult,BND_ratio,0.0
Adult,BND_ratio,0.0
Adult,BND_ratio,0.0
Adult,BND_ratio,0.0
Adult,BND_ratio,0.0
Adult,BND_ratio,0.0
Adult,BND_ratio,0.0
Adult,BND_ratio,0.0
Adult,BND_ratio,0.0
Adult,BND_ratio,-0.0357142857142857
Adult,BND_ratio,-0.0909090909090909
Adult,BND_ratio,-0.12098009188361408
Adult,BND_ratio,0.0
Adult,BND_ratio,-0.0521415270018622
Adult,BND_ratio,-0.010940919037199102
Adult,BND_ratio,0.0
Adult,BND_ratio,-0.0033898305084745922
Adult,BND_ratio,0.0
Adult,BND_ratio,-0.0168918918918918
Adult,BND_ratio,0.014336917562724
Adult,BND_ratio,0.0
Adult,BND_ratio,0.0
Adult,BND_ratio,-0.004291845493562194
Adult,BND_ratio,0.0
Adult,BND_ratio,0.0
Adult,BND_ratio,-0.02189781021897809
Adult,BND_ratio,0.036231884057970995
Adult,BND_ratio,-0.051724137931034496
Adult,BND_ratio,0.0
Adult,BND_ratio,-0.03571428571428569
Adult,BND_ratio,-0.009009009009009
Adult,BND_ratio,-0.029126213592233
Adult,BND_ratio,-0.2109375
Adult,BND_ratio,0.0
Adult,BND_ratio,-0.10989010989010989
Adult,BND_ratio,-0.1212121212121212
Adult,BND_ratio,0.0
Adult,BND_ratio,-0.055555555555555594
Adult,BND_ratio,0.0
Adult,BND_ratio,-0.0612244897959183
Adult,BND_ratio,-0.0161290322580645
Adult,BND_ratio,-0.1521739130434783
Adult,BND_ratio,0.0
Adult,BND_ratio,0.0
Adult,BND_ratio,-0.4444444444444444
Adult,BND_ratio,0.0
Adult,BND_ratio,0.0
Adult,BND_ratio,-0.04
Adult,BND_ratio,0.0
Adult,BND_ratio,0.1221804511278196
Adult,BND_ratio,0.0650095602294456
Adult,BND_ratio,0.0
Adult,BND_ratio,0.0
Adult,BND_ratio,0.0
Adult,BND_ratio,0.003003003003003
Adult,BND_ratio,0.036144578313253004
Adult,BND_ratio,0.0034246575342465
Adult,BND_ratio,0.0040485829959514
Adult,BND_ratio,0.0526315789473685
Adult,BND_ratio,0.0
Adult,BND_ratio,0.06989247311827959
Adult,BND_ratio,0.0
Adult,BND_ratio,0.0
Adult,BND_ratio,-0.04065040650406511
Adult,BND_ratio,0.008403361344537806
Adult,BND_ratio,0.0
Adult,BND_ratio,0.0
Adult,BND_ratio,0.04950495049504949
Adult,BND_ratio,0.0
Adult,BND_ratio,-0.062499999999999986
Adult,BND_ratio,0.038961038961039
Adult,BND_ratio,0.0
Adult,BND_ratio,0.0923076923076923
Adult,BND_ratio,0.0
Adult,BND_ratio,0.0
Adult,BND_ratio,0.0172413793103448
Adult,BND_ratio,0.0422535211267605
Adult,BND_ratio,0.038461538461538394
Adult,BND_ratio,-0.02272727272727279
Adult,BND_ratio,0.0
Adult,BND_ratio,0.0
Adult,BND_ratio,0.03846153846153849
Adult,BND_ratio,0.0
Adult,BND_ratio,0.0
Adult,BND_ratio,-0.031595576619273286
Adult,BND_ratio,0.0
Adult,BND_ratio,0.0
Adult,BND_ratio,0.057654075546719696
Adult,BND_ratio,0.0
Adult,BND_ratio,0.0
Adult,BND_ratio,-0.0034482758620689
Adult,BND_ratio,0.0
Adult,BND_ratio,-0.022727272727272797
Adult,BND_ratio,0.0
Adult,BND_ratio,0.024896265560165998
Adult,BND_ratio,0.0808080808080808
Adult,BND_ratio,0.0
Adult,BND_ratio,0.050314465408805
Adult,BND_ratio,0.13461538461538458
Adult,BND_ratio,0.017391304347826098
Adult,BND_ratio,0.0275229357798165
Adult,BND_ratio,0.0761904761904762
Adult,BND_ratio,-0.020618556701030896
Adult,BND_ratio,0.0
Adult,BND_ratio,0.1008403361344537
Adult,BND_ratio,0.0
Adult,BND_ratio,-0.0638297872340426
Adult,BND_ratio,0.0
Adult,BND_ratio,0.0307692307692308
Adult,BND_ratio,0.0
Adult,BND_ratio,0.0
Adult,BND_ratio,0.0
Adult,BND_ratio,0.08163265306122451
Adult,BND_ratio,0.0
Adult,BND_ratio,0.0588235294117647
Adult,BND_ratio,0.0
Adult,BND_ratio,0.0
Adult,BND_ratio,-0.1481481481481482
Adult,BND_ratio,0.0333333333333333
Adult,BND_ratio,0.0
Adult,BND_ratio,0.039999999999999994
Bank,BND_ratio,0.0428156748911466
Bank,BND_ratio,0.0
Bank,BND_ratio,0.0982142857142857
Bank,BND_ratio,0.0730593607305936
Bank,BND_ratio,0.0264227642276423
Bank,BND_ratio,0.0
Bank,BND_ratio,0.0217391304347826
Bank,BND_ratio,0.052631578947368404
Bank,BND_ratio,0.015822784810126604
Bank,BND_ratio,0.0
Bank,BND_ratio,0.03731343283582089
Bank,BND_ratio,0.04477611940298501
Bank,BND_ratio,0.044198895027624294
Bank,BND_ratio,0.0
Bank,BND_ratio,0.0463917525773195
Bank,BND_ratio,0.07103825136612021
Bank,BND_ratio,0.0186335403726708
Bank,BND_ratio,0.2246376811594203
Bank,BND_ratio,0.0555555555555555
Bank,BND_ratio,0.10679611650485439
Bank,BND_ratio,0.0542635658914728
Bank,BND_ratio,-0.0824742268041237
Bank,BND_ratio,0.0897435897435897
Bank,BND_ratio,0.015625
Bank,BND_ratio,0.05633802816901409
Bank,BND_ratio,0.039999999999999994
Bank,BND_ratio,0.0317460317460317
Bank,BND_ratio,0.0
Bank,BND_ratio,-0.0535714285714286
Bank,BND_ratio,0.0384615384615385
Bank,BND_ratio,0.0338983050847457
Bank,BND_ratio,-0.01754385964912289
Bank,BND_ratio,0.021276595744680805
Bank,BND_ratio,-0.0363636363636364
Bank,BND_ratio,-0.020000000000000018
Bank,BND_ratio,0.0512820512820513
Bank,BND_ratio,-0.0909090909090909
Bank,BND_ratio,0.03125
Bank,BND_ratio,-0.0333333333333333
Bank,BND_ratio,0.0
Bank,BND_ratio,0.074074074074074
Bank,BND_ratio,0.0
Bank,BND_ratio,0.2105263157894737
Bank,BND_ratio,0.1666666666666666
Bank,BND_ratio,0.0
Bank,BND_ratio,0.0
Bank,BND_ratio,0.16666666666666669
Bank,BND_ratio,0.0
Bank,BND_ratio,0.1666666666666666
Bank,BND_ratio,0.0
Bank,BND_ratio,0.125
Bank,BND_ratio,0.0
Bank,BND_ratio,0.0
Bank,BND_ratio,0.1111111111111111
Bank,BND_ratio,0.1428571428571428
Bank,BND_ratio,0.0
Bank,BND_ratio,0.4285714285714285
Bank,BND_ratio,0.0
Bank,BND_ratio,0.2
Bank,BND_ratio,-0.0602409638554217
Bank,BND_ratio,0.0
Bank,BND_ratio,0.0260736196319018
Bank,BND_ratio,-0.038961038961039
Bank,BND_ratio,-0.035433070866141794
Bank,BND_ratio,-0.0504587155963303
Bank,BND_ratio,0.0
Bank,BND_ratio,-0.0239651416122005
Bank,BND_ratio,0.023648648648648702
Bank,BND_ratio,-0.0103092783505154
Bank,BND_ratio,-0.019379844961240303
Bank,BND_ratio,0.0226415094339623
Bank,BND_ratio,0.017441860465116303
Bank,BND_ratio,0.028735632183908
Bank,BND_ratio,0.0196078431372549
Bank,BND_ratio,0.022857142857142895
Bank,BND_ratio,-0.020833333333333398
Bank,BND_ratio,0.00740740740740739
Bank,BND_ratio,0.0
Bank,BND_ratio,0.06140350877192981
Bank,BND_ratio,0.09009009009009009
Bank,BND_ratio,-0.013333333333333391
Bank,BND_ratio,0.0
Bank,BND_ratio,-0.014285714285714297
Bank,BND_ratio,0.11267605633802819
Bank,BND_ratio,0.0
Bank,BND_ratio,0.0
Bank,BND_ratio,0.0
Bank,BND_ratio,0.018518518518518497
Bank,BND_ratio,0.04761904761904759
Bank,BND_ratio,0.0
Bank,BND_ratio,0.0
Bank,BND_ratio,0.025974025974025997
Bank,BND_ratio,0.0
Bank,BND_ratio,-0.0444444444444444
Bank,BND_ratio,0.0
Bank,BND_ratio,0.0588235294117647
Bank,BND_ratio,0.03125
Bank,BND_ratio,0.032258064516129
Bank,BND_ratio,-0.16000000000000003
Bank,BND_ratio,0.15000000000000002
Bank,BND_ratio,0.0625
Bank,BND_ratio,0.05000000000000002
Bank,BND_ratio,0.0454545454545455
Bank,BND_ratio,0.05
Bank,BND_ratio,-0.0384615384615385
Bank,BND_ratio,-0.0769230769230769
Bank,BND_ratio,0.1428571428571428
Bank,BND_ratio,0.0
Bank,BND_ratio,0.0625
Bank,BND_ratio,0.0
Bank,BND_ratio,0.16666666666666669
Bank,BND_ratio,0.0
Bank,BND_ratio,-0.125
Bank,BND_ratio,0.0625
Bank,BND_ratio,0.0
Bank,BND_ratio,0.1666666666666666
Bank,BND_ratio,0.0
Bank,BND_ratio,0.04529855868222381
Bank,BND_ratio,0.0
Bank,BND_ratio,0.0790629575402636
Bank,BND_ratio,0.06639004149377599
Bank,BND_ratio,0.050847457627118606
Bank,BND_ratio,0.0
Bank,BND_ratio,0.025581395348837202
Bank,BND_ratio,0.0426966292134832
Bank,BND_ratio,0.020527859237536597
Bank,BND_ratio,0.0
Bank,BND_ratio,0.12015503875968989
Bank,BND_ratio,0.034615384615384596
Bank,BND_ratio,0.006024096385542188
Bank,BND_ratio,0.020547945205479395
Bank,BND_ratio,0.0104712041884817
Bank,BND_ratio,0.024691358024691405
Bank,BND_ratio,0.0
Bank,BND_ratio,0.07586206896551721
Bank,BND_ratio,0.10365853658536589
Bank,BND_ratio,0.0
Bank,BND_ratio,0.024793388429752095
Bank,BND_ratio,0.108695652173913
Bank,BND_ratio,0.0461538461538462
Bank,BND_ratio,0.0333333333333333
Bank,BND_ratio,0.0370370370370371
Bank,BND_ratio,0.0
Bank,BND_ratio,0.0
Bank,BND_ratio,0.0
Bank,BND_ratio,0.038461538461538505
Bank,BND_ratio,0.0266666666666667
Bank,BND_ratio,0.0
Bank,BND_ratio,0.0
Bank,BND_ratio,0.0697674418604651
Bank,BND_ratio,0.0377358490566037
Bank,BND_ratio,0.14
Bank,BND_ratio,-0.054054054054054
Bank,BND_ratio,-0.12121212121212119
Bank,BND_ratio,0.15625
Bank,BND_ratio,0.1428571428571428
Bank,BND_ratio,0.0
Bank,BND_ratio,0.2692307692307692
Bank,BND_ratio,0.0769230769230769
Bank,BND_ratio,-0.06666666666666671
Bank,BND_ratio,0.0
Bank,BND_ratio,0.0909090909090909
Bank,BND_ratio,0.043478260869565216
Bank,BND_ratio,0.0
Bank,BND_ratio,0.0
Bank,BND_ratio,-0.1666666666666667
Bank,BND_ratio,0.0
Bank,BND_ratio,0.0
Bank,BND_ratio,0.0
Bank,BND_ratio,-0.08333333333333331
Bank,BND_ratio,0.0
Bank,BND_ratio,0.1666666666666667
Bank,BND_ratio,0.2307692307692307
Bank,BND_ratio,0.0
Bank,BND_ratio,0.0
Bank,BND_ratio,0.0
Bank,BND_ratio,0.0769230769230769
Bank,BND_ratio,0.006988120195667399
Bank,BND_ratio,-0.003926701570680605
Bank,BND_ratio,-0.06113537117903929
Bank,BND_ratio,-0.024017467248908297
Bank,BND_ratio,0.0
Bank,BND_ratio,0.028017241379310297
Bank,BND_ratio,0.011737089201877993
Bank,BND_ratio,0.0277777777777778
Bank,BND_ratio,0.0
Bank,BND_ratio,0.0263157894736842
Bank,BND_ratio,0.057251908396946605
Bank,BND_ratio,0.0
Bank,BND_ratio,-0.0059523809523808965
Bank,BND_ratio,0.0271739130434782
Bank,BND_ratio,-0.04294478527607361
Bank,BND_ratio,-0.0153061224489796
Bank,BND_ratio,0.0
Bank,BND_ratio,0.0
Bank,BND_ratio,-0.014084507042253502
Bank,BND_ratio,0.2232142857142857
Bank,BND_ratio,0.054054054054054
Bank,BND_ratio,0.0843373493975904
Bank,BND_ratio,0.011363636363636402
Bank,BND_ratio,0.014285714285714304
Bank,BND_ratio,0.028169014084507
Bank,BND_ratio,0.0535714285714285
Bank,BND_ratio,0.0158730158730159
Bank,BND_ratio,-0.028571428571428498
Bank,BND_ratio,-0.0925925925925927
Bank,BND_ratio,-0.0151515151515152
Bank,BND_ratio,0.0
Bank,BND_ratio,0.0307692307692308
Bank,BND_ratio,-0.0566037735849056
Bank,BND_ratio,0.02
Bank,BND_ratio,-0.15
Bank,BND_ratio,0.0
Bank,BND_ratio,0.04878048780487801
Bank,BND_ratio,0.0588235294117647
Bank,BND_ratio,0.0
Bank,BND_ratio,-0.1
Bank,BND_ratio,-0.09999999999999999
Bank,BND_ratio,0.0
Bank,BND_ratio,0.0
Bank,BND_ratio,0.0
Bank,BND_ratio,0.0
Bank,BND_ratio,-0.0454545454545454
Bank,BND_ratio,0.0
Bank,BND_ratio,0.0
Bank,BND_ratio,0.0
Bank,BND_ratio,0.0
Bank,BND_ratio,0.0
Bank,BND_ratio,0.0
Bank,BND_ratio,0.6666666666666666
Bank,BND_ratio,0.0
Bank,BND_ratio,0.0
Bank,BND_ratio,0.0
Bank,BND_ratio,0.0
Bank,BND_ratio,0.0
Bank,BND_ratio,0.0
Bank,BND_ratio,0.0
Bank,BND_ratio,0.0
Bank,BND_ratio,0.0336473755047106
Bank,BND_ratio,0.042274052478134094
Bank,BND_ratio,0.0775681341719077
Bank,BND_ratio,0.0
Bank,BND_ratio,0.0390455531453362
Bank,BND_ratio,0.1035294117647059
Bank,BND_ratio,0.0
Bank,BND_ratio,0.0
Bank,BND_ratio,0.020066889632106996
Bank,BND_ratio,-0.0544747081712062
Bank,BND_ratio,0.0344827586206896
Bank,BND_ratio,0.0
Bank,BND_ratio,0.015625
Bank,BND_ratio,-0.012578616352201206
Bank,BND_ratio,0.032894736842105296
Bank,BND_ratio,0.029069767441860496
Bank,BND_ratio,0.1544117647058823
Bank,BND_ratio,0.06790123456790119
Bank,BND_ratio,0.1219512195121951
Bank,BND_ratio,0.12096774193548392
Bank,BND_ratio,0.0941176470588235
Bank,BND_ratio,-0.045454545454545504
Bank,BND_ratio,0.0
Bank,BND_ratio,0.0
Bank,BND_ratio,0.05555555555555561
Bank,BND_ratio,0.0833333333333333
Bank,BND_ratio,0.0
Bank,BND_ratio,0.0862068965517242
Bank,BND_ratio,0.0677966101694916
Bank,BND_ratio,-0.03703703703703712
Bank,BND_ratio,-0.0454545454545455
Bank,BND_ratio,0.0
Bank,BND_ratio,0.016666666666666594
Bank,BND_ratio,0.169811320754717
Bank,BND_ratio,0.09375
Bank,BND_ratio,0.0263157894736842
Bank,BND_ratio,0.0
Bank,BND_ratio,0.0
Bank,BND_ratio,0.0
Bank,BND_ratio,0.1428571428571428
Bank,BND_ratio,0.0
Bank,BND_ratio,0.0
Bank,BND_ratio,0.0
Bank,BND_ratio,0.1428571428571428
Bank,BND_ratio,0.0
Bank,BND_ratio,0.0
Bank,BND_ratio,0.0
Bank,BND_ratio,0.0
Bank,BND_ratio,0.0
Bank,BND_ratio,0.0
Bank,BND_ratio,0.2222222222222222
Bank,BND_ratio,0.0
Bank,BND_ratio,0.0
Bank,BND_ratio,0.0
Bank,BND_ratio,0.0
Bank,BND_ratio,0.0
Bank,BND_ratio,0.0
Bank,BND_ratio,0.0
Bank,BND_ratio,0.0
Credit,BND_ratio,0.0598802395209581
Credit,BND_ratio,-0.0030511060259344053
Credit,BND_ratio,0.0
Credit,BND_ratio,0.0
Credit,BND_ratio,-0.11513157894736847
Credit,BND_ratio,0.0
Credit,BND_ratio,0.0503597122302158
Credit,BND_ratio,0.0
Credit,BND_ratio,0.07692307692307701
Credit,BND_ratio,0.1677577741407528
Credit,BND_ratio,0.0
Credit,BND_ratio,0.0
Credit,BND_ratio,0.0
Credit,BND_ratio,0.0254777070063694
Credit,BND_ratio,0.0587846763540291
Credit,BND_ratio,-0.0016168148746968092
Credit,BND_ratio,-0.006606110652353392
Credit,BND_ratio,0.2033492822966507
Credit,BND_ratio,0.3481989708404803
Credit,BND_ratio,0.265625
Credit,BND_ratio,0.0218978102189781
Credit,BND_ratio,-0.0045219638242894045
Credit,BND_ratio,0.0
Credit,BND_ratio,-0.00420521446593769
Credit,BND_ratio,-0.027744270205066313
Credit,BND_ratio,-0.07663551401869151
Credit,BND_ratio,0.0
Credit,BND_ratio,0.0390625
Credit,BND_ratio,0.0
Credit,BND_ratio,0.125
Credit,BND_ratio,0.0
Credit,BND_ratio,0.1495564005069709
Credit,BND_ratio,0.0
Credit,BND_ratio,0.0
Credit,BND_ratio,0.0314465408805031
Diabetic,BND_ratio,0.002226309166586
Diabetic,BND_ratio,0.0
Diabetic,BND_ratio,0.0
Diabetic,BND_ratio,-0.6746987951807231
Diabetic,BND_ratio,-0.42714819427148193
Diabetic,BND_ratio,0.0
Diabetic,BND_ratio,0.0
Diabetic,BND_ratio,0.0
Diabetic,BND_ratio,0.0
Diabetic,BND_ratio,-0.5394736842105263
Diabetic,BND_ratio,0.0
Diabetic,BND_ratio,0.0
Diabetic,BND_ratio,0.0
Diabetic,BND_ratio,-0.55
Diabetic,BND_ratio,-0.012987012987012991
Diabetic,BND_ratio,0.0
Diabetic,BND_ratio,0.4626865671641792
Diabetic,BND_ratio,0.0025403028822667
Diabetic,BND_ratio,0.0
Diabetic,BND_ratio,0.0
Diabetic,BND_ratio,-0.7267497603068074
Diabetic,BND_ratio,-0.5137614678899083
Diabetic,BND_ratio,0.3970588235294118
Diabetic,BND_ratio,0.0
Diabetic,BND_ratio,0.5761904761904761
Diabetic,BND_ratio,-0.3768844221105528
Diabetic,BND_ratio,0.0
Diabetic,BND_ratio,-0.4107142857142857
Diabetic,BND_ratio,-0.4516129032258065
Diabetic,BND_ratio,-0.6296296296296298
Diabetic,BND_ratio,-0.01052631578947369
Diabetic,BND_ratio,0.3235294117647058
Diabetic,BND_ratio,0.0
Diabetic,BND_ratio,0.0
Diabetic,BND_ratio,0.0
Diabetic,BND_ratio,0.0019258545979778
Diabetic,BND_ratio,0.0
Diabetic,BND_ratio,0.0
Diabetic,BND_ratio,-0.7549325025960542
Diabetic,BND_ratio,-0.5495978552278822
Diabetic,BND_ratio,-0.18918918918918926
Diabetic,BND_ratio,0.0
Diabetic,BND_ratio,-0.1298076923076923
Diabetic,BND_ratio,-0.3771428571428572
Diabetic,BND_ratio,-0.5442176870748299
Diabetic,BND_ratio,0.0204081632653061
Diabetic,BND_ratio,0.0
Diabetic,BND_ratio,0.0
Diabetic,BND_ratio,0.0
Diabetic,BND_ratio,-0.07246376811594202
Diabetic,BND_ratio,-0.042857142857142816
Diabetic,BND_ratio,0.0
Diabetic,BND_ratio,0.003364414111314
Diabetic,BND_ratio,-0.0010111223458037985
Diabetic,BND_ratio,-0.021970233876683204
Diabetic,BND_ratio,-0.7884615384615384
Diabetic,BND_ratio,-0.625
Diabetic,BND_ratio,0.13636363636363635
Diabetic,BND_ratio,0.0
Diabetic,BND_ratio,0.13744075829383884
Diabetic,BND_ratio,0.0
Diabetic,BND_ratio,-0.5407407407407407
Diabetic,BND_ratio,0.0
Diabetic,BND_ratio,-0.44303797468354433
Diabetic,BND_ratio,0.0
Diabetic,BND_ratio,0.0
Diabetic,BND_ratio,0.44155844155844154
Diabetic,BND_ratio,0.3230769230769231
Diabetic,BND_ratio,0.0
Diabetic,BND_ratio,0.0
Diabetic,BND_ratio,0.002228466233892
Diabetic,BND_ratio,0.0
Diabetic,BND_ratio,0.0
Diabetic,BND_ratio,-0.832820512820513
Diabetic,BND_ratio,-0.5886332882273343
Diabetic,BND_ratio,0.15547703180212014
Diabetic,BND_ratio,0.0
Diabetic,BND_ratio,0.10434782608695659
Diabetic,BND_ratio,-0.36094674556213024
Diabetic,BND_ratio,0.0
Diabetic,BND_ratio,0.0
Diabetic,BND_ratio,0.0
Diabetic,BND_ratio,0.0
Diabetic,BND_ratio,-0.7040816326530612
Diabetic,BND_ratio,0.0
Diabetic,BND_ratio,-0.08620689655172409
Diabetic,BND_ratio,-0.2777777777777778
Diabetic,BND_ratio,0.0
Hospital,BND_ratio,0.0
Hospital,BND_ratio,-0.35185185185185186
Hospital,BND_ratio,0.0
Hospital,BND_ratio,-0.0059171597633136015
Hospital,BND_ratio,0.0
Hospital,BND_ratio,-0.072992700729927
Hospital,BND_ratio,0.0
Hospital,BND_ratio,-0.4358974358974359
Hospital,BND_ratio,0.0235294117647058
Hospital,BND_ratio,-0.3789473684210526
Hospital,BND_ratio,0.0289855072463768
Hospital,BND_ratio,-0.125
Hospital,BND_ratio,0.0125
Hospital,BND_ratio,0.0
Hospital,BND_ratio,-0.2142857142857143
Hospital,BND_ratio,-0.7945205479452054
Hospital,BND_ratio,0.0
Hospital,BND_ratio,-0.32857142857142857
Hospital,BND_ratio,-0.4242424242424242
Hospital,BND_ratio,-0.3488372093023256
Hospital,BND_ratio,-0.1864406779661017
Hospital,BND_ratio,0.0
Hospital,BND_ratio,0.0
Hospital,BND_ratio,0.0
Hospital,BND_ratio,-0.0909090909090909
Hospital,BND_ratio,0.0
Hospital,BND_ratio,0.0
Hospital,BND_ratio,0.0
Hospital,BND_ratio,0.0
Hospital,BND_ratio,-0.0909090909090909
Hospital,BND_ratio,0.0
Hospital,BND_ratio,0.0
Hospital,BND_ratio,0.08813559322033901
Hospital,BND_ratio,0.18181818181818182
Hospital,BND_ratio,0.083916083916084
Hospital,BND_ratio,0.007092198581560294
Hospital,BND_ratio,0.2113821138211382
Hospital,BND_ratio,0.0
Hospital,BND_ratio,0.0
Hospital,BND_ratio,0.09473684210526319
Hospital,BND_ratio,0.1358024691358024
Hospital,BND_ratio,0.1756756756756757
Hospital,BND_ratio,0.0533333333333333
Hospital,BND_ratio,0.1285714285714286
Hospital,BND_ratio,0.01666666666666672
Hospital,BND_ratio,0.2058823529411764
Hospital,BND_ratio,0.0
Hospital,BND_ratio,0.2903225806451613
Hospital,BND_ratio,0.10256410256410259
Hospital,BND_ratio,0.0416666666666666
Hospital,BND_ratio,0.11627906976744189
Hospital,BND_ratio,0.0
Hospital,BND_ratio,0.0
Hospital,BND_ratio,0.0697674418604651
Hospital,BND_ratio,0.09375
Hospital,BND_ratio,0.1515151515151515
Hospital,BND_ratio,0.0689655172413793
Hospital,BND_ratio,0.1470588235294117
Hospital,BND_ratio,0.0
Hospital,BND_ratio,0.0
Hospital,BND_ratio,0.0013149243918474107
Hospital,BND_ratio,0.0
Hospital,BND_ratio,0.06956521739130431
Hospital,BND_ratio,0.1575757575757575
Hospital,BND_ratio,0.0709677419354838
Hospital,BND_ratio,-0.119047619047619
Hospital,BND_ratio,0.0
Hospital,BND_ratio,0.0
Hospital,BND_ratio,0.0
Hospital,BND_ratio,0.0
Hospital,BND_ratio,0.1264367816091954
Hospital,BND_ratio,-0.5151515151515151
Hospital,BND_ratio,0.0769230769230769
Hospital,BND_ratio,0.1428571428571428
Hospital,BND_ratio,0.31666666666666665
Hospital,BND_ratio,0.0196078431372549
Hospital,BND_ratio,0.0
Hospital,BND_ratio,0.0
Hospital,BND_ratio,0.0864197530864198
Hospital,BND_ratio,0.29166666666666674
Hospital,BND_ratio,0.0892857142857142
Hospital,BND_ratio,-0.2040816326530613
Hospital,BND_ratio,0.0
Hospital,BND_ratio,-0.0857142857142857
Hospital,BND_ratio,0.05263157894736842
Hospital,BND_ratio,0.125
Hospital,BND_ratio,0.119047619047619
Hospital,BND_ratio,0.0526315789473684
Hospital,BND_ratio,0.0
Hospital,BND_ratio,0.0
Hospital,BND_ratio,0.0555555555555555
Hospital,BND_ratio,0.10051546391752571
Hospital,BND_ratio,0.0011695906432749037
Hospital,BND_ratio,0.0896551724137931
Hospital,BND_ratio,-0.1726618705035971
Hospital,BND_ratio,0.1021897810218978
Hospital,BND_ratio,0.0
Hospital,BND_ratio,0.19298245614035078
Hospital,BND_ratio,0.11578947368421058
Hospital,BND_ratio,-0.08403361344537807
Hospital,BND_ratio,-0.2924528301886793
Hospital,BND_ratio,0.0
Hospital,BND_ratio,0.0
Hospital,BND_ratio,-0.16666666666666669
Hospital,BND_ratio,0.14285714285714282
Hospital,BND_ratio,0.1351351351351351
Hospital,BND_ratio,0.0655737704918032
Hospital,BND_ratio,0.1884057971014492
Hospital,BND_ratio,-0.2741935483870968
Hospital,BND_ratio,0.1481481481481481
Hospital,BND_ratio,0.1568627450980392
Hospital,BND_ratio,0.3220338983050848
Hospital,BND_ratio,0.0958904109589041
Hospital,BND_ratio,0.04081632653061219
Hospital,BND_ratio,0.0434782608695652
Hospital,BND_ratio,0.027777777777777797
Hospital,BND_ratio,0.1590909090909091
Hospital,BND_ratio,0.1555555555555556
Hospital,BND_ratio,0.1034482758620689
Hospital,BND_ratio,0.0
Hospital,BND_ratio,-0.1304347826086957
Hospital,BND_ratio,0.1003194888178914
Hospital,BND_ratio,0.166865315852205
Hospital,BND_ratio,0.0
Hospital,BND_ratio,0.0
Hospital,BND_ratio,0.0
Hospital,BND_ratio,0.0
Hospital,BND_ratio,0.0
Hospital,BND_ratio,0.12121212121212119
Hospital,BND_ratio,0.19791666666666669
Hospital,BND_ratio,0.1226415094339623
Hospital,BND_ratio,0.0769230769230769
Hospital,BND_ratio,-0.1830985915492958
Hospital,BND_ratio,0.0434782608695652
Hospital,BND_ratio,-0.15517241379310343
Hospital,BND_ratio,0.0
Hospital,BND_ratio,0.0
Hospital,BND_ratio,-0.016129032258064502
Hospital,BND_ratio,0.1304347826086956
Hospital,BND_ratio,0.1147540983606557
Hospital,BND_ratio,0.3137254901960784
Hospital,BND_ratio,0.0508474576271186
Hospital,BND_ratio,-0.036363636363636404
Hospital,BND_ratio,0.055555555555555594
Hospital,BND_ratio,0.0
Hospital,BND_ratio,0.1351351351351351
Hospital,BND_ratio,0.0571428571428571
Hospital,BND_ratio,0.0
Hospital,BND_ratio,0.0697674418604651
Hospital,BND_ratio,0.0
Hospital,BND_ratio,0.0740740740740741
Shopper,BND_ratio,-0.08077994428969361
Shopper,BND_ratio,-0.022662889518413602
Shopper,BND_ratio,-0.011194029850746297
Shopper,BND_ratio,-0.0663716814159292
Shopper,BND_ratio,0.003952569169960403
Shopper,BND_ratio,-0.005649717514124297
Shopper,BND_ratio,0.12
Shopper,BND_ratio,-0.019230769230769294
Shopper,BND_ratio,-0.027777777777777797
Shopper,BND_ratio,0.1917808219178082
Shopper,BND_ratio,-0.038461538461538394
Shopper,BND_ratio,0.0833333333333333
Shopper,BND_ratio,0.0
Shopper,BND_ratio,0.0
Shopper,BND_ratio,0.0
Shopper,BND_ratio,-0.0714285714285714
Shopper,BND_ratio,0.0
Shopper,BND_ratio,-0.04
Shopper,BND_ratio,-0.03125
Shopper,BND_ratio,0.0
Shopper,BND_ratio,0.0
Shopper,BND_ratio,0.0
Shopper,BND_ratio,-0.0162162162162162
Shopper,BND_ratio,0.0
Shopper,BND_ratio,0.0
Shopper,BND_ratio,0.08636363636363639
Shopper,BND_ratio,0.0
Shopper,BND_ratio,-0.037500000000000006
Shopper,BND_ratio,-0.0723684210526316
Shopper,BND_ratio,0.0
Shopper,BND_ratio,0.1142857142857143
Shopper,BND_ratio,0.0816326530612245
Shopper,BND_ratio,0.0212765957446808
Shopper,BND_ratio,0.0
Shopper,BND_ratio,0.09090909090909091
Shopper,BND_ratio,0.1627906976744186
Shopper,BND_ratio,0.0625
Shopper,BND_ratio,0.0
Shopper,BND_ratio,0.0416666666666666
Shopper,BND_ratio,0.0
Shopper,BND_ratio,0.0
Shopper,BND_ratio,0.0
Shopper,BND_ratio,0.0
Shopper,BND_ratio,-0.0204081632653061
Shopper,BND_ratio,0.0
Shopper,BND_ratio,0.0
Shopper,BND_ratio,0.0
Shopper,BND_ratio,-0.010416666666666598
Shopper,BND_ratio,0.047058823529411806
Shopper,BND_ratio,0.0
Shopper,BND_ratio,0.0
Shopper,BND_ratio,-0.09523809523809529
Shopper,BND_ratio,0.0
Shopper,BND_ratio,0.0
Shopper,BND_ratio,0.0
Shopper,BND_ratio,0.0
Shopper,BND_ratio,0.0
Shopper,BND_ratio,0.0
Shopper,BND_ratio,0.0
Shopper,BND_ratio,-0.0625
Shopper,BND_ratio,0.1034482758620689
Shopper,BND_ratio,0.0
Shopper,BND_ratio,0.0
Shopper,BND_ratio,0.0
Shopper,BND_ratio,-0.034482758620689696
Shopper,BND_ratio,-0.025547445255474397
Shopper,BND_ratio,-0.013574660633484198
Shopper,BND_ratio,0.0
Shopper,BND_ratio,-0.051948051948052
Shopper,BND_ratio,0.0
Shopper,BND_ratio,-0.136986301369863
Shopper,BND_ratio,-0.0720720720720721
Shopper,BND_ratio,0.1805555555555555
Shopper,BND_ratio,0.0
Shopper,BND_ratio,0.0
Shopper,BND_ratio,0.0
Shopper,BND_ratio,0.0
Shopper,BND_ratio,0.0
Shopper,BND_ratio,0.0
Shopper,BND_ratio,0.0
Shopper,BND_ratio,0.0434782608695652
Shopper,BND_ratio,0.0
Shopper,BND_ratio,0.0
Shopper,BND_ratio,0.0
Shopper,BND_ratio,-0.015189873417721503
Shopper,BND_ratio,0.0
Shopper,BND_ratio,0.0
Shopper,BND_ratio,0.0
Shopper,BND_ratio,0.012096774193548404
Shopper,BND_ratio,0.0
Shopper,BND_ratio,0.026315789473684292
Shopper,BND_ratio,-0.012499999999999997
Shopper,BND_ratio,-0.0666666666666666
Shopper,BND_ratio,0.0897435897435897
Shopper,BND_ratio,-0.023809523809523794
Shopper,BND_ratio,0.0
Shopper,BND_ratio,-0.057142857142857106
Shopper,BND_ratio,-0.0227272727272727
Shopper,BND_ratio,-0.06060606060606061
Shopper,BND_ratio,0.0
Shopper,BND_ratio,0.0
Shopper,BND_ratio,0.0416666666666666
Shopper,BND_ratio,0.0
Shopper,BND_ratio,0.0588235294117647
Shopper,BND_ratio,0.0
Telco,BND_ratio,-0.0161290322580645
Telco,BND_ratio,0.0
Telco,BND_ratio,-0.030075187969924796
Telco,BND_ratio,0.0348837209302325
Telco,BND_ratio,0.0357142857142857
Telco,BND_ratio,0.0
Telco,BND_ratio,0.282051282051282
Telco,BND_ratio,-0.0151515151515152
Telco,BND_ratio,-0.15254237288135591
Telco,BND_ratio,0.126984126984127
Telco,BND_ratio,0.0
Telco,BND_ratio,0.0
Telco,BND_ratio,0.033333333333333326
Telco,BND_ratio,0.1395348837209302
Telco,BND_ratio,0.0
Telco,BND_ratio,0.0
Telco,BND_ratio,0.06666666666666671
Telco,BND_ratio,0.0
Telco,BND_ratio,0.0833333333333333
Telco,BND_ratio,0.0526315789473684
Telco,BND_ratio,0.1538461538461538
Telco,BND_ratio,0.0
Telco,BND_ratio,0.0
Telco,BND_ratio,0.0
Telco,BND_ratio,0.005181347150259
Telco,BND_ratio,0.0
Telco,BND_ratio,-0.04166666666666671
Telco,BND_ratio,-0.1428571428571429
Telco,BND_ratio,0.026315789473684202
Telco,BND_ratio,-0.29870129870129875
Telco,BND_ratio,0.0
Telco,BND_ratio,-0.014084507042253502
Telco,BND_ratio,0.0
Telco,BND_ratio,0.0
Telco,BND_ratio,0.0
Telco,BND_ratio,0.0
Telco,BND_ratio,-0.17073170731707316
Telco,BND_ratio,-0.023255813953488386
Telco,BND_ratio,0.0
Telco,BND_ratio,0.0
Telco,BND_ratio,0.125
Telco,BND_ratio,0.0
Telco,BND_ratio,0.0
Telco,BND_ratio,-0.0833333333333333
Telco,BND_ratio,-0.2222222222222223
Telco,BND_ratio,0.2857142857142857
Telco,BND_ratio,-0.06666666666666671
Telco,BND_ratio,0.0
Telco,BND_ratio,0.0055555555555555
Telco,BND_ratio,0.15217391304347822
Telco,BND_ratio,-0.021428571428571505
Telco,BND_ratio,-0.1123595505617977
Telco,BND_ratio,-0.2857142857142858
Telco,BND_ratio,0.0
Telco,BND_ratio,0.0
Telco,BND_ratio,0.0
Telco,BND_ratio,0.0
Telco,BND_ratio,0.0
Telco,BND_ratio,0.0
Telco,BND_ratio,0.0
Telco,BND_ratio,0.0
Telco,BND_ratio,-0.2093023255813953
Telco,BND_ratio,0.0
Telco,BND_ratio,0.0
Telco,BND_ratio,0.0526315789473684
Telco,BND_ratio,0.0
Telco,BND_ratio,0.0
Telco,BND_ratio,0.0
Telco,BND_ratio,0.0
Telco,BND_ratio,0.0
Telco,BND_ratio,0.0
Telco,BND_ratio,0.0
Telco,BND_ratio,0.0
Telco,BND_ratio,0.0
Telco,BND_ratio,0.0
Telco,BND_ratio,-0.0133333333333333
Telco,BND_ratio,0.0
Telco,BND_ratio,-0.01785714285714289
Telco,BND_ratio,0.0
Telco,BND_ratio,0.07575757575757569
Telco,BND_ratio,0.0
Telco,BND_ratio,-0.3055555555555555
Telco,BND_ratio,0.0
Telco,BND_ratio,-0.3142857142857143
Telco,BND_ratio,0.0
Telco,BND_ratio,0.0
Telco,BND_ratio,0.0
Telco,BND_ratio,0.0
Telco,BND_ratio,0.0
Telco,BND_ratio,0.0
Telco,BND_ratio,0.0
Telco,BND_ratio,0.0
Telco,BND_ratio,-0.14285714285714288
Telco,BND_ratio,0.0
Telco,BND_ratio,0.0
Telco,BND_ratio,0.0055555555555555
Telco,BND_ratio,-0.15625
Telco,BND_ratio,0.204225352112676
Telco,BND_ratio,0.0952380952380952
Telco,BND_ratio,0.0
Telco,BND_ratio,0.1264367816091954
Telco,BND_ratio,-0.0253164556962025
Telco,BND_ratio,0.0
Telco,BND_ratio,-0.09615384615384623
Telco,BND_ratio,0.0
Telco,BND_ratio,-0.09859154929577468
Telco,BND_ratio,0.0
Telco,BND_ratio,-0.326530612244898
Telco,BND_ratio,0.0
Telco,BND_ratio,0.0
Telco,BND_ratio,-0.0263157894736842
Telco,BND_ratio,0.0
Telco,BND_ratio,0.0
Telco,BND_ratio,0.0
Telco,BND_ratio,0.0384615384615384
Telco,BND_ratio,0.0
Telco,BND_ratio,-0.0625
Telco,BND_ratio,0.0714285714285714
Telco,BND_ratio,-0.1
WeatherAUS,BND_ratio,0.027422303473491796
WeatherAUS,BND_ratio,0.0
WeatherAUS,BND_ratio,0.0
WeatherAUS,BND_ratio,0.0
WeatherAUS,BND_ratio,-0.046272493573264795
WeatherAUS,BND_ratio,0.0
WeatherAUS,BND_ratio,0.0
WeatherAUS,BND_ratio,0.0
WeatherAUS,BND_ratio,0.1158536585365854
WeatherAUS,BND_ratio,0.0
WeatherAUS,BND_ratio,0.0
WeatherAUS,BND_ratio,0.0
WeatherAUS,BND_ratio,0.0
WeatherAUS,BND_ratio,0.0
WeatherAUS,BND_ratio,0.0968858131487889
WeatherAUS,BND_ratio,0.09225092250922509
WeatherAUS,BND_ratio,0.0
WeatherAUS,BND_ratio,-0.12601626016260167
WeatherAUS,BND_ratio,0.0
WeatherAUS,BND_ratio,0.0291970802919708
WeatherAUS,BND_ratio,0.0378006872852234
WeatherAUS,BND_ratio,0.13993174061433442
WeatherAUS,BND_ratio,0.0
WeatherAUS,BND_ratio,0.074468085106383
WeatherAUS,BND_ratio,0.1312741312741313
WeatherAUS,BND_ratio,-0.0339622641509434
WeatherAUS,BND_ratio,0.0
WeatherAUS,BND_ratio,0.12222222222222219
WeatherAUS,BND_ratio,0.0
WeatherAUS,BND_ratio,0.025089605734767
WeatherAUS,BND_ratio,0.0
WeatherAUS,BND_ratio,0.0
WeatherAUS,BND_ratio,-0.0836820083682009
WeatherAUS,BND_ratio,0.012552301255230096
WeatherAUS,BND_ratio,0.0
WeatherAUS,BND_ratio,-0.1464435146443515
WeatherAUS,BND_ratio,-0.008695652173913104
WeatherAUS,BND_ratio,0.07239819004524889
WeatherAUS,BND_ratio,0.06878306878306881
WeatherAUS,BND_ratio,0.034482758620689696
WeatherAUS,BND_ratio,0.0
WeatherAUS,BND_ratio,0.0542986425339367
WeatherAUS,BND_ratio,0.0
WeatherAUS,BND_ratio,0.0
WeatherAUS,BND_ratio,0.0
WeatherAUS,BND_ratio,0.0
WeatherAUS,BND_ratio,0.0331753554502369
WeatherAUS,BND_ratio,0.0
WeatherAUS,BND_ratio,0.0
WeatherAUS,BND_ratio,0.1011904761904762
WeatherAUS,BND_ratio,0.1004784688995215
WeatherAUS,BND_ratio,-0.1735537190082645
WeatherAUS,BND_ratio,0.0548780487804878
WeatherAUS,BND_ratio,0.1875
WeatherAUS,BND_ratio,0.07647058823529419
WeatherAUS,BND_ratio,0.0
WeatherAUS,BND_ratio,0.0
WeatherAUS,BND_ratio,-0.0853658536585366
WeatherAUS,BND_ratio,0.0
WeatherAUS,BND_ratio,-0.07096774193548389
WeatherAUS,BND_ratio,-0.018633540372670898
WeatherAUS,BND_ratio,-0.0902255639097744
WeatherAUS,BND_ratio,0.0
WeatherAUS,BND_ratio,0.0552147239263804
WeatherAUS,BND_ratio,-0.1384615384615384
WeatherAUS,BND_ratio,0.0
WeatherAUS,BND_ratio,-0.13286713286713292
WeatherAUS,BND_ratio,0.052631578947368404
WeatherAUS,BND_ratio,0.0
WeatherAUS,BND_ratio,0.1612903225806451
WeatherAUS,BND_ratio,0.0
WeatherAUS,BND_ratio,0.039370078740157494
WeatherAUS,BND_ratio,0.087719298245614
WeatherAUS,BND_ratio,0.1367521367521368
WeatherAUS,BND_ratio,0.17708333333333331
WeatherAUS,BND_ratio,0.08163265306122451
WeatherAUS,BND_ratio,0.0
WeatherAUS,BND_ratio,0.0
WeatherAUS,BND_ratio,-0.009174311926605505
WeatherAUS,BND_ratio,-0.046875
WeatherAUS,BND_ratio,0.15702479338842978
WeatherAUS,BND_ratio,-0.103448275862069
WeatherAUS,BND_ratio,0.0
WeatherAUS,BND_ratio,0.0
WeatherAUS,BND_ratio,0.0
WeatherAUS,BND_ratio,0.0467289719626168
WeatherAUS,BND_ratio,0.0
WeatherAUS,BND_ratio,0.0
WeatherAUS,BND_ratio,-0.1375
WeatherAUS,BND_ratio,0.018018018018018
WeatherAUS,BND_ratio,0.0761904761904762
WeatherAUS,BND_ratio,-0.14736842105263162
WeatherAUS,BND_ratio,0.0
WeatherAUS,BND_ratio,0.0
WeatherAUS,BND_ratio,-0.0754716981132075
WeatherAUS,BND_ratio,0.0
WeatherAUS,BND_ratio,0.1052631578947368
WeatherAUS,BND_ratio,0.10989010989010989
WeatherAUS,BND_ratio,0.24489795918367352
WeatherAUS,BND_ratio,-0.10752688172043019
WeatherAUS,BND_ratio,0.18421052631578938
WeatherAUS,BND_ratio,0.1415929203539823
WeatherAUS,BND_ratio,0.0517241379310345
WeatherAUS,BND_ratio,0.0
WeatherAUS,BND_ratio,0.1458333333333334
WeatherAUS,BND_ratio,0.0121951219512195
WeatherAUS,BND_ratio,0.0
WeatherAUS,BND_ratio,0.119047619047619
WeatherAUS,BND_ratio,0.0
WeatherAUS,BND_ratio,0.0
WeatherAUS,BND_ratio,0.0625
WeatherAUS,BND_ratio,0.0
WeatherAUS,BND_ratio,0.0
WeatherAUS,BND_ratio,0.04761904761904759
WeatherAUS,BND_ratio,0.0
WeatherAUS,BND_ratio,0.13999999999999999
WeatherAUS,BND_ratio,0.0
WeatherAUS,BND_ratio,-0.010000000000000009
WeatherAUS,BND_ratio,0.0
WeatherAUS,BND_ratio,0.0
WeatherAUS,BND_ratio,-0.0380952380952381
WeatherAUS,BND_ratio,0.0
WeatherAUS,BND_ratio,0.1025641025641025
WeatherAUS,BND_ratio,-0.08108108108108109
WeatherAUS,BND_ratio,0.0
WeatherAUS,BND_ratio,0.0428571428571429
WeatherAUS,BND_ratio,0.0
WeatherAUS,BND_ratio,0.036144578313253004
WeatherAUS,BND_ratio,0.0
WeatherAUS,BND_ratio,0.0
WeatherAUS,BND_ratio,0.0
WeatherAUS,BND_ratio,0.019646365422396797
WeatherAUS,BND_ratio,0.0165094339622641
WeatherAUS,BND_ratio,0.0
WeatherAUS,BND_ratio,0.013888888888888899
WeatherAUS,BND_ratio,0.0
WeatherAUS,BND_ratio,-0.045045045045045085
WeatherAUS,BND_ratio,0.0
WeatherAUS,BND_ratio,0.0
WeatherAUS,BND_ratio,0.1022364217252396
WeatherAUS,BND_ratio,0.0
WeatherAUS,BND_ratio,0.0
WeatherAUS,BND_ratio,0.0
WeatherAUS,BND_ratio,0.0
WeatherAUS,BND_ratio,0.0
WeatherAUS,BND_ratio,-0.220532319391635
WeatherAUS,BND_ratio,0.0
WeatherAUS,BND_ratio,0.0
WeatherAUS,BND_ratio,0.0
WeatherAUS,BND_ratio,0.0
WeatherAUS,BND_ratio,-0.0625
WeatherAUS,BND_ratio,0.1070234113712374
WeatherAUS,BND_ratio,0.0
WeatherAUS,BND_ratio,0.0
WeatherAUS,BND_ratio,0.0080645161290323
WeatherAUS,BND_ratio,-0.1535836177474403
WeatherAUS,BND_ratio,0.0
WeatherAUS,BND_ratio,0.03255813953488371
WeatherAUS,BND_ratio,-0.02734375
WeatherAUS,BND_ratio,0.0
WeatherAUS,BND_ratio,0.0
WeatherAUS,BND_ratio,-0.09606986899563316
WeatherAUS,BND_ratio,0.0
WeatherAUS,BND_ratio,0.0
WeatherAUS,BND_ratio,-0.15238095238095242
WeatherAUS,BND_ratio,0.0
WeatherAUS,BND_ratio,0.0867579908675799
WeatherAUS,BND_ratio,0.0
WeatherAUS,BND_ratio,0.0
WeatherAUS,BND_ratio,0.0
WeatherAUS,BND_ratio,0.0
WeatherAUS,BND_ratio,0.1212121212121212
WeatherAUS,BND_ratio,-0.02450980392156861
WeatherAUS,BND_ratio,0.0639269406392694
WeatherAUS,BND_ratio,0.0351758793969849
WeatherAUS,BND_ratio,0.0
WeatherAUS,BND_ratio,0.11061946902654869
WeatherAUS,BND_ratio,0.0
WeatherAUS,BND_ratio,0.0
WeatherAUS,BND_ratio,0.0
WeatherAUS,BND_ratio,0.0
WeatherAUS,BND_ratio,0.015625
WeatherAUS,BND_ratio,0.1380952380952381
WeatherAUS,BND_ratio,0.0
WeatherAUS,BND_ratio,0.09042553191489369
WeatherAUS,BND_ratio,-0.0171428571428571
WeatherAUS,BND_ratio,0.0
WeatherAUS,BND_ratio,0.026178010471204105
WeatherAUS,BND_ratio,0.0
WeatherAUS,BND_ratio,0.0
WeatherAUS,BND_ratio,0.0
WeatherAUS,BND_ratio,0.1390728476821192
WeatherAUS,BND_ratio,0.20300751879699247
WeatherAUS,BND_ratio,0.0
WeatherAUS,BND_ratio,0.0
WeatherAUS,BND_ratio,0.09154929577464789
WeatherAUS,BND_ratio,0.0
WeatherAUS,BND_ratio,0.0
WeatherAUS,BND_ratio,0.0
WeatherAUS,BND_ratio,-0.01898734177215189
WeatherAUS,BND_ratio,-0.07936507936507936
WeatherAUS,BND_ratio,-0.020979020979021004
WeatherAUS,BND_ratio,0.12500000000000003
WeatherAUS,BND_ratio,-0.07874015748031502
WeatherAUS,BND_ratio,0.1503759398496241
WeatherAUS,BND_ratio,0.062992125984252
WeatherAUS,BND_ratio,0.0
WeatherAUS,BND_ratio,0.20192307692307693
WeatherAUS,BND_ratio,0.06542056074766359
WeatherAUS,BND_ratio,0.0806451612903226
WeatherAUS,BND_ratio,0.0
WeatherAUS,BND_ratio,0.1775700934579439
WeatherAUS,BND_ratio,0.0
WeatherAUS,BND_ratio,0.1970802919708029
WeatherAUS,BND_ratio,0.0
WeatherAUS,BND_ratio,-0.019607843137254916
WeatherAUS,BND_ratio,-0.021052631578947323
WeatherAUS,BND_ratio,0.0
WeatherAUS,BND_ratio,0.064
WeatherAUS,BND_ratio,0.16030534351145043
WeatherAUS,BND_ratio,-0.0803571428571429
WeatherAUS,BND_ratio,0.0380952380952381
WeatherAUS,BND_ratio,-0.012048192771084404
WeatherAUS,BND_ratio,0.05494505494505497
WeatherAUS,BND_ratio,-0.1326530612244898
WeatherAUS,BND_ratio,0.017699115044247815
WeatherAUS,BND_ratio,0.0
WeatherAUS,BND_ratio,0.0
WeatherAUS,BND_ratio,-0.07608695652173919
WeatherAUS,BND_ratio,0.0
WeatherAUS,BND_ratio,0.1022727272727273
WeatherAUS,BND_ratio,-0.17592592592592599
WeatherAUS,BND_ratio,-0.012658227848101306
WeatherAUS,BND_ratio,0.1111111111111111
WeatherAUS,BND_ratio,0.0
WeatherAUS,BND_ratio,-0.011111111111111072
WeatherAUS,BND_ratio,0.0
WeatherAUS,BND_ratio,0.0
WeatherAUS,BND_ratio,0.0
WeatherAUS,BND_ratio,0.0666666666666666
WeatherAUS,BND_ratio,-0.08108108108108111
WeatherAUS,BND_ratio,0.0681818181818181
WeatherAUS,BND_ratio,0.12621359223300968
WeatherAUS,BND_ratio,0.1447368421052632
WeatherAUS,BND_ratio,0.0
WeatherAUS,BND_ratio,0.1555555555555555
WeatherAUS,BND_ratio,0.06451612903225801
WeatherAUS,BND_ratio,0.0
WeatherAUS,BND_ratio,-0.12643678160919541
WeatherAUS,BND_ratio,0.05633802816901409
WeatherAUS,BND_ratio,-0.11494252873563221
WeatherAUS,BND_ratio,0.0
WeatherAUS,BND_ratio,-0.12631578947368421
WeatherAUS,BND_ratio,0.0
WeatherAUS,BND_ratio,0.0
WeatherAUS,BND_ratio,0.0
WeatherAUS,BND_ratio,0.1690140845070422
WeatherAUS,BND_ratio,0.0
WeatherAUS,BND_ratio,0.0
WeatherAUS,BND_ratio,0.0
WeatherAUS,BND_ratio,0.1
WeatherAUS,BND_ratio,0.0
WeatherAUS,BND_ratio,-0.08974358974358976
WeatherAUS,BND_ratio,0.0
WeatherAUS,BND_ratio,0.09090909090909091
WeatherAUS,BND_ratio,-0.11249999999999999
WeatherAUS,BND_ratio,-0.0354166666666667
WeatherAUS,BND_ratio,0.012684989429175498
WeatherAUS,BND_ratio,0.07231920199501249
WeatherAUS,BND_ratio,0.025641025641025602
WeatherAUS,BND_ratio,0.0180412371134021
WeatherAUS,BND_ratio,0.0
WeatherAUS,BND_ratio,0.1501272264631043
WeatherAUS,BND_ratio,-0.125
WeatherAUS,BND_ratio,0.1491228070175438
WeatherAUS,BND_ratio,-0.0714285714285714
WeatherAUS,BND_ratio,0.0297029702970297
WeatherAUS,BND_ratio,0.1038961038961039
WeatherAUS,BND_ratio,0.0
WeatherAUS,BND_ratio,0.1515151515151515
WeatherAUS,BND_ratio,0.0
WeatherAUS,BND_ratio,0.04961832061068709
WeatherAUS,BND_ratio,-0.22923588039867118
WeatherAUS,BND_ratio,0.0
WeatherAUS,BND_ratio,0.0183150183150183
WeatherAUS,BND_ratio,0.0
WeatherAUS,BND_ratio,0.11328125
WeatherAUS,BND_ratio,-0.06644518272425251
WeatherAUS,BND_ratio,0.0
WeatherAUS,BND_ratio,0.1417322834645669
WeatherAUS,BND_ratio,0.08870967741935488
WeatherAUS,BND_ratio,0.0
WeatherAUS,BND_ratio,0.0
WeatherAUS,BND_ratio,0.0
WeatherAUS,BND_ratio,0.04255319148936171
WeatherAUS,BND_ratio,0.031358885017421595
WeatherAUS,BND_ratio,-0.0595238095238095
WeatherAUS,BND_ratio,-0.1532258064516129
WeatherAUS,BND_ratio,0.0
WeatherAUS,BND_ratio,0.0
WeatherAUS,BND_ratio,0.0
WeatherAUS,BND_ratio,0.0
WeatherAUS,BND_ratio,0.09345794392523371
WeatherAUS,BND_ratio,0.0
WeatherAUS,BND_ratio,0.0
WeatherAUS,BND_ratio,0.0
WeatherAUS,BND_ratio,0.0
WeatherAUS,BND_ratio,0.0
WeatherAUS,BND_ratio,0.0
WeatherAUS,BND_ratio,-0.1318681318681319
WeatherAUS,BND_ratio,0.0327868852459016
WeatherAUS,BND_ratio,0.0
WeatherAUS,BND_ratio,0.0
WeatherAUS,BND_ratio,0.0
WeatherAUS,BND_ratio,0.1470588235294118
WeatherAUS,BND_ratio,0.0283018867924528
WeatherAUS,BND_ratio,0.0
WeatherAUS,BND_ratio,0.0
WeatherAUS,BND_ratio,0.07389162561576351
WeatherAUS,BND_ratio,0.08556149732620319
WeatherAUS,BND_ratio,0.0
WeatherAUS,BND_ratio,-0.1311475409836066
WeatherAUS,BND_ratio,0.0
WeatherAUS,BND_ratio,0.0
WeatherAUS,BND_ratio,0.0
WeatherAUS,BND_ratio,0.0
WeatherAUS,BND_ratio,0.0
WeatherAUS,BND_ratio,0.0
WeatherAUS,BND_ratio,0.0
WeatherAUS,BND_ratio,0.0
WeatherAUS,BND_ratio,0.0
WeatherAUS,BND_ratio,0.0
WeatherAUS,BND_ratio,0.0652173913043478
WeatherAUS,BND_ratio,0.0
WeatherAUS,BND_ratio,0.0512820512820513
WeatherAUS,BND_ratio,0.15702479338842978
WeatherAUS,BND_ratio,0.0
WeatherAUS,BND_ratio,0.19999999999999998
WeatherAUS,BND_ratio,0.0
WeatherAUS,BND_ratio,0.0654205607476636
WeatherAUS,BND_ratio,0.12195121951219509
WeatherAUS,BND_ratio,0.07462686567164178
WeatherAUS,BND_ratio,0.09734513274336289
WeatherAUS,BND_ratio,0.0347826086956521
WeatherAUS,BND_ratio,0.2520325203252033
WeatherAUS,BND_ratio,0.0
WeatherAUS,BND_ratio,0.0
WeatherAUS,BND_ratio,0.0
WeatherAUS,BND_ratio,-0.031914893617021184
WeatherAUS,BND_ratio,0.0
WeatherAUS,BND_ratio,0.0
WeatherAUS,BND_ratio,0.0879120879120879
WeatherAUS,BND_ratio,0.0
WeatherAUS,BND_ratio,0.0256410256410256
WeatherAUS,BND_ratio,0.1111111111111111
WeatherAUS,BND_ratio,0.0
WeatherAUS,BND_ratio,0.07476635514018701
WeatherAUS,BND_ratio,0.053435114503816813
WeatherAUS,BND_ratio,0.036363636363636404
WeatherAUS,BND_ratio,0.0
WeatherAUS,BND_ratio,0.10989010989010992
WeatherAUS,BND_ratio,0.0
WeatherAUS,BND_ratio,-0.05714285714285722
WeatherAUS,BND_ratio,0.2037037037037037
WeatherAUS,BND_ratio,0.0740740740740741
WeatherAUS,BND_ratio,-0.0275229357798166
WeatherAUS,BND_ratio,0.0
WeatherAUS,BND_ratio,0.1573033707865168
WeatherAUS,BND_ratio,0.14
WeatherAUS,BND_ratio,-0.07608695652173911
WeatherAUS,BND_ratio,0.0
WeatherAUS,BND_ratio,-0.021739130434782594
WeatherAUS,BND_ratio,-0.0515463917525773
WeatherAUS,BND_ratio,0.0
WeatherAUS,BND_ratio,0.017699115044247787
WeatherAUS,BND_ratio,0.2417582417582418
WeatherAUS,BND_ratio,0.0
WeatherAUS,BND_ratio,0.0219780219780219
WeatherAUS,BND_ratio,0.06818181818181819
WeatherAUS,BND_ratio,0.0
WeatherAUS,BND_ratio,-0.04651162790697681
WeatherAUS,BND_ratio,0.0
WeatherAUS,BND_ratio,0.0
WeatherAUS,BND_ratio,0.0
WeatherAUS,BND_ratio,0.0
WeatherAUS,BND_ratio,0.0
WeatherAUS,BND_ratio,0.0
WeatherAUS,BND_ratio,0.0
WeatherAUS,BND_ratio,0.0
WeatherAUS,BND_ratio,0.0
WeatherAUS,BND_ratio,0.0210526315789474
WeatherAUS,BND_ratio,0.1282051282051282
WeatherAUS,BND_ratio,0.0
WeatherAUS,BND_ratio,0.11363636363636362
WeatherAUS,BND_ratio,0.07142857142857141
WeatherAUS,BND_ratio,0.0
WeatherAUS,BND_ratio,0.0
WeatherAUS,BND_ratio,0.15584415584415579
WeatherAUS,BND_ratio,0.0
WeatherAUS,BND_ratio,0.0
WeatherAUS,BND_ratio,-0.16883116883116883
WeatherAUS,BND_ratio,0.0
WeatherAUS,BND_ratio,-0.001915708812260497
WeatherAUS,BND_ratio,0.0288659793814433
WeatherAUS,BND_ratio,0.0
WeatherAUS,BND_ratio,0.022038567493113
WeatherAUS,BND_ratio,0.0197183098591549
WeatherAUS,BND_ratio,-0.0545454545454546
WeatherAUS,BND_ratio,0.0
WeatherAUS,BND_ratio,0.11320754716981139
WeatherAUS,BND_ratio,-0.15644171779141108
WeatherAUS,BND_ratio,0.04950495049504949
WeatherAUS,BND_ratio,0.0
WeatherAUS,BND_ratio,0.0
WeatherAUS,BND_ratio,0.0
WeatherAUS,BND_ratio,0.0
WeatherAUS,BND_ratio,0.09790209790209789
WeatherAUS,BND_ratio,0.0934256055363322
WeatherAUS,BND_ratio,-0.31226765799256506
WeatherAUS,BND_ratio,0.0
WeatherAUS,BND_ratio,-0.16828478964401303
WeatherAUS,BND_ratio,0.0236486486486487
WeatherAUS,BND_ratio,0.0
WeatherAUS,BND_ratio,0.0780141843971631
WeatherAUS,BND_ratio,0.133587786259542
WeatherAUS,BND_ratio,0.0
WeatherAUS,BND_ratio,0.0
WeatherAUS,BND_ratio,0.1195219123505976
WeatherAUS,BND_ratio,0.0116279069767442
WeatherAUS,BND_ratio,0.102112676056338
WeatherAUS,BND_ratio,0.0365853658536585
WeatherAUS,BND_ratio,0.0
WeatherAUS,BND_ratio,0.0
WeatherAUS,BND_ratio,-0.061983471074380195
WeatherAUS,BND_ratio,0.1352459016393443
WeatherAUS,BND_ratio,0.0
WeatherAUS,BND_ratio,0.088235294117647
WeatherAUS,BND_ratio,0.0
WeatherAUS,BND_ratio,0.0
WeatherAUS,BND_ratio,0.0
WeatherAUS,BND_ratio,0.0
WeatherAUS,BND_ratio,0.0
WeatherAUS,BND_ratio,0.0
WeatherAUS,BND_ratio,0.0
WeatherAUS,BND_ratio,-0.0523255813953489
WeatherAUS,BND_ratio,0.0
WeatherAUS,BND_ratio,0.08407079646017701
WeatherAUS,BND_ratio,-0.15425531914893623
WeatherAUS,BND_ratio,0.048076923076923
WeatherAUS,BND_ratio,0.0
WeatherAUS,BND_ratio,0.0318181818181818
WeatherAUS,BND_ratio,0.0
WeatherAUS,BND_ratio,0.0515463917525773
WeatherAUS,BND_ratio,0.0
WeatherAUS,BND_ratio,0.0917874396135266
WeatherAUS,BND_ratio,0.046511627906976695
WeatherAUS,BND_ratio,0.0
WeatherAUS,BND_ratio,-0.2944444444444444
WeatherAUS,BND_ratio,0.0
WeatherAUS,BND_ratio,0.0
WeatherAUS,BND_ratio,0.2013422818791946
WeatherAUS,BND_ratio,0.0
WeatherAUS,BND_ratio,0.0
WeatherAUS,BND_ratio,0.060606060606060594
WeatherAUS,BND_ratio,0.08275862068965519
WeatherAUS,BND_ratio,-0.1700680272108844
WeatherAUS,BND_ratio,0.0
WeatherAUS,BND_ratio,0.0827067669172932
WeatherAUS,BND_ratio,0.0625
WeatherAUS,BND_ratio,0.0697674418604651
WeatherAUS,BND_ratio,-0.1203703703703704
WeatherAUS,BND_ratio,0.1008403361344537
WeatherAUS,BND_ratio,0.0
WeatherAUS,BND_ratio,0.0
WeatherAUS,BND_ratio,0.0
WeatherAUS,BND_ratio,0.0769230769230769
WeatherAUS,BND_ratio,0.0
WeatherAUS,BND_ratio,0.0865384615384615
WeatherAUS,BND_ratio,0.0
WeatherAUS,BND_ratio,0.0
WeatherAUS,BND_ratio,0.0378787878787879
WeatherAUS,BND_ratio,0.028037383177570104
WeatherAUS,BND_ratio,-0.10655737704918039
WeatherAUS,BND_ratio,0.17741935483870958
WeatherAUS,BND_ratio,0.0
WeatherAUS,BND_ratio,0.12499999999999999
WeatherAUS,BND_ratio,0.0
WeatherAUS,BND_ratio,0.03448275862068961
WeatherAUS,BND_ratio,0.027777777777777707
WeatherAUS,BND_ratio,0.009708737864077693
WeatherAUS,BND_ratio,0.0
WeatherAUS,BND_ratio,0.0
WeatherAUS,BND_ratio,0.009433962264150914
WeatherAUS,BND_ratio,0.0
WeatherAUS,BND_ratio,0.0
WeatherAUS,BND_ratio,0.10810810810810809
WeatherAUS,BND_ratio,0.09574468085106379
WeatherAUS,BND_ratio,0.10989010989010989
WeatherAUS,BND_ratio,0.0
WeatherAUS,BND_ratio,0.134020618556701
WeatherAUS,BND_ratio,-0.101010101010101
WeatherAUS,BND_ratio,0.168141592920354
WeatherAUS,BND_ratio,-0.10344827586206892
WeatherAUS,BND_ratio,0.0
WeatherAUS,BND_ratio,0.0
WeatherAUS,BND_ratio,-0.2043010752688172
WeatherAUS,BND_ratio,-0.03883495145631069
WeatherAUS,BND_ratio,-0.0729166666666666
WeatherAUS,BND_ratio,0.0
WeatherAUS,BND_ratio,0.0096153846153846
WeatherAUS,BND_ratio,-0.05714285714285722
WeatherAUS,BND_ratio,0.0114942528735632
WeatherAUS,BND_ratio,0.0
WeatherAUS,BND_ratio,0.0
WeatherAUS,BND_ratio,0.0204081632653062
WeatherAUS,BND_ratio,0.10112359550561789
WeatherAUS,BND_ratio,0.0
WeatherAUS,BND_ratio,0.0967741935483871
WeatherAUS,BND_ratio,0.0136986301369863
WeatherAUS,BND_ratio,0.0144927536231884
WeatherAUS,BND_ratio,-0.09677419354838707
WeatherAUS,BND_ratio,-0.2524271844660195
WeatherAUS,BND_ratio,0.0
WeatherAUS,BND_ratio,0.06024096385542169
WeatherAUS,BND_ratio,-0.08080808080808083
WeatherAUS,BND_ratio,0.14432989690721648
WeatherAUS,BND_ratio,0.05714285714285722
WeatherAUS,BND_ratio,0.0
WeatherAUS,BND_ratio,0.0
WeatherAUS,BND_ratio,0.0
WeatherAUS,BND_ratio,0.0
WeatherAUS,BND_ratio,0.0357142857142857
WeatherAUS,BND_ratio,0.057142857142857106
WeatherAUS,BND_ratio,0.1111111111111112
WeatherAUS,BND_ratio,0.0987654320987654
WeatherAUS,BND_ratio,0.0
WeatherAUS,BND_ratio,0.05376344086021512
WeatherAUS,BND_ratio,0.0
WeatherAUS,BND_ratio,0.0
WeatherAUS,BND_ratio,0.0
WeatherAUS,BND_ratio,0.0
WeatherAUS,BND_ratio,0.0
WeatherAUS,BND_ratio,-0.0914454277286136
WeatherAUS,BND_ratio,0.0
WeatherAUS,BND_ratio,0.0
WeatherAUS,BND_ratio,0.0
WeatherAUS,BND_ratio,0.1296296296296297
WeatherAUS,BND_ratio,0.0635838150289017
WeatherAUS,BND_ratio,-0.06134969325153372
WeatherAUS,BND_ratio,-0.19745222929936299
WeatherAUS,BND_ratio,0.1570996978851964
WeatherAUS,BND_ratio,0.0
WeatherAUS,BND_ratio,0.0
WeatherAUS,BND_ratio,0.14179104477611942
WeatherAUS,BND_ratio,-0.19444444444444442
WeatherAUS,BND_ratio,-0.0481481481481481
WeatherAUS,BND_ratio,-0.02730375426621162
WeatherAUS,BND_ratio,0.0
WeatherAUS,BND_ratio,0.03557312252964431
WeatherAUS,BND_ratio,0.0
WeatherAUS,BND_ratio,0.0
WeatherAUS,BND_ratio,0.0
WeatherAUS,BND_ratio,0.0
WeatherAUS,BND_ratio,0.0789473684210526
WeatherAUS,BND_ratio,-0.0424710424710425
WeatherAUS,BND_ratio,-0.010714285714285697
WeatherAUS,BND_ratio,0.0
WeatherAUS,BND_ratio,0.028
WeatherAUS,BND_ratio,0.0392156862745098
WeatherAUS,BND_ratio,-0.1521739130434783
WeatherAUS,BND_ratio,-0.04621848739495799
WeatherAUS,BND_ratio,0.09282700421940929
WeatherAUS,BND_ratio,0.0
WeatherAUS,BND_ratio,0.0888888888888889
WeatherAUS,BND_ratio,0.1048034934497817
WeatherAUS,BND_ratio,0.0
WeatherAUS,BND_ratio,0.0
WeatherAUS,BND_ratio,0.0
WeatherAUS,BND_ratio,0.0
WeatherAUS,BND_ratio,0.0
WeatherAUS,BND_ratio,0.0
WeatherAUS,BND_ratio,0.0
WeatherAUS,BND_ratio,0.0
WeatherAUS,BND_ratio,0.0
WeatherAUS,BND_ratio,0.0
WeatherAUS,BND_ratio,0.0428571428571429
WeatherAUS,BND_ratio,-0.15736040609137047
WeatherAUS,BND_ratio,0.0
WeatherAUS,BND_ratio,-0.0047619047619048005
WeatherAUS,BND_ratio,0.0
WeatherAUS,BND_ratio,0.0238095238095238
WeatherAUS,BND_ratio,-0.14736842105263148
WeatherAUS,BND_ratio,0.06
WeatherAUS,BND_ratio,0.07
WeatherAUS,BND_ratio,0.0
WeatherAUS,BND_ratio,0.0
WeatherAUS,BND_ratio,0.0
WeatherAUS,BND_ratio,0.0
WeatherAUS,BND_ratio,0.0
WeatherAUS,BND_ratio,-0.05673758865248221
WeatherAUS,BND_ratio,0.0
WeatherAUS,BND_ratio,0.05797101449275366
WeatherAUS,BND_ratio,0.15000000000000002
WeatherAUS,BND_ratio,0.0
WeatherAUS,BND_ratio,0.0
WeatherAUS,BND_ratio,0.1232876712328767
WeatherAUS,BND_ratio,0.0
WeatherAUS,BND_ratio,0.0
WeatherAUS,BND_ratio,-0.007462686567164201
WeatherAUS,BND_ratio,0.043859649122807
WeatherAUS,BND_ratio,0.0
WeatherAUS,BND_ratio,0.1307692307692307
WeatherAUS,BND_ratio,0.0
WeatherAUS,BND_ratio,0.0573770491803279
WeatherAUS,BND_ratio,0.027777777777777804
WeatherAUS,BND_ratio,0.041666666666666685
WeatherAUS,BND_ratio,0.0
WeatherAUS,BND_ratio,0.0
WeatherAUS,BND_ratio,0.0454545454545454
WeatherAUS,BND_ratio,0.13
WeatherAUS,BND_ratio,0.0
WeatherAUS,BND_ratio,0.11504424778761059
WeatherAUS,BND_ratio,0.0
WeatherAUS,BND_ratio,0.10067114093959739
WeatherAUS,BND_ratio,-0.15463917525773188
WeatherAUS,BND_ratio,0.0357142857142857
WeatherAUS,BND_ratio,0.0
WeatherAUS,BND_ratio,0.0
WeatherAUS,BND_ratio,0.0714285714285715
WeatherAUS,BND_ratio,-0.021505376344086002
WeatherAUS,BND_ratio,-0.0625
WeatherAUS,BND_ratio,-0.09473684210526317
WeatherAUS,BND_ratio,0.0
WeatherAUS,BND_ratio,0.0
WeatherAUS,BND_ratio,0.1529411764705883
WeatherAUS,BND_ratio,-0.12500000000000003
WeatherAUS,BND_ratio,0.0
WeatherAUS,BND_ratio,0.0348837209302325
WeatherAUS,BND_ratio,0.20202020202020202
WeatherAUS,BND_ratio,0.0
WeatherAUS,BND_ratio,0.0
WeatherAUS,BND_ratio,-0.02970297029702973
WeatherAUS,BND_ratio,0.20192307692307698
WeatherAUS,BND_ratio,0.0
WeatherAUS,BND_ratio,-0.12162162162162159
WeatherAUS,BND_ratio,0.0
WeatherAUS,BND_ratio,0.18367346938775508
WeatherAUS,BND_ratio,0.1807228915662651
WeatherAUS,BND_ratio,-0.06666666666666668
WeatherAUS,BND_ratio,-0.11250000000000002
WeatherAUS,BND_ratio,0.0
WeatherAUS,BND_ratio,0.0
WeatherAUS,BND_ratio,0.11494252873563221
WeatherAUS,BND_ratio,-0.21153846153846154
WeatherAUS,BND_ratio,-0.036585365853658514
WeatherAUS,BND_ratio,0.0
WeatherAUS,BND_ratio,0.0
WeatherAUS,BND_ratio,0.0188679245283019
WeatherAUS,BND_ratio,0.0
WeatherAUS,BND_ratio,-0.012048192771084293
WeatherAUS,BND_ratio,0.0
WeatherAUS,BND_ratio,0.2168674698795181
WeatherAUS,BND_ratio,0.0
WeatherAUS,BND_ratio,0.136986301369863
WeatherAUS,BND_ratio,0.0
WeatherAUS,BND_ratio,0.136986301369863
WeatherAUS,BND_ratio,0.0
WeatherAUS,BND_ratio,0.0
WeatherAUS,BND_ratio,0.1875
WeatherAUS,BND_ratio,0.0
WeatherAUS,BND_ratio,0.1123595505617978
WeatherAUS,BND_ratio,0.0
WeatherAUS,BND_ratio,0.0
WeatherAUS,BND_ratio,0.1621621621621622
WeatherAUS,BND_ratio,0.2467532467532467
