bucket_id,Precision,Recall,F1,BAC,AUC,MCC,Kappa,Regret,BND_ratio,POS_Coverage,n_samples,alpha,beta
L1_neighbourhood_group=manhattan|L2_room_type=entire_home|L3_availability_365=rare,0.40606060606060607,0.3489583333333333,0.37535014005602235,0.6268601190476191,0.7399857264334305,0.2701714669016286,0.26911152449286924,0.5008190008190008,0.542997542997543,0.13513513513513514,1221,0.3,0.1
L1_neighbourhood_group=brooklyn|L2_room_type=shared_room|L3_availability_365=long_term,0.0,0.0,0.0,0.5,0.868421052631579,0.0,0.0,0.10256410256410256,0.0,0.0,39,0.3,0.1
L1_neighbourhood_group=manhattan|L2_room_type=private_room|L3_availability_365=long_term,0.7241379310344828,0.45652173913043476,0.5599999999999999,0.7177621819011754,0.9156110920917493,0.536677420515488,0.5200122628333957,0.22950819672131148,0.10772833723653395,0.06791569086651054,427,0.3,0.1
L1_neighbourhood_group=brooklyn|L2_room_type=entire_home|L3_availability_365=mid_term,0.38235294117647056,0.19696969696969696,0.25999999999999995,0.5711410984848485,0.7667297979797979,0.1904592275403191,0.17802132701421802,0.44666666666666666,0.29777777777777775,0.07555555555555556,450,0.3,0.1
L1_neighbourhood_group=queens|L2_room_type=private_room|L3_availability_365=rare,0.0,0.0,0.0,0.5,0.6213592233009708,0.0,0.0,0.038461538461538464,0.0,0.0,208,0.3,0.1
L1_neighbourhood_group=queens|L2_room_type=entire_home|L3_availability_365=rare,0.0,0.0,0.0,0.5,0.7953667953667953,0.0,0.0,0.18064516129032257,0.03870967741935484,0.0,155,0.3,0.1
L1_neighbourhood_group=manhattan|L2_room_type=private_room|L3_availability_365=mid_term,0.6666666666666666,0.15384615384615385,0.25,0.5754568012632528,0.7672005413940898,0.3096442833832712,0.23952738990332978,0.1271186440677966,0.03389830508474576,0.00847457627118644,354,0.3,0.1
L1_neighbourhood_group=queens|L2_room_type=entire_home|L3_availability_365=long_term,0.4,0.5,0.4444444444444445,0.6911764705882353,0.8020833333333334,0.34889639074744044,0.34589800443458985,0.3601694915254237,0.3305084745762712,0.1694915254237288,118,0.3,0.1
L1_neighbourhood_group=brooklyn|L2_room_type=entire_home|L3_availability_365=rare,0.2608695652173913,0.07058823529411765,0.11111111111111109,0.5260650188414128,0.6527176342849843,0.09700332924007013,0.0779277817029157,0.3648111332007952,0.3061630218687873,0.02286282306163022,1006,0.3,0.1
L1_neighbourhood_group=brooklyn|L2_room_type=shared_room|L3_availability_365=mid_term,0.0,0.0,0.0,1.0,,0.0,,0.029411764705882353,0.058823529411764705,0.0,17,0.3,0.1
L1_neighbourhood_group=brooklyn|L2_room_type=private_room|L3_availability_365=rare,0.0,0.0,0.0,0.5,0.574296435272045,0.0,0.0,0.019140989729225025,0.0009337068160597573,0.0,1071,0.3,0.1
L1_neighbourhood_group=brooklyn|L2_room_type=entire_home|L3_availability_365=long_term,0.4342105263157895,0.4024390243902439,0.4177215189873418,0.6505119650253106,0.7917050161067648,0.310491597612854,0.3101772271945942,0.4318181818181818,0.3458498023715415,0.15019762845849802,506,0.3,0.1
L1_neighbourhood_group=brooklyn|L2_room_type=private_room|L3_availability_365=mid_term,0.0,0.0,0.0,0.5,0.8833333333333333,0.0,0.0,0.06679764243614932,0.003929273084479371,0.0,509,0.3,0.1
L1_neighbourhood_group=manhattan|L2_room_type=entire_home|L3_availability_365=long_term,0.5255102040816326,0.7463768115942029,0.6167664670658682,0.715025140490979,0.7932410282953761,0.4027619241664036,0.386907929749867,0.5214120370370371,0.4085648148148148,0.4537037037037037,864,0.3,0.1
L1_neighbourhood_group=manhattan|L2_room_type=entire_home|L3_availability_365=mid_term,0.4796747967479675,0.6900584795321637,0.565947242206235,0.6682336596555847,0.7367047914445413,0.3150552540906504,0.30157316711190263,0.5647279549718575,0.3827392120075047,0.46153846153846156,533,0.3,0.1
L1_neighbourhood_group=manhattan|L2_room_type=private_room|L3_availability_365=rare,0.6363636363636364,0.3181818181818182,0.4242424242424242,0.6564731080437887,0.8361792003807711,0.43942071926406945,0.4132945705979415,0.08524173027989822,0.022900763358778626,0.013994910941475827,786,0.3,0.1
L1_neighbourhood_group=brooklyn|L2_room_type=private_room|L3_availability_365=long_term,0.0,0.0,0.0,0.49901768172888017,0.7933202357563851,-0.004375900399955227,-0.003253090435914041,0.04571984435797665,0.009727626459143969,0.0019455252918287938,514,0.3,0.1
L1_neighbourhood_group=queens|L2_room_type=private_room|L3_availability_365=long_term,0.0,0.0,0.0,0.5,0.7911111111111111,0.0,0.0,0.05701754385964912,0.008771929824561403,0.0,228,0.3,0.1
L1_neighbourhood_group=manhattan|L2_room_type=shared_room|L3_availability_365=mid_term,0.0,0.0,0.0,0.5,0.9375,0.0,0.0,0.14705882352941177,0.17647058823529413,0.0,17,0.3,0.1
L1_neighbourhood_group=queens|L2_room_type=entire_home|L3_availability_365=mid_term,0.0,0.0,0.0,0.49107142857142855,0.3794642857142857,-0.03479445003196105,-0.027397260273972712,0.3416666666666667,0.11666666666666667,0.016666666666666666,120,0.3,0.1
L1_neighbourhood_group=bronx|L2_room_type=private_room|L3_availability_365=mid_term,0.0,0.0,0.0,1.0,,0.0,,0.0,0.0,0.0,48,0.3,0.1
L1_neighbourhood_group=queens|L2_room_type=private_room|L3_availability_365=mid_term,0.0,0.0,0.0,0.5,0.6714975845410628,0.0,0.0,0.019230769230769232,0.0,0.0,208,0.3,0.1
L1_neighbourhood_group=queens|L2_room_type=shared_room|L3_availability_365=rare,0.0,0.0,0.0,0.5,0.6363636363636364,0.0,0.0,0.3333333333333333,0.0,0.0,12,0.3,0.1
L1_neighbourhood_group=manhattan|L2_room_type=shared_room|L3_availability_365=rare,0.0,0.0,0.0,0.5,0.7611111111111111,0.0,0.0,0.3902439024390244,0.0975609756097561,0.0,41,0.3,0.1
L1_neighbourhood_group=bronx|L2_room_type=entire_home|L3_availability_365=rare,0.0,0.0,0.0,0.5,0.8636363636363636,0.0,0.0,0.17391304347826086,0.0,0.0,23,0.3,0.1
L1_neighbourhood_group=staten_island|L2_room_type=private_room|L3_availability_365=long_term,0.0,0.0,0.0,1.0,,0.0,,0.0,0.0,0.0,24,0.3,0.1
L1_neighbourhood_group=bronx|L2_room_type=private_room|L3_availability_365=rare,0.0,0.0,0.0,1.0,,0.0,,0.0,0.0,0.0,31,0.3,0.1
L1_neighbourhood_group=staten_island|L2_room_type=entire_home|L3_availability_365=long_term,0.0,0.0,0.0,1.0,,0.0,,0.07142857142857142,0.14285714285714285,0.0,7,0.3,0.1
L1_neighbourhood_group=manhattan|L2_room_type=shared_room|L3_availability_365=long_term,0.0,0.0,0.0,0.5,0.7567567567567568,0.0,0.0,0.10526315789473684,0.0,0.0,38,0.3,0.1
L1_neighbourhood_group=bronx|L2_room_type=private_room|L3_availability_365=long_term,0.0,0.0,0.0,0.5,1.0,0.0,0.0,0.07407407407407407,0.0,0.0,54,0.3,0.1
L1_neighbourhood_group=bronx|L2_room_type=entire_home|L3_availability_365=long_term,0.3333333333333333,0.3333333333333333,0.3333333333333333,0.6231884057971014,0.7391304347826086,0.2463768115942029,0.24637681159420288,0.4423076923076923,0.34615384615384615,0.11538461538461539,26,0.3,0.1
L1_neighbourhood_group=staten_island|L2_room_type=entire_home|L3_availability_365=mid_term,0.0,0.0,0.0,0.5,0.875,0.0,0.0,1.1363636363636365,0.09090909090909091,0.0,11,0.3,0.1
L1_neighbourhood_group=bronx|L2_room_type=entire_home|L3_availability_365=mid_term,0.0,0.0,0.0,0.5,0.9642857142857143,0.0,0.0,0.2,0.06666666666666667,0.0,30,0.3,0.1
L1_neighbourhood_group=queens|L2_room_type=shared_room|L3_availability_365=mid_term,0.0,0.0,0.0,1.0,,0.0,,0.0,0.0,0.0,11,0.3,0.1
L1_neighbourhood_group=brooklyn|L2_room_type=shared_room|L3_availability_365=rare,0.0,0.0,0.0,1.0,,0.0,,0.0,0.0,0.0,27,0.3,0.1
L1_neighbourhood_group=bronx|L2_room_type=shared_room|L3_availability_365=mid_term,0.0,0.0,0.0,1.0,,0.0,,0.08333333333333333,0.16666666666666666,0.0,6,0.3,0.1
L1_neighbourhood_group=queens|L2_room_type=shared_room|L3_availability_365=long_term,0.0,0.0,0.0,0.5,0.5555555555555556,0.0,0.0,0.4,0.0,0.0,10,0.3,0.1
L1_neighbourhood_group=bronx|L2_room_type=shared_room|L3_availability_365=long_term,0.0,0.0,0.0,1.0,,0.0,,0.0,0.0,0.0,3,0.3,0.1
L1_neighbourhood_group=staten_island|L2_room_type=entire_home|L3_availability_365=rare,0.0,0.0,0.0,1.0,,0.0,,0.0,0.0,0.0,9,0.3,0.1
L1_neighbourhood_group=staten_island|L2_room_type=shared_room|L3_availability_365=mid_term,0.0,0.0,0.0,1.0,,0.0,,0.0,0.0,0.0,2,0.3,0.1
L1_neighbourhood_group=staten_island|L2_room_type=private_room|L3_availability_365=mid_term,0.0,0.0,0.0,1.0,,0.0,,0.0,0.0,0.0,6,0.3,0.1
L1_neighbourhood_group=staten_island|L2_room_type=private_room|L3_availability_365=rare,0.0,0.0,0.0,1.0,,0.0,,0.0,0.0,0.0,2,0.3,0.1
L1_neighbourhood_group=bronx|L2_room_type=shared_room|L3_availability_365=rare,0.0,0.0,0.0,1.0,,0.0,,0.0,0.0,0.0,5,0.3,0.1
L1_neighbourhood_group=staten_island|L2_room_type=shared_room|L3_availability_365=rare,0.0,0.0,0.0,1.0,,0.0,,0.0,0.0,0.0,2,0.3,0.1
L1_neighbourhood_group=manhattan|L2_room_type=entire_home,0.48692403486924035,0.6118935837245696,0.5423023578363384,0.7018538156116532,0.7805182111703403,0.3760487918580755,0.37143360197197306,0.5206264323911383,0.4660045836516425,0.3067226890756303,2618,0.3,0.1
L1_neighbourhood_group=manhattan,0.49763593380614657,0.579092159559835,0.5352828989192625,0.7297542958744588,0.8454743052561425,0.4332823528765801,0.43142235301363807,0.3726932959588881,0.30436813828544734,0.19761737911702873,4281,0.3,0.1
L1_neighbourhood_group=brooklyn|L2_room_type=shared_room,0.0,0.0,0.0,0.5,0.6951219512195121,0.0,0.0,0.05421686746987952,0.012048192771084338,0.0,83,0.3,0.1
L1_neighbourhood_group=brooklyn,0.3880597014925373,0.20553359683794467,0.2687338501291989,0.5922161036171195,0.8509496947591332,0.24962884259775225,0.23641108247842713,0.2099540951920754,0.1512442618990094,0.032374969799468474,4139,0.3,0.1
L1_neighbourhood_group=manhattan|L2_room_type=private_room,0.6976744186046512,0.37037037037037035,0.48387096774193544,0.6808110263695728,0.882637123440174,0.4900948173695209,0.4646795699843067,0.13401403956604976,0.048500319081046586,0.02744097000638162,1567,0.3,0.1
L1_neighbourhood_group=brooklyn|L2_room_type=entire_home,0.39097744360902253,0.22317596566523606,0.28415300546448086,0.588164038356042,0.7413201210355038,0.226915548077305,0.21653249282899,0.4008664627930683,0.3144750254841998,0.06778797145769623,1962,0.3,0.1
L1_neighbourhood_group=queens|L2_room_type=private_room,0.0,0.0,0.0,0.5,0.7270114942528736,0.0,0.0,0.03881987577639751,0.003105590062111801,0.0,644,0.3,0.1
L1_neighbourhood_group=queens,0.36363636363636365,0.20512820512820512,0.2622950819672131,0.5957745778308339,0.8063866298589868,0.25295886059556527,0.2423765616640967,0.13504672897196263,0.05700934579439252,0.020560747663551402,1070,0.3,0.1
L1_neighbourhood_group=queens|L2_room_type=entire_home,0.36363636363636365,0.25806451612903225,0.3018867924528302,0.6096952414899305,0.7118160755658528,0.2572495484942437,0.2529668636013357,0.2837150127226463,0.15012722646310434,0.05597964376590331,393,0.3,0.1
L1_neighbourhood_group=brooklyn|L2_room_type=private_room,0.0,0.0,0.0,0.49975903614457834,0.7869118579581483,-0.002091621685147967,-0.0009081783853543968,0.03724928366762178,0.0038204393505253103,0.0004775549188156638,2094,0.3,0.1
L1_neighbourhood_group=manhattan|L2_room_type=shared_room,0.0,0.0,0.0,0.5,0.7913322632423756,0.0,0.0,0.234375,0.07291666666666667,0.0,96,0.3,0.1
L1_neighbourhood_group=bronx|L2_room_type=private_room,0.0,0.0,0.0,0.5,1.0,0.0,0.0,0.03007518796992481,0.0,0.0,133,0.3,0.1
L1_neighbourhood_group=bronx,0.3333333333333333,0.14285714285714285,0.2,0.5668623613829094,0.9419439008480104,0.20242759936590066,0.18485121731289456,0.11504424778761062,0.05309734513274336,0.01327433628318584,226,0.3,0.1
L1_neighbourhood_group=queens|L2_room_type=shared_room,0.0,0.0,0.0,0.5,0.5967741935483871,0.0,0.0,0.24242424242424243,0.0,0.0,33,0.3,0.1
L1_neighbourhood_group=bronx|L2_room_type=entire_home,0.3333333333333333,0.16666666666666666,0.2222222222222222,0.569634703196347,0.8424657534246576,0.1930302424941325,0.18074074074074065,0.2721518987341772,0.13924050632911392,0.0379746835443038,79,0.3,0.1
L1_neighbourhood_group=staten_island|L2_room_type=private_room,0.0,0.0,0.0,1.0,,0.0,,0.0,0.0,0.0,32,0.3,0.1
L1_neighbourhood_group=staten_island,0.0,0.0,0.0,0.5,0.8944444444444445,0.0,0.0,0.20634920634920634,0.031746031746031744,0.0,63,0.3,0.1
L1_neighbourhood_group=staten_island|L2_room_type=entire_home,0.0,0.0,0.0,0.5,0.7777777777777777,0.0,0.0,0.48148148148148145,0.07407407407407407,0.0,27,0.3,0.1
L1_neighbourhood_group=bronx|L2_room_type=shared_room,0.0,0.0,0.0,1.0,,0.0,,0.03571428571428571,0.07142857142857142,0.0,14,0.3,0.1
L1_neighbourhood_group=staten_island|L2_room_type=shared_room,0.0,0.0,0.0,1.0,,0.0,,0.0,0.0,0.0,4,0.3,0.1
