bucket_id,layer,parent_bucket_id,n_train,n_val,pos_rate_train,pos_rate_val,alpha,beta,regret_val,F1_val,Precision_val,Recall_val,BND_ratio_val,pos_coverage_val,threshold_n_samples,use_parent_threshold,parent_with_threshold,score_metric,score_value,parent_score_value,gain_value,threshold_source_bucket,is_weak,fold
ROOT,L1,,1420,605,0.14859154929577464,0.16198347107438016,0.2,0.1,0.2628099173553719,0.6216216216216216,0.5564516129032258,0.7040816326530612,0.05950413223140496,0.2049586776859504,605,False,,f1_regret_bnd,0.32905963815054723,-0.23226351351351351,0.5613231516640608,ROOT,False,1
L1_VisitorType=new,L1,ROOT,204,87,0.24019607843137256,0.28735632183908044,0.2,0.1,0.28160919540229884,0.7636363636363636,0.7,0.84,0.05747126436781609,0.3448275862068966,87,False,,f1_regret_bnd,0.45329153605015665,0.32905963815054723,0.12423189789960942,L1_VisitorType=new,False,1
L1_VisitorType=returning,L1,ROOT,1178,556,0.12903225806451613,0.13129496402877697,0.2,0.1,0.31115107913669066,0.5194805194805194,0.49382716049382713,0.547945205479452,0.1079136690647482,0.14568345323741008,556,True,,f1_regret_bnd,0.15437260581145468,0.32905963815054723,-0.17468703233909255,ROOT,True,1
L1_VisitorType=others,L1,ROOT,49,18,0.20408163265306123,0.1111111111111111,0.2,0.1,,,,,,,0,True,,f1_regret_bnd,,0.32905963815054723,,ROOT,True,1
L1_VisitorType=new|L2_Month=high_season,L2,L1_VisitorType=new,85,103,0.27058823529411763,0.3106796116504854,0.2,0.1,0.32524271844660196,0.7619047619047619,0.7741935483870968,0.75,0.18446601941747573,0.30097087378640774,103,True,L1_VisitorType=new,f1_regret_bnd,0.344429033749422,0.45329153605015665,-0.10886250230073463,L1_VisitorType=new,True,1
L1_VisitorType=new|L2_Month=low_season,L2,L1_VisitorType=new,162,128,0.18518518518518517,0.203125,0.5,0.2,0.1015625,0.9019607843137256,0.92,0.8846153846153846,0.03125,0.1953125,128,False,,f1_regret_bnd,0.7847732843137256,0.45329153605015665,0.33148174826356896,L1_VisitorType=new|L2_Month=low_season,False,1
L1_VisitorType=new|L2_Month=mid_season,L2,L1_VisitorType=new,146,109,0.2534246575342466,0.25688073394495414,0.6,0.3,0.12844036697247707,0.8771929824561403,0.8620689655172413,0.8928571428571429,0.01834862385321101,0.26605504587155965,109,False,,f1_regret_bnd,0.7395783035570578,0.45329153605015665,0.28628676750690113,L1_VisitorType=new|L2_Month=mid_season,False,1
L1_VisitorType=new|L2_Month=others,L2,L1_VisitorType=new,18,7,0.16666666666666666,0.42857142857142855,0.2,0.1,,,,,,,0,True,L1_VisitorType=new,f1_regret_bnd,,0.45329153605015665,,L1_VisitorType=new,True,1
L1_VisitorType=returning|L2_Month=OTHER,L2,L1_VisitorType=returning,139,66,0.05755395683453238,0.07575757575757576,0.3,0.1,0.13636363636363635,0.5,0.42857142857142855,0.6,0.09090909090909091,0.10606060606060606,66,False,,f1_regret_bnd,0.3181818181818182,0.15437260581145468,0.1638092123703635,L1_VisitorType=returning|L2_Month=OTHER,False,1
L1_VisitorType=returning|L2_Month=high_season,L2,L1_VisitorType=returning,442,181,0.19457013574660634,0.23756906077348067,0.2,0.1,0.4143646408839779,0.625,0.5660377358490566,0.6976744186046512,0.13259668508287292,0.292817679558011,181,True,,f1_regret_bnd,0.14433701657458564,0.15437260581145468,-0.010035589236869036,ROOT,True,1
L1_VisitorType=returning|L2_Month=low_season,L2,L1_VisitorType=returning,296,121,0.14189189189189189,0.05785123966942149,0.2,0.1,0.05785123966942149,0.7000000000000001,0.5384615384615384,1.0,0.01652892561983471,0.10743801652892562,121,False,,f1_regret_bnd,0.6338842975206612,0.15437260581145468,0.47951169170920654,L1_VisitorType=returning|L2_Month=low_season,False,1
L1_VisitorType=returning|L2_Month=mid_season,L2,L1_VisitorType=returning,411,187,0.09732360097323602,0.1443850267379679,0.2,0.1,0.2540106951871658,0.6415094339622641,0.6538461538461539,0.6296296296296297,0.016042780748663103,0.13903743315508021,187,False,,f1_regret_bnd,0.3794773484007668,0.15437260581145468,0.22510474258931212,L1_VisitorType=returning|L2_Month=mid_season,False,1
L1_VisitorType=new|L2_Month=high_season|L3_Region=region_1_2,L3,L1_VisitorType=new|L2_Month=high_season,195,88,0.2717948717948718,0.2840909090909091,0.4,0.3,0.3181818181818182,0.8085106382978724,0.8636363636363636,0.76,0.022727272727272728,0.25,88,False,,f1_regret_bnd,0.47896518375241787,0.344429033749422,0.13453615000299585,L1_VisitorType=new|L2_Month=high_season|L3_Region=region_1_2,False,1
L1_VisitorType=new|L2_Month=high_season|L3_Region=region_3_4,L3,L1_VisitorType=new|L2_Month=high_season,124,44,0.2661290322580645,0.3409090909090909,0.2,0.1,0.4772727272727273,0.689655172413793,0.7142857142857143,0.6666666666666666,0.13636363636363635,0.3181818181818182,44,True,L1_VisitorType=new,f1_regret_bnd,0.14420062695924757,0.344429033749422,-0.20022840679017445,L1_VisitorType=new,True,1
L1_VisitorType=new|L2_Month=high_season|L3_Region=region_5_plus,L3,L1_VisitorType=new|L2_Month=high_season,110,42,0.2909090909090909,0.30952380952380953,0.2,0.1,0.25,0.8,0.8333333333333334,0.7692307692307693,0.2619047619047619,0.2857142857142857,42,False,,f1_regret_bnd,0.4190476190476191,0.344429033749422,0.0746185852981971,L1_VisitorType=new|L2_Month=high_season|L3_Region=region_5_plus,False,1
L1_VisitorType=new|L2_Month=low_season|L3_Region=region_1_2,L3,L1_VisitorType=new|L2_Month=low_season,125,71,0.216,0.2112676056338028,0.4,0.3,0.0,1.0,1.0,1.0,0.0,0.2112676056338028,71,False,,f1_regret_bnd,1.0,0.7847732843137256,0.21522671568627438,L1_VisitorType=new|L2_Month=low_season|L3_Region=region_1_2,False,1
L1_VisitorType=new|L2_Month=low_season|L3_Region=region_3_4,L3,L1_VisitorType=new|L2_Month=low_season,66,28,0.12121212121212122,0.25,0.5,0.2,,,,,,,0,True,L1_VisitorType=new|L2_Month=low_season,f1_regret_bnd,,0.7847732843137256,,L1_VisitorType=new|L2_Month=low_season,True,1
L1_VisitorType=new|L2_Month=low_season|L3_Region=region_5_plus,L3,L1_VisitorType=new|L2_Month=low_season,71,29,0.2112676056338028,0.13793103448275862,0.5,0.2,,,,,,,0,True,L1_VisitorType=new|L2_Month=low_season,f1_regret_bnd,,0.7847732843137256,,L1_VisitorType=new|L2_Month=low_season,True,1
L1_VisitorType=new|L2_Month=mid_season|L3_Region=region_1_2,L3,L1_VisitorType=new|L2_Month=mid_season,125,47,0.312,0.2127659574468085,0.7,0.6,0.11702127659574468,0.9,0.9,0.9,0.02127659574468085,0.2127659574468085,47,False,,f1_regret_bnd,0.772340425531915,0.7395783035570578,0.03276212197485717,L1_VisitorType=new|L2_Month=mid_season|L3_Region=region_1_2,False,1
L1_VisitorType=new|L2_Month=mid_season|L3_Region=region_3_4,L3,L1_VisitorType=new|L2_Month=mid_season,64,33,0.203125,0.18181818181818182,0.6,0.3,,,,,,,0,True,L1_VisitorType=new|L2_Month=mid_season,f1_regret_bnd,,0.7395783035570578,,L1_VisitorType=new|L2_Month=mid_season,True,1
L1_VisitorType=new|L2_Month=mid_season|L3_Region=region_5_plus,L3,L1_VisitorType=new|L2_Month=mid_season,57,29,0.2982456140350877,0.41379310344827586,0.6,0.3,,,,,,,0,True,L1_VisitorType=new|L2_Month=mid_season,f1_regret_bnd,,0.7395783035570578,,L1_VisitorType=new|L2_Month=mid_season,True,1
L1_VisitorType=returning|L2_Month=OTHER|L3_Region=region_1_2,L3,L1_VisitorType=returning|L2_Month=OTHER,68,36,0.058823529411764705,0.08333333333333333,0.3,0.1,,,,,,,0,True,L1_VisitorType=returning|L2_Month=OTHER,f1_regret_bnd,,0.3181818181818182,,L1_VisitorType=returning|L2_Month=OTHER,True,1
L1_VisitorType=returning|L2_Month=OTHER|L3_Region=others,L3,L1_VisitorType=returning|L2_Month=OTHER,71,30,0.056338028169014086,0.06666666666666667,0.3,0.1,,,,,,,0,True,L1_VisitorType=returning|L2_Month=OTHER,f1_regret_bnd,,0.3181818181818182,,L1_VisitorType=returning|L2_Month=OTHER,True,1
L1_VisitorType=returning|L2_Month=high_season|L3_Region=region_1_2,L3,L1_VisitorType=returning|L2_Month=high_season,1109,454,0.2146077547339946,0.23127753303964757,0.2,0.1,0.4041850220264317,0.5945945945945945,0.5,0.7333333333333333,0.10792951541850221,0.3392070484581498,454,True,,f1_regret_bnd,0.13644481485891172,0.14433701657458564,-0.007892201715673924,ROOT,True,1
L1_VisitorType=returning|L2_Month=high_season|L3_Region=region_3_4,L3,L1_VisitorType=returning|L2_Month=high_season,671,248,0.18777943368107303,0.1935483870967742,0.4,0.2,0.3709677419354839,0.5806451612903225,0.6,0.5625,0.08870967741935484,0.1814516129032258,248,False,,f1_regret_bnd,0.1653225806451612,0.14433701657458564,0.020985564070575558,L1_VisitorType=returning|L2_Month=high_season|L3_Region=region_3_4,False,1
L1_VisitorType=returning|L2_Month=high_season|L3_Region=region_5_plus,L3,L1_VisitorType=returning|L2_Month=high_season,435,210,0.14482758620689656,0.1380952380952381,0.4,0.3,0.30238095238095236,0.5555555555555556,0.6,0.5172413793103449,0.03333333333333333,0.11904761904761904,210,False,,f1_regret_bnd,0.23650793650793656,0.14433701657458564,0.09217091993335091,L1_VisitorType=returning|L2_Month=high_season|L3_Region=region_5_plus,False,1
L1_VisitorType=returning|L2_Month=low_season|L3_Region=region_1_2,L3,L1_VisitorType=returning|L2_Month=low_season,747,285,0.12985274431057564,0.10877192982456141,0.2,0.1,0.12105263157894737,0.7123287671232876,0.6190476190476191,0.8387096774193549,0.031578947368421054,0.14736842105263157,285,True,L1_VisitorType=returning|L2_Month=low_season,f1_regret_bnd,0.5754866618601296,0.6338842975206612,-0.05839763566053158,L1_VisitorType=returning|L2_Month=low_season,True,1
L1_VisitorType=returning|L2_Month=low_season|L3_Region=region_3_4,L3,L1_VisitorType=returning|L2_Month=low_season,400,182,0.1125,0.12637362637362637,0.2,0.1,0.18956043956043955,0.6428571428571429,0.5454545454545454,0.782608695652174,0.06043956043956044,0.1813186813186813,182,True,L1_VisitorType=returning|L2_Month=low_season,f1_regret_bnd,0.42307692307692313,0.6338842975206612,-0.2108073744437381,L1_VisitorType=returning|L2_Month=low_season,True,1
L1_VisitorType=returning|L2_Month=low_season|L3_Region=region_5_plus,L3,L1_VisitorType=returning|L2_Month=low_season,336,141,0.11607142857142858,0.10638297872340426,0.2,0.1,0.14184397163120568,0.6875,0.6470588235294118,0.7333333333333333,0.014184397163120567,0.12056737588652482,141,True,L1_VisitorType=returning|L2_Month=low_season,f1_regret_bnd,0.538563829787234,0.6338842975206612,-0.09532046773342717,L1_VisitorType=returning|L2_Month=low_season,True,1
L1_VisitorType=returning|L2_Month=mid_season|L3_Region=region_1_2,L3,L1_VisitorType=returning|L2_Month=mid_season,951,445,0.08832807570977919,0.10337078651685393,0.3,0.1,0.13820224719101123,0.7000000000000001,0.6481481481481481,0.7608695652173914,0.033707865168539325,0.12134831460674157,445,False,,f1_regret_bnd,0.5449438202247191,0.3794773484007668,0.1654664718239523,L1_VisitorType=returning|L2_Month=mid_season|L3_Region=region_1_2,False,1
L1_VisitorType=returning|L2_Month=mid_season|L3_Region=region_3_4,L3,L1_VisitorType=returning|L2_Month=mid_season,638,273,0.09404388714733543,0.08058608058608059,0.4,0.1,0.13736263736263737,0.6,0.5357142857142857,0.6818181818181818,0.06227106227106227,0.10256410256410256,273,False,,f1_regret_bnd,0.43150183150183147,0.3794773484007668,0.05202448310106467,L1_VisitorType=returning|L2_Month=mid_season|L3_Region=region_3_4,False,1
L1_VisitorType=returning|L2_Month=mid_season|L3_Region=region_5_plus,L3,L1_VisitorType=returning|L2_Month=mid_season,474,220,0.12447257383966245,0.1,0.2,0.1,0.18636363636363637,0.6122448979591836,0.5555555555555556,0.6818181818181818,0.03636363636363636,0.12272727272727273,220,False,,f1_regret_bnd,0.407699443413729,0.3794773484007668,0.02822209501296219,L1_VisitorType=returning|L2_Month=mid_season|L3_Region=region_5_plus,False,1
ROOT,L1,,1421,607,0.15482054890921887,0.14991762767710048,0.4,0.2,0.2215815485996705,0.6775956284153005,0.6739130434782609,0.6813186813186813,0.051070840197693576,0.1515650741350906,607,False,,f1_regret_bnd,0.43047865971678323,-0.21942567567567567,0.649904335392459,ROOT,False,2
L1_VisitorType=new,L1,ROOT,197,88,0.23857868020304568,0.3068181818181818,0.4,0.3,0.2840909090909091,0.8571428571428572,0.9545454545454546,0.7777777777777778,0.0,0.25,88,False,,f1_regret_bnd,0.573051948051948,0.43047865971678323,0.1425732883351648,L1_VisitorType=new,False,2
L1_VisitorType=returning,L1,ROOT,1183,562,0.1301775147928994,0.11209964412811388,0.4,0.2,0.2099644128113879,0.5771812080536913,0.5,0.6825396825396826,0.099644128113879,0.15302491103202848,562,True,,f1_regret_bnd,0.31739473118536393,0.43047865971678323,-0.1130839285314193,ROOT,True,2
L1_VisitorType=others,L1,ROOT,51,20,0.19607843137254902,0.1,0.4,0.2,,,,,,,0,True,,f1_regret_bnd,,0.43047865971678323,,ROOT,True,2
L1_VisitorType=new|L2_Month=high_season,L2,L1_VisitorType=new,80,119,0.2375,0.21008403361344538,0.4,0.3,0.2857142857142857,0.7727272727272727,0.8947368421052632,0.68,0.0,0.15966386554621848,119,True,L1_VisitorType=new,f1_regret_bnd,0.487012987012987,0.573051948051948,-0.08603896103896103,L1_VisitorType=new,True,2
L1_VisitorType=new|L2_Month=low_season,L2,L1_VisitorType=new,167,106,0.17964071856287425,0.24528301886792453,0.5,0.4,0.1320754716981132,0.9019607843137256,0.92,0.8846153846153846,0.0,0.2358490566037736,106,False,,f1_regret_bnd,0.7698853126156124,0.573051948051948,0.1968333645636644,L1_VisitorType=new|L2_Month=low_season,False,2
L1_VisitorType=new|L2_Month=mid_season,L2,L1_VisitorType=new,154,109,0.2987012987012987,0.29357798165137616,0.2,0.1,0.2018348623853211,0.8999999999999999,0.9642857142857143,0.84375,0.01834862385321101,0.25688073394495414,109,False,,f1_regret_bnd,0.6889908256880732,0.573051948051948,0.1159388776361252,L1_VisitorType=new|L2_Month=mid_season,False,2
L1_VisitorType=new|L2_Month=others,L2,L1_VisitorType=new,14,8,0.14285714285714285,0.25,0.4,0.3,,,,,,,0,True,L1_VisitorType=new,f1_regret_bnd,,0.573051948051948,,L1_VisitorType=new,True,2
L1_VisitorType=returning|L2_Month=OTHER,L2,L1_VisitorType=returning,135,73,0.08148148148148149,0.0958904109589041,0.2,0.1,0.0958904109589041,0.8571428571428571,0.8571428571428571,0.8571428571428571,0.0547945205479452,0.0958904109589041,73,False,,f1_regret_bnd,0.7338551859099803,0.31739473118536393,0.4164604547246164,L1_VisitorType=returning|L2_Month=OTHER,False,2
L1_VisitorType=returning|L2_Month=high_season,L2,L1_VisitorType=returning,440,181,0.20454545454545456,0.1878453038674033,0.4,0.2,0.3259668508287293,0.619718309859155,0.5945945945945946,0.6470588235294118,0.055248618784530384,0.20441988950276244,181,True,,f1_regret_bnd,0.26612714963816053,0.31739473118536393,-0.0512675815472034,ROOT,True,2
L1_VisitorType=returning|L2_Month=low_season,L2,L1_VisitorType=returning,293,122,0.11262798634812286,0.13114754098360656,0.5,0.1,0.18032786885245902,0.6666666666666666,0.7142857142857143,0.625,0.04918032786885246,0.11475409836065574,122,False,,f1_regret_bnd,0.4617486338797814,0.31739473118536393,0.14435390269441745,L1_VisitorType=returning|L2_Month=low_season,False,2
L1_VisitorType=returning|L2_Month=mid_season,L2,L1_VisitorType=returning,419,185,0.10501193317422435,0.0972972972972973,0.4,0.2,0.17027027027027028,0.6285714285714287,0.6470588235294118,0.6111111111111112,0.03783783783783784,0.0918918918918919,185,False,,f1_regret_bnd,0.4393822393822394,0.31739473118536393,0.12198750819687548,L1_VisitorType=returning|L2_Month=mid_season,False,2
L1_VisitorType=new|L2_Month=high_season|L3_Region=region_1_2,L3,L1_VisitorType=new|L2_Month=high_season,198,88,0.2222222222222222,0.32954545454545453,0.4,0.2,0.3181818181818182,0.8461538461538461,0.9565217391304348,0.7586206896551724,0.045454545454545456,0.26136363636363635,88,False,,f1_regret_bnd,0.5052447552447552,0.487012987012987,0.018231768231768197,L1_VisitorType=new|L2_Month=high_season|L3_Region=region_1_2,False,2
L1_VisitorType=new|L2_Month=high_season|L3_Region=region_3_4,L3,L1_VisitorType=new|L2_Month=high_season,115,47,0.22608695652173913,0.2127659574468085,0.4,0.3,0.32978723404255317,0.7058823529411764,0.8571428571428571,0.6,0.19148936170212766,0.14893617021276595,47,True,L1_VisitorType=new,f1_regret_bnd,0.28035043804755944,0.487012987012987,-0.20666254896542757,L1_VisitorType=new,True,2
L1_VisitorType=new|L2_Month=high_season|L3_Region=region_5_plus,L3,L1_VisitorType=new|L2_Month=high_season,94,55,0.3191489361702128,0.18181818181818182,0.8,0.7,0.21818181818181817,0.8235294117647058,1.0,0.7,0.0,0.12727272727272726,55,False,,f1_regret_bnd,0.6053475935828877,0.487012987012987,0.11833460656990069,L1_VisitorType=new|L2_Month=high_season|L3_Region=region_5_plus,False,2
L1_VisitorType=new|L2_Month=low_season|L3_Region=region_1_2,L3,L1_VisitorType=new|L2_Month=low_season,131,54,0.22137404580152673,0.25925925925925924,0.5,0.4,0.18518518518518517,0.8571428571428571,0.8571428571428571,0.8571428571428571,0.0,0.25925925925925924,54,True,L1_VisitorType=new|L2_Month=low_season,f1_regret_bnd,0.6719576719576719,0.7698853126156124,-0.09792764065794057,L1_VisitorType=new|L2_Month=low_season,True,2
L1_VisitorType=new|L2_Month=low_season|L3_Region=region_3_4,L3,L1_VisitorType=new|L2_Month=low_season,76,19,0.11842105263157894,0.3157894736842105,0.5,0.4,,,,,,,0,True,L1_VisitorType=new|L2_Month=low_season,f1_regret_bnd,,0.7698853126156124,,L1_VisitorType=new|L2_Month=low_season,True,2
L1_VisitorType=new|L2_Month=low_season|L3_Region=region_5_plus,L3,L1_VisitorType=new|L2_Month=low_season,65,33,0.2153846153846154,0.18181818181818182,0.5,0.4,,,,,,,0,True,L1_VisitorType=new|L2_Month=low_season,f1_regret_bnd,,0.7698853126156124,,L1_VisitorType=new|L2_Month=low_season,True,2
L1_VisitorType=new|L2_Month=mid_season|L3_Region=region_1_2,L3,L1_VisitorType=new|L2_Month=mid_season,109,54,0.30275229357798167,0.25925925925925924,0.2,0.1,0.3055555555555556,0.8333333333333333,1.0,0.7142857142857143,0.018518518518518517,0.18518518518518517,54,True,L1_VisitorType=new|L2_Month=mid_season,f1_regret_bnd,0.5185185185185184,0.6889908256880732,-0.17047230716955486,L1_VisitorType=new|L2_Month=mid_season,True,2
L1_VisitorType=new|L2_Month=mid_season|L3_Region=region_3_4,L3,L1_VisitorType=new|L2_Month=mid_season,65,27,0.24615384615384617,0.2962962962962963,0.2,0.1,,,,,,,0,True,L1_VisitorType=new|L2_Month=mid_season,f1_regret_bnd,,0.6889908256880732,,L1_VisitorType=new|L2_Month=mid_season,True,2
L1_VisitorType=new|L2_Month=mid_season|L3_Region=region_5_plus,L3,L1_VisitorType=new|L2_Month=mid_season,68,28,0.3235294117647059,0.35714285714285715,0.2,0.1,,,,,,,0,True,L1_VisitorType=new|L2_Month=mid_season,f1_regret_bnd,,0.6889908256880732,,L1_VisitorType=new|L2_Month=mid_season,True,2
L1_VisitorType=returning|L2_Month=OTHER|L3_Region=region_1_2,L3,L1_VisitorType=returning|L2_Month=OTHER,57,38,0.05263157894736842,0.10526315789473684,0.2,0.1,,,,,,,0,True,L1_VisitorType=returning|L2_Month=OTHER,f1_regret_bnd,,0.7338551859099803,,L1_VisitorType=returning|L2_Month=OTHER,True,2
L1_VisitorType=returning|L2_Month=OTHER|L3_Region=others,L3,L1_VisitorType=returning|L2_Month=OTHER,78,35,0.10256410256410256,0.08571428571428572,0.2,0.1,,,,,,,0,True,L1_VisitorType=returning|L2_Month=OTHER,f1_regret_bnd,,0.7338551859099803,,L1_VisitorType=returning|L2_Month=OTHER,True,2
L1_VisitorType=returning|L2_Month=high_season|L3_Region=region_1_2,L3,L1_VisitorType=returning|L2_Month=high_season,1069,468,0.21702525724976612,0.20085470085470086,0.4,0.2,0.33974358974358976,0.6072874493927125,0.49019607843137253,0.7978723404255319,0.1111111111111111,0.3269230769230769,468,True,,f1_regret_bnd,0.2119883040935672,0.26612714963816053,-0.054138845544593334,ROOT,True,2
L1_VisitorType=returning|L2_Month=high_season|L3_Region=region_3_4,L3,L1_VisitorType=returning|L2_Month=high_season,679,246,0.19145802650957292,0.1910569105691057,0.4,0.3,0.29471544715447157,0.6597938144329897,0.64,0.6808510638297872,0.028455284552845527,0.2032520325203252,246,False,,f1_regret_bnd,0.35085072500209535,0.26612714963816053,0.08472357536393482,L1_VisitorType=returning|L2_Month=high_season|L3_Region=region_3_4,False,2
L1_VisitorType=returning|L2_Month=high_season|L3_Region=region_5_plus,L3,L1_VisitorType=returning|L2_Month=high_season,462,198,0.15800865800865802,0.16161616161616163,0.3,0.1,0.2727272727272727,0.6399999999999999,0.5581395348837209,0.75,0.15151515151515152,0.21717171717171718,198,False,,f1_regret_bnd,0.29151515151515145,0.26612714963816053,0.025388001876990918,L1_VisitorType=returning|L2_Month=high_season|L3_Region=region_5_plus,False,2
L1_VisitorType=returning|L2_Month=low_season|L3_Region=region_1_2,L3,L1_VisitorType=returning|L2_Month=low_season,714,321,0.11904761904761904,0.1308411214953271,0.2,0.1,0.10124610591900311,0.8409090909090908,0.8043478260869565,0.8809523809523809,0.021806853582554516,0.14330218068535824,321,False,,f1_regret_bnd,0.7287595581988106,0.4617486338797814,0.2670109243190292,L1_VisitorType=returning|L2_Month=low_season|L3_Region=region_1_2,False,2
L1_VisitorType=returning|L2_Month=low_season|L3_Region=region_3_4,L3,L1_VisitorType=returning|L2_Month=low_season,421,165,0.12114014251781473,0.10303030303030303,0.5,0.1,0.1696969696969697,0.5882352941176471,0.5882352941176471,0.5882352941176471,0.13333333333333333,0.10303030303030303,165,True,L1_VisitorType=returning|L2_Month=low_season,f1_regret_bnd,0.35187165775401075,0.4617486338797814,-0.10987697612577063,L1_VisitorType=returning|L2_Month=low_season,True,2
L1_VisitorType=returning|L2_Month=low_season|L3_Region=region_5_plus,L3,L1_VisitorType=returning|L2_Month=low_season,336,127,0.11011904761904762,0.11811023622047244,0.5,0.1,0.1732283464566929,0.6486486486486486,0.5454545454545454,0.8,0.047244094488188976,0.1732283464566929,127,True,L1_VisitorType=returning|L2_Month=low_season,f1_regret_bnd,0.45179825494786113,0.4617486338797814,-0.009950378931920245,L1_VisitorType=returning|L2_Month=low_season,True,2
L1_VisitorType=returning|L2_Month=mid_season|L3_Region=region_1_2,L3,L1_VisitorType=returning|L2_Month=mid_season,957,422,0.10031347962382445,0.11137440758293839,0.4,0.2,0.18127962085308058,0.6296296296296297,0.5573770491803278,0.723404255319149,0.045023696682464455,0.14454976303317535,422,True,L1_VisitorType=returning|L2_Month=mid_season,f1_regret_bnd,0.42583816043531686,0.4393822393822394,-0.013544078946922555,L1_VisitorType=returning|L2_Month=mid_season,True,2
L1_VisitorType=returning|L2_Month=mid_season|L3_Region=region_3_4,L3,L1_VisitorType=returning|L2_Month=mid_season,658,286,0.1033434650455927,0.07692307692307693,0.2,0.1,0.1258741258741259,0.5925925925925926,0.5,0.7272727272727273,0.03496503496503497,0.11188811188811189,286,False,,f1_regret_bnd,0.4492359492359492,0.4393822393822394,0.009853709853709758,L1_VisitorType=returning|L2_Month=mid_season|L3_Region=region_3_4,False,2
L1_VisitorType=returning|L2_Month=mid_season|L3_Region=region_5_plus,L3,L1_VisitorType=returning|L2_Month=mid_season,487,221,0.10472279260780287,0.1085972850678733,0.4,0.2,0.1493212669683258,0.6071428571428571,0.53125,0.7083333333333334,0.04524886877828054,0.14479638009049775,221,True,L1_VisitorType=returning|L2_Month=mid_season,f1_regret_bnd,0.43519715578539103,0.4393822393822394,-0.004185083596848382,L1_VisitorType=returning|L2_Month=mid_season,True,2
ROOT,L1,,1420,609,0.1528169014084507,0.1592775041050903,0.2,0.1,0.17159277504105092,0.7224669603524229,0.6307692307692307,0.845360824742268,0.047619047619047616,0.2134646962233169,609,False,,f1_regret_bnd,0.527064661501848,-0.23547297297297298,0.762537634474821,ROOT,False,3
L1_VisitorType=new,L1,ROOT,199,87,0.18090452261306533,0.3218390804597701,0.4,0.2,0.23563218390804597,0.8518518518518519,0.8846153846153846,0.8214285714285714,0.011494252873563218,0.2988505747126437,87,False,,f1_regret_bnd,0.6104725415070242,0.527064661501848,0.08340788000517618,L1_VisitorType=new,False,3
L1_VisitorType=returning,L1,ROOT,1183,555,0.12848689771766694,0.12432432432432433,0.2,0.1,0.1954954954954955,0.6000000000000001,0.4864864864864865,0.782608695652174,0.055855855855855854,0.2,555,True,,f1_regret_bnd,0.37657657657657667,0.527064661501848,-0.15048808492527138,ROOT,True,3
L1_VisitorType=others,L1,ROOT,50,22,0.2,0.22727272727272727,0.2,0.1,,,,,,,0,True,,f1_regret_bnd,,0.527064661501848,,ROOT,True,3
L1_VisitorType=new|L2_Month=high_season,L2,L1_VisitorType=new,82,109,0.2682926829268293,0.27522935779816515,0.4,0.2,0.43577981651376146,0.7169811320754716,0.8260869565217391,0.6333333333333333,0.21100917431192662,0.21100917431192662,109,True,L1_VisitorType=new,f1_regret_bnd,0.17569672840574688,0.6104725415070242,-0.43477581310127733,L1_VisitorType=new,True,3
L1_VisitorType=new|L2_Month=low_season,L2,L1_VisitorType=new,152,97,0.20394736842105263,0.16494845360824742,0.6,0.4,0.10824742268041238,0.875,0.875,0.875,0.010309278350515464,0.16494845360824742,97,False,,f1_regret_bnd,0.7615979381443299,0.6104725415070242,0.15112539663730562,L1_VisitorType=new|L2_Month=low_season,False,3
L1_VisitorType=new|L2_Month=mid_season,L2,L1_VisitorType=new,149,117,0.2483221476510067,0.2564102564102564,0.2,0.1,0.17094017094017094,0.8387096774193549,0.8125,0.8666666666666667,0.017094017094017096,0.27350427350427353,117,False,,f1_regret_bnd,0.6592224979321755,0.6104725415070242,0.04874995642515123,L1_VisitorType=new|L2_Month=mid_season,False,3
L1_VisitorType=new|L2_Month=others,L2,L1_VisitorType=new,17,8,0.23529411764705882,0.375,0.4,0.2,,,,,,,0,True,L1_VisitorType=new,f1_regret_bnd,,0.6104725415070242,,L1_VisitorType=new,True,3
L1_VisitorType=returning|L2_Month=OTHER,L2,L1_VisitorType=returning,134,64,0.07462686567164178,0.125,0.2,0.1,0.2265625,0.5333333333333333,0.5714285714285714,0.5,0.046875,0.109375,64,True,,f1_regret_bnd,0.2833333333333333,0.37657657657657667,-0.09324324324324335,ROOT,True,3
L1_VisitorType=returning|L2_Month=high_season,L2,L1_VisitorType=returning,445,177,0.18876404494382024,0.12429378531073447,0.2,0.1,0.24858757062146894,0.6111111111111112,0.7857142857142857,0.5,0.1016949152542373,0.07909604519774012,177,True,,f1_regret_bnd,0.3116760828625236,0.37657657657657667,-0.0649004937140531,ROOT,True,3
L1_VisitorType=returning|L2_Month=low_season,L2,L1_VisitorType=returning,292,129,0.1404109589041096,0.09302325581395349,0.2,0.1,0.06976744186046512,0.7586206896551724,0.6470588235294118,0.9166666666666666,0.031007751937984496,0.13178294573643412,129,False,,f1_regret_bnd,0.673349371825715,0.37657657657657667,0.2967727952491383,L1_VisitorType=returning|L2_Month=low_season,False,3
L1_VisitorType=returning|L2_Month=mid_season,L2,L1_VisitorType=returning,417,183,0.08393285371702638,0.08743169398907104,0.2,0.1,0.16666666666666666,0.5714285714285714,0.46153846153846156,0.75,0.03825136612021858,0.14207650273224043,183,False,,f1_regret_bnd,0.38563622170179546,0.37657657657657667,0.009059645125218785,L1_VisitorType=returning|L2_Month=mid_season,False,3
L1_VisitorType=new|L2_Month=high_season|L3_Region=region_1_2,L3,L1_VisitorType=new|L2_Month=high_season,193,100,0.21761658031088082,0.35,0.3,0.1,0.315,0.8571428571428572,0.9642857142857143,0.7714285714285715,0.15,0.28,100,False,,f1_regret_bnd,0.46714285714285725,0.17569672840574688,0.2914461287371104,L1_VisitorType=new|L2_Month=high_season|L3_Region=region_1_2,False,3
L1_VisitorType=new|L2_Month=high_season|L3_Region=region_3_4,L3,L1_VisitorType=new|L2_Month=high_season,114,46,0.2894736842105263,0.2608695652173913,0.2,0.1,0.30434782608695654,0.75,0.75,0.75,0.21739130434782608,0.2608695652173913,46,False,,f1_regret_bnd,0.33695652173913043,0.17569672840574688,0.16125979333338356,L1_VisitorType=new|L2_Month=high_season|L3_Region=region_3_4,False,3
L1_VisitorType=new|L2_Month=high_season|L3_Region=region_5_plus,L3,L1_VisitorType=new|L2_Month=high_season,110,43,0.3090909090909091,0.23255813953488372,0.4,0.2,0.4883720930232558,0.625,0.8333333333333334,0.5,0.0,0.13953488372093023,43,True,L1_VisitorType=new,f1_regret_bnd,0.1366279069767442,0.17569672840574688,-0.03906882142900267,L1_VisitorType=new,True,3
L1_VisitorType=new|L2_Month=low_season|L3_Region=region_1_2,L3,L1_VisitorType=new|L2_Month=low_season,138,50,0.2246376811594203,0.2,0.6,0.4,0.21,0.8000000000000002,0.8,0.8,0.02,0.2,50,True,L1_VisitorType=new|L2_Month=low_season,f1_regret_bnd,0.5800000000000002,0.7615979381443299,-0.18159793814432967,L1_VisitorType=new|L2_Month=low_season,True,3
L1_VisitorType=new|L2_Month=low_season|L3_Region=region_3_4,L3,L1_VisitorType=new|L2_Month=low_season,60,27,0.13333333333333333,0.1111111111111111,0.6,0.4,,,,,,,0,True,L1_VisitorType=new|L2_Month=low_season,f1_regret_bnd,,0.7615979381443299,,L1_VisitorType=new|L2_Month=low_season,True,3
L1_VisitorType=new|L2_Month=low_season|L3_Region=region_5_plus,L3,L1_VisitorType=new|L2_Month=low_season,65,20,0.23076923076923078,0.15,0.6,0.4,,,,,,,0,True,L1_VisitorType=new|L2_Month=low_season,f1_regret_bnd,,0.7615979381443299,,L1_VisitorType=new|L2_Month=low_season,True,3
L1_VisitorType=new|L2_Month=mid_season|L3_Region=region_1_2,L3,L1_VisitorType=new|L2_Month=mid_season,108,49,0.25925925925925924,0.2653061224489796,0.2,0.1,0.2653061224489796,0.8333333333333333,0.9090909090909091,0.7692307692307693,0.0,0.22448979591836735,49,True,L1_VisitorType=new|L2_Month=mid_season,f1_regret_bnd,0.5680272108843536,0.6592224979321755,-0.09119528704782187,L1_VisitorType=new|L2_Month=mid_season,True,3
L1_VisitorType=new|L2_Month=mid_season|L3_Region=region_3_4,L3,L1_VisitorType=new|L2_Month=mid_season,70,31,0.18571428571428572,0.1935483870967742,0.2,0.1,,,,,,,0,True,L1_VisitorType=new|L2_Month=mid_season,f1_regret_bnd,,0.6592224979321755,,L1_VisitorType=new|L2_Month=mid_season,True,3
L1_VisitorType=new|L2_Month=mid_season|L3_Region=region_5_plus,L3,L1_VisitorType=new|L2_Month=mid_season,58,37,0.3103448275862069,0.2972972972972973,0.2,0.1,,,,,,,0,True,L1_VisitorType=new|L2_Month=mid_season,f1_regret_bnd,,0.6592224979321755,,L1_VisitorType=new|L2_Month=mid_season,True,3
L1_VisitorType=returning|L2_Month=OTHER|L3_Region=region_1_2,L3,L1_VisitorType=returning|L2_Month=OTHER,64,36,0.0625,0.1388888888888889,0.2,0.1,,,,,,,0,True,,f1_regret_bnd,,0.2833333333333333,,ROOT,True,3
L1_VisitorType=returning|L2_Month=OTHER|L3_Region=others,L3,L1_VisitorType=returning|L2_Month=OTHER,70,28,0.08571428571428572,0.10714285714285714,0.2,0.1,,,,,,,0,True,,f1_regret_bnd,,0.2833333333333333,,ROOT,True,3
L1_VisitorType=returning|L2_Month=high_season|L3_Region=region_1_2,L3,L1_VisitorType=returning|L2_Month=high_season,1096,437,0.2271897810218978,0.2151029748283753,0.2,0.1,0.4416475972540046,0.5645933014354066,0.5130434782608696,0.6276595744680851,0.15102974828375287,0.2631578947368421,437,True,,f1_regret_bnd,0.04743083003952561,0.3116760828625236,-0.26424525282299793,ROOT,True,3
L1_VisitorType=returning|L2_Month=high_season|L3_Region=region_3_4,L3,L1_VisitorType=returning|L2_Month=high_season,667,270,0.17091454272863568,0.1962962962962963,0.2,0.1,0.3055555555555556,0.6299212598425198,0.5405405405405406,0.7547169811320755,0.10740740740740741,0.2740740740740741,270,True,,f1_regret_bnd,0.2706620005832605,0.3116760828625236,-0.041014082279263064,ROOT,True,3
L1_VisitorType=returning|L2_Month=high_season|L3_Region=region_5_plus,L3,L1_VisitorType=returning|L2_Month=high_season,468,182,0.15598290598290598,0.14285714285714285,0.2,0.1,0.260989010989011,0.6122448979591837,0.6521739130434783,0.5769230769230769,0.11538461538461539,0.12637362637362637,182,True,,f1_regret_bnd,0.29356357927786497,0.3116760828625236,-0.0181125035846586,ROOT,True,3
L1_VisitorType=returning|L2_Month=low_season|L3_Region=region_1_2,L3,L1_VisitorType=returning|L2_Month=low_season,736,320,0.10869565217391304,0.13125,0.2,0.1,0.0859375,0.782608695652174,0.72,0.8571428571428571,0.028125,0.15625,320,False,,f1_regret_bnd,0.682608695652174,0.673349371825715,0.009259323826458998,L1_VisitorType=returning|L2_Month=low_season|L3_Region=region_1_2,False,3
L1_VisitorType=returning|L2_Month=low_season|L3_Region=region_3_4,L3,L1_VisitorType=returning|L2_Month=low_season,420,194,0.13333333333333333,0.06701030927835051,0.2,0.1,0.15979381443298968,0.4827586206896552,0.4375,0.5384615384615384,0.07216494845360824,0.08247422680412371,194,True,L1_VisitorType=returning|L2_Month=low_season,f1_regret_bnd,0.2868823320298614,0.673349371825715,-0.38646703979585356,L1_VisitorType=returning|L2_Month=low_season,True,3
L1_VisitorType=returning|L2_Month=low_season|L3_Region=region_5_plus,L3,L1_VisitorType=returning|L2_Month=low_season,309,137,0.11003236245954692,0.1386861313868613,0.2,0.1,0.18248175182481752,0.631578947368421,0.631578947368421,0.631578947368421,0.11678832116788321,0.1386861313868613,137,True,L1_VisitorType=returning|L2_Month=low_season,f1_regret_bnd,0.3907030349596619,0.673349371825715,-0.28264633686605306,L1_VisitorType=returning|L2_Month=low_season,True,3
L1_VisitorType=returning|L2_Month=mid_season|L3_Region=region_1_2,L3,L1_VisitorType=returning|L2_Month=mid_season,972,434,0.09670781893004116,0.0967741935483871,0.3,0.1,0.16244239631336405,0.5918367346938775,0.5178571428571429,0.6904761904761905,0.0576036866359447,0.12903225806451613,434,False,,f1_regret_bnd,0.40059249506254113,0.38563622170179546,0.014956273360745675,L1_VisitorType=returning|L2_Month=mid_season|L3_Region=region_1_2,False,3
L1_VisitorType=returning|L2_Month=mid_season|L3_Region=region_3_4,L3,L1_VisitorType=returning|L2_Month=mid_season,653,276,0.10566615620214395,0.10507246376811594,0.2,0.1,0.14673913043478262,0.6000000000000001,0.5121951219512195,0.7241379310344828,0.04710144927536232,0.14855072463768115,276,False,,f1_regret_bnd,0.42971014492753634,0.38563622170179546,0.044073923225740885,L1_VisitorType=returning|L2_Month=mid_season|L3_Region=region_3_4,False,3
L1_VisitorType=returning|L2_Month=mid_season|L3_Region=region_5_plus,L3,L1_VisitorType=returning|L2_Month=mid_season,466,213,0.11373390557939914,0.09859154929577464,0.3,0.1,0.17370892018779344,0.5925925925925926,0.48484848484848486,0.7619047619047619,0.056338028169014086,0.15492957746478872,213,False,,f1_regret_bnd,0.39071465832029206,0.38563622170179546,0.005078436618496607,L1_VisitorType=returning|L2_Month=mid_season|L3_Region=region_5_plus,False,3
ROOT,L1,,1417,604,0.13620324629498942,0.17218543046357615,0.2,0.1,0.24089403973509935,0.6607142857142857,0.6166666666666667,0.7115384615384616,0.09105960264900662,0.1986754966887417,604,False,,f1_regret_bnd,0.37429044465468303,-0.2408783783783784,0.6151688230330614,ROOT,False,4
L1_VisitorType=new,L1,ROOT,208,80,0.22596153846153846,0.3,0.2,0.1,0.425,0.7272727272727272,0.8,0.6666666666666666,0.1,0.25,80,True,,f1_regret_bnd,0.2522727272727272,0.37429044465468303,-0.12201771738195583,ROOT,True,4
L1_VisitorType=returning,L1,ROOT,1176,567,0.125,0.14814814814814814,0.2,0.1,0.24338624338624337,0.6421052631578947,0.5754716981132075,0.7261904761904762,0.04585537918871252,0.18694885361552027,567,False,,f1_regret_bnd,0.3757913301772951,0.37429044465468303,0.001500885522612072,L1_VisitorType=returning,False,4
L1_VisitorType=others,L1,ROOT,46,16,0.17391304347826086,0.0625,0.2,0.1,,,,,,,0,True,,f1_regret_bnd,,0.37429044465468303,,ROOT,True,4
L1_VisitorType=new|L2_Month=high_season,L2,L1_VisitorType=new,85,105,0.21176470588235294,0.3142857142857143,0.2,0.1,0.5333333333333333,0.7037037037037038,0.9047619047619048,0.5757575757575758,0.01904761904761905,0.2,105,True,,f1_regret_bnd,0.160846560846561,0.2522727272727272,-0.09142616642616622,ROOT,True,4
L1_VisitorType=new|L2_Month=low_season,L2,L1_VisitorType=new,154,105,0.17532467532467533,0.18095238095238095,0.2,0.1,0.12857142857142856,0.8333333333333333,0.8823529411764706,0.7894736842105263,0.08571428571428572,0.1619047619047619,105,False,,f1_regret_bnd,0.6619047619047619,0.2522727272727272,0.4096320346320347,L1_VisitorType=new|L2_Month=low_season,False,4
L1_VisitorType=new|L2_Month=mid_season,L2,L1_VisitorType=new,160,113,0.26875,0.2920353982300885,0.5,0.4,0.14601769911504425,0.8955223880597014,0.8823529411764706,0.9090909090909091,0.008849557522123894,0.3008849557522124,113,False,,f1_regret_bnd,0.7450799101835952,0.2522727272727272,0.492807182910868,L1_VisitorType=new|L2_Month=mid_season,False,4
L1_VisitorType=new|L2_Month=others,L2,L1_VisitorType=new,19,3,0.21052631578947367,0.6666666666666666,0.2,0.1,,,,,,,0,True,,f1_regret_bnd,,0.2522727272727272,,ROOT,True,4
L1_VisitorType=returning|L2_Month=OTHER,L2,L1_VisitorType=returning,129,73,0.07751937984496124,0.136986301369863,0.2,0.1,0.2671232876712329,0.5,0.42857142857142855,0.6,0.0410958904109589,0.1917808219178082,73,True,L1_VisitorType=returning,f1_regret_bnd,0.21232876712328766,0.3757913301772951,-0.16346256305400744,L1_VisitorType=returning,True,4
L1_VisitorType=returning|L2_Month=high_season,L2,L1_VisitorType=returning,436,179,0.19954128440366972,0.18994413407821228,0.2,0.1,0.33798882681564246,0.6190476190476191,0.52,0.7647058823529411,0.11731843575418995,0.27932960893854747,179,True,L1_VisitorType=returning,f1_regret_bnd,0.22239957435488164,0.3757913301772951,-0.15339175582241346,L1_VisitorType=returning,True,4
L1_VisitorType=returning|L2_Month=low_season,L2,L1_VisitorType=returning,289,127,0.11418685121107267,0.07874015748031496,0.2,0.1,0.16929133858267717,0.5555555555555556,0.625,0.5,0.16535433070866143,0.06299212598425197,127,True,L1_VisitorType=returning,f1_regret_bnd,0.30358705161854765,0.3757913301772951,-0.07220427855874745,L1_VisitorType=returning,True,4
L1_VisitorType=returning|L2_Month=mid_season,L2,L1_VisitorType=returning,423,185,0.1111111111111111,0.10810810810810811,0.4,0.3,0.10810810810810811,0.7804878048780488,0.7619047619047619,0.8,0.021621621621621623,0.11351351351351352,185,False,,f1_regret_bnd,0.6615688859591299,0.3757913301772951,0.2857775557818348,L1_VisitorType=returning|L2_Month=mid_season,False,4
L1_VisitorType=new|L2_Month=high_season|L3_Region=region_1_2,L3,L1_VisitorType=new|L2_Month=high_season,201,83,0.2885572139303483,0.21686746987951808,0.4,0.3,0.23493975903614459,0.7878787878787877,0.8666666666666667,0.7222222222222222,0.012048192771084338,0.18072289156626506,83,False,,f1_regret_bnd,0.546914932457101,0.160846560846561,0.38606837161054,L1_VisitorType=new|L2_Month=high_season|L3_Region=region_1_2,False,4
L1_VisitorType=new|L2_Month=high_season|L3_Region=region_3_4,L3,L1_VisitorType=new|L2_Month=high_season,120,43,0.24166666666666667,0.32558139534883723,0.3,0.1,0.46511627906976744,0.782608695652174,1.0,0.6428571428571429,0.13953488372093023,0.20930232558139536,43,False,,f1_regret_bnd,0.24772497472194138,0.160846560846561,0.0868784138753804,L1_VisitorType=new|L2_Month=high_season|L3_Region=region_3_4,False,4
L1_VisitorType=new|L2_Month=high_season|L3_Region=region_5_plus,L3,L1_VisitorType=new|L2_Month=high_season,109,46,0.28440366972477066,0.30434782608695654,0.2,0.1,0.5652173913043478,0.6666666666666666,0.8,0.5714285714285714,0.782608695652174,0.21739130434782608,46,True,,f1_regret_bnd,-0.2898550724637681,0.160846560846561,-0.4507016333103291,ROOT,True,4
L1_VisitorType=new|L2_Month=low_season|L3_Region=region_1_2,L3,L1_VisitorType=new|L2_Month=low_season,134,45,0.208955223880597,0.2,0.2,0.1,0.1,0.823529411764706,0.875,0.7777777777777778,0.06666666666666667,0.17777777777777778,45,False,,f1_regret_bnd,0.6901960784313727,0.6619047619047619,0.028291316526610766,L1_VisitorType=new|L2_Month=low_season|L3_Region=region_1_2,False,4
L1_VisitorType=new|L2_Month=low_season|L3_Region=region_3_4,L3,L1_VisitorType=new|L2_Month=low_season,72,30,0.18055555555555555,0.06666666666666667,0.2,0.1,,,,,,,0,True,L1_VisitorType=new|L2_Month=low_season,f1_regret_bnd,,0.6619047619047619,,L1_VisitorType=new|L2_Month=low_season,True,4
L1_VisitorType=new|L2_Month=low_season|L3_Region=region_5_plus,L3,L1_VisitorType=new|L2_Month=low_season,56,30,0.16071428571428573,0.26666666666666666,0.2,0.1,,,,,,,0,True,L1_VisitorType=new|L2_Month=low_season,f1_regret_bnd,,0.6619047619047619,,L1_VisitorType=new|L2_Month=low_season,True,4
L1_VisitorType=new|L2_Month=mid_season|L3_Region=region_1_2,L3,L1_VisitorType=new|L2_Month=mid_season,119,51,0.29411764705882354,0.2549019607843137,0.5,0.4,0.09803921568627451,0.9230769230769231,0.9230769230769231,0.9230769230769231,0.0,0.2549019607843137,51,False,,f1_regret_bnd,0.8250377073906486,0.7450799101835952,0.07995779720705343,L1_VisitorType=new|L2_Month=mid_season|L3_Region=region_1_2,False,4
L1_VisitorType=new|L2_Month=mid_season|L3_Region=region_3_4,L3,L1_VisitorType=new|L2_Month=mid_season,68,30,0.14705882352941177,0.36666666666666664,0.5,0.4,,,,,,,0,True,L1_VisitorType=new|L2_Month=mid_season,f1_regret_bnd,,0.7450799101835952,,L1_VisitorType=new|L2_Month=mid_season,True,4
L1_VisitorType=new|L2_Month=mid_season|L3_Region=region_5_plus,L3,L1_VisitorType=new|L2_Month=mid_season,69,32,0.3333333333333333,0.28125,0.5,0.4,,,,,,,0,True,L1_VisitorType=new|L2_Month=mid_season,f1_regret_bnd,,0.7450799101835952,,L1_VisitorType=new|L2_Month=mid_season,True,4
L1_VisitorType=returning|L2_Month=OTHER|L3_Region=region_1_2,L3,L1_VisitorType=returning|L2_Month=OTHER,68,32,0.04411764705882353,0.21875,0.2,0.1,,,,,,,0,True,L1_VisitorType=returning,f1_regret_bnd,,0.21232876712328766,,L1_VisitorType=returning,True,4
L1_VisitorType=returning|L2_Month=OTHER|L3_Region=others,L3,L1_VisitorType=returning|L2_Month=OTHER,61,41,0.11475409836065574,0.07317073170731707,0.2,0.1,,,,,,,0,True,L1_VisitorType=returning,f1_regret_bnd,,0.21232876712328766,,L1_VisitorType=returning,True,4
L1_VisitorType=returning|L2_Month=high_season|L3_Region=region_1_2,L3,L1_VisitorType=returning|L2_Month=high_season,1085,443,0.2119815668202765,0.2234762979683973,0.2,0.1,0.309255079006772,0.6810344827586207,0.5939849624060151,0.797979797979798,0.10835214446952596,0.3002257336343115,443,False,,f1_regret_bnd,0.31760333151708564,0.22239957435488164,0.095203757162204,L1_VisitorType=returning|L2_Month=high_season|L3_Region=region_1_2,False,4
L1_VisitorType=returning|L2_Month=high_season|L3_Region=region_3_4,L3,L1_VisitorType=returning|L2_Month=high_season,641,261,0.187207488299532,0.210727969348659,0.2,0.1,0.3333333333333333,0.6277372262773724,0.524390243902439,0.7818181818181819,0.11494252873563218,0.31417624521072796,261,False,,f1_regret_bnd,0.236932628576223,0.22239957435488164,0.014533054221341352,L1_VisitorType=returning|L2_Month=high_season|L3_Region=region_3_4,False,4
L1_VisitorType=returning|L2_Month=high_season|L3_Region=region_5_plus,L3,L1_VisitorType=returning|L2_Month=high_season,458,199,0.1462882096069869,0.16080402010050251,0.2,0.1,0.3743718592964824,0.5060240963855422,0.4117647058823529,0.65625,0.09547738693467336,0.2562814070351759,199,True,L1_VisitorType=returning,f1_regret_bnd,0.08391354362172314,0.22239957435488164,-0.13848603073315852,L1_VisitorType=returning,True,4
L1_VisitorType=returning|L2_Month=low_season|L3_Region=region_1_2,L3,L1_VisitorType=returning|L2_Month=low_season,708,318,0.1059322033898305,0.09119496855345911,0.3,0.1,0.1320754716981132,0.65625,0.6,0.7241379310344828,0.031446540880503145,0.11006289308176101,318,False,,f1_regret_bnd,0.5084512578616353,0.30358705161854765,0.2048642062430876,L1_VisitorType=returning|L2_Month=low_season|L3_Region=region_1_2,False,4
L1_VisitorType=returning|L2_Month=low_season|L3_Region=region_3_4,L3,L1_VisitorType=returning|L2_Month=low_season,411,181,0.09975669099756691,0.143646408839779,0.2,0.1,0.27900552486187846,0.553846153846154,0.46153846153846156,0.6923076923076923,0.03867403314917127,0.2154696132596685,181,True,L1_VisitorType=returning,f1_regret_bnd,0.2555036124096899,0.30358705161854765,-0.04808343920885777,L1_VisitorType=returning,True,4
L1_VisitorType=returning|L2_Month=low_season|L3_Region=region_5_plus,L3,L1_VisitorType=returning|L2_Month=low_season,334,140,0.11077844311377245,0.12142857142857143,0.2,0.1,0.19285714285714287,0.625,0.6666666666666666,0.5882352941176471,0.04285714285714286,0.10714285714285714,140,False,,f1_regret_bnd,0.41071428571428575,0.30358705161854765,0.1071272340957381,L1_VisitorType=returning|L2_Month=low_season|L3_Region=region_5_plus,False,4
L1_VisitorType=returning|L2_Month=mid_season|L3_Region=region_1_2,L3,L1_VisitorType=returning|L2_Month=mid_season,992,409,0.11189516129032258,0.097799511002445,0.4,0.3,0.16503667481662593,0.6265060240963854,0.6046511627906976,0.65,0.09046454767726161,0.10513447432762836,409,True,L1_VisitorType=returning|L2_Month=mid_season,f1_regret_bnd,0.4162370754411287,0.6615688859591299,-0.24533181051800118,L1_VisitorType=returning|L2_Month=mid_season,True,4
L1_VisitorType=returning|L2_Month=mid_season|L3_Region=region_3_4,L3,L1_VisitorType=returning|L2_Month=mid_season,639,304,0.12050078247261346,0.07894736842105263,0.4,0.3,0.16776315789473684,0.5499999999999999,0.6875,0.4583333333333333,0.05921052631578947,0.05263157894736842,304,True,L1_VisitorType=returning|L2_Month=mid_season,f1_regret_bnd,0.35263157894736835,0.6615688859591299,-0.30893730701176153,L1_VisitorType=returning|L2_Month=mid_season,True,4
L1_VisitorType=returning|L2_Month=mid_season|L3_Region=region_5_plus,L3,L1_VisitorType=returning|L2_Month=mid_season,494,223,0.10526315789473684,0.11210762331838565,0.4,0.3,0.1547085201793722,0.72,0.72,0.72,0.04932735426008968,0.11210762331838565,223,True,L1_VisitorType=returning|L2_Month=mid_season,f1_regret_bnd,0.540627802690583,0.6615688859591299,-0.12094108326854691,L1_VisitorType=returning|L2_Month=mid_season,True,4
ROOT,L1,,1420,605,0.15140845070422534,0.14049586776859505,0.4,0.2,0.23057851239669422,0.6706586826347305,0.6829268292682927,0.6588235294117647,0.0512396694214876,0.13553719008264462,605,False,,f1_regret_bnd,0.41446033552729244,-0.22736486486486487,0.6418252003921573,ROOT,False,5
L1_VisitorType=new,L1,ROOT,204,83,0.2647058823529412,0.2289156626506024,0.5,0.1,0.22289156626506024,0.8484848484848484,1.0,0.7368421052631579,0.10843373493975904,0.1686746987951807,83,False,,f1_regret_bnd,0.5713764147499086,0.41446033552729244,0.1569160792226162,L1_VisitorType=new,False,5
L1_VisitorType=returning,L1,ROOT,1176,510,0.141156462585034,0.13529411764705881,0.4,0.2,0.21764705882352942,0.6436781609195403,0.5333333333333333,0.8115942028985508,0.07450980392156863,0.20588235294117646,510,True,,f1_regret_bnd,0.3887762001352266,0.41446033552729244,-0.02568413539206582,ROOT,True,5
L1_VisitorType=others,L1,ROOT,50,18,0.18,0.3888888888888889,0.4,0.2,,,,,,,0,True,,f1_regret_bnd,,0.41446033552729244,,ROOT,True,5
L1_VisitorType=new|L2_Month=high_season,L2,L1_VisitorType=new,88,164,0.3181818181818182,0.2682926829268293,0.5,0.1,0.3475609756097561,0.775,0.8611111111111112,0.7045454545454546,0.0,0.21951219512195122,164,True,L1_VisitorType=new,f1_regret_bnd,0.42743902439024395,0.5713764147499086,-0.14393739035966469,L1_VisitorType=new,True,5
L1_VisitorType=new|L2_Month=low_season,L2,L1_VisitorType=new,148,109,0.18243243243243243,0.22018348623853212,0.2,0.1,0.14220183486238533,0.8936170212765957,0.9130434782608695,0.875,0.027522935779816515,0.21100917431192662,109,False,,f1_regret_bnd,0.7376537185243021,0.5713764147499086,0.16627730377439343,L1_VisitorType=new|L2_Month=low_season,False,5
L1_VisitorType=new|L2_Month=mid_season,L2,L1_VisitorType=new,162,99,0.25925925925925924,0.23232323232323232,0.4,0.3,0.20707070707070707,0.8181818181818182,0.8571428571428571,0.782608695652174,0.010101010101010102,0.21212121212121213,99,False,,f1_regret_bnd,0.6060606060606061,0.5713764147499086,0.03468419131069744,L1_VisitorType=new|L2_Month=mid_season,False,5
L1_VisitorType=new|L2_Month=others,L2,L1_VisitorType=new,15,11,0.13333333333333333,0.2727272727272727,0.5,0.1,,,,,,,0,True,L1_VisitorType=new,f1_regret_bnd,,0.5713764147499086,,L1_VisitorType=new,True,5
L1_VisitorType=returning|L2_Month=OTHER,L2,L1_VisitorType=returning,134,81,0.08208955223880597,0.09876543209876543,0.4,0.2,0.22839506172839505,0.5,0.5,0.5,0.037037037037037035,0.09876543209876543,81,True,,f1_regret_bnd,0.25308641975308643,0.3887762001352266,-0.1356897803821402,ROOT,True,5
L1_VisitorType=returning|L2_Month=high_season,L2,L1_VisitorType=returning,433,183,0.17782909930715934,0.20218579234972678,0.4,0.2,0.40437158469945356,0.5915492957746479,0.6176470588235294,0.5675675675675675,0.22950819672131148,0.18579234972677597,183,True,,f1_regret_bnd,0.07242361271453858,0.3887762001352266,-0.31635258742068806,ROOT,True,5
L1_VisitorType=returning|L2_Month=low_season,L2,L1_VisitorType=returning,294,125,0.11904761904761904,0.136,0.4,0.2,0.156,0.7,0.6086956521739131,0.8235294117647058,0.024,0.184,125,False,,f1_regret_bnd,0.5319999999999999,0.3887762001352266,0.1432237998647733,L1_VisitorType=returning|L2_Month=low_season,False,5
L1_VisitorType=returning|L2_Month=mid_season,L2,L1_VisitorType=returning,419,184,0.09785202863961814,0.09239130434782608,0.3,0.1,0.1331521739130435,0.65,0.5652173913043478,0.7647058823529411,0.11413043478260869,0.125,184,False,,f1_regret_bnd,0.45978260869565224,0.3887762001352266,0.07100640856042562,L1_VisitorType=returning|L2_Month=mid_season,False,5
L1_VisitorType=new|L2_Month=high_season|L3_Region=region_1_2,L3,L1_VisitorType=new|L2_Month=high_season,210,68,0.24761904761904763,0.29411764705882354,0.5,0.4,0.11764705882352941,0.9473684210526316,1.0,0.9,0.0,0.2647058823529412,68,False,,f1_regret_bnd,0.8297213622291022,0.42743902439024395,0.40228233783885825,L1_VisitorType=new|L2_Month=high_season|L3_Region=region_1_2,False,5
L1_VisitorType=new|L2_Month=high_season|L3_Region=region_3_4,L3,L1_VisitorType=new|L2_Month=high_season,127,44,0.2677165354330709,0.22727272727272727,0.5,0.1,0.4659090909090909,0.6666666666666666,1.0,0.5,0.022727272727272728,0.11363636363636363,44,True,L1_VisitorType=new,f1_regret_bnd,0.1893939393939394,0.42743902439024395,-0.23804508499630456,L1_VisitorType=new,True,5
L1_VisitorType=new|L2_Month=high_season|L3_Region=region_5_plus,L3,L1_VisitorType=new|L2_Month=high_season,107,52,0.29906542056074764,0.2692307692307692,0.5,0.1,0.5384615384615384,0.6153846153846153,0.6666666666666666,0.5714285714285714,0.0,0.23076923076923078,52,True,L1_VisitorType=new,f1_regret_bnd,0.07692307692307687,0.42743902439024395,-0.3505159474671671,L1_VisitorType=new,True,5
L1_VisitorType=new|L2_Month=low_season|L3_Region=region_1_2,L3,L1_VisitorType=new|L2_Month=low_season,134,46,0.208955223880597,0.3695652173913043,0.2,0.1,0.2608695652173913,0.9032258064516129,1.0,0.8235294117647058,0.0,0.30434782608695654,46,True,L1_VisitorType=new|L2_Month=low_season,f1_regret_bnd,0.6423562412342216,0.7376537185243021,-0.09529747729008042,L1_VisitorType=new|L2_Month=low_season,True,5
L1_VisitorType=new|L2_Month=low_season|L3_Region=region_3_4,L3,L1_VisitorType=new|L2_Month=low_season,61,37,0.18032786885245902,0.13513513513513514,0.2,0.1,,,,,,,0,True,L1_VisitorType=new|L2_Month=low_season,f1_regret_bnd,,0.7376537185243021,,L1_VisitorType=new|L2_Month=low_season,True,5
L1_VisitorType=new|L2_Month=low_season|L3_Region=region_5_plus,L3,L1_VisitorType=new|L2_Month=low_season,61,26,0.19672131147540983,0.07692307692307693,0.2,0.1,,,,,,,0,True,L1_VisitorType=new|L2_Month=low_season,f1_regret_bnd,,0.7376537185243021,,L1_VisitorType=new|L2_Month=low_season,True,5
L1_VisitorType=new|L2_Month=mid_season|L3_Region=region_1_2,L3,L1_VisitorType=new|L2_Month=mid_season,113,49,0.2743362831858407,0.24489795918367346,0.4,0.3,0.336734693877551,0.8,1.0,0.6666666666666666,0.02040816326530612,0.16326530612244897,49,True,L1_VisitorType=new|L2_Month=mid_season,f1_regret_bnd,0.45306122448979597,0.6060606060606061,-0.1529993815708101,L1_VisitorType=new|L2_Month=mid_season,True,5
L1_VisitorType=new|L2_Month=mid_season|L3_Region=region_3_4,L3,L1_VisitorType=new|L2_Month=mid_season,71,25,0.2112676056338028,0.24,0.4,0.3,,,,,,,0,True,L1_VisitorType=new|L2_Month=mid_season,f1_regret_bnd,,0.6060606060606061,,L1_VisitorType=new|L2_Month=mid_season,True,5
L1_VisitorType=new|L2_Month=mid_season|L3_Region=region_5_plus,L3,L1_VisitorType=new|L2_Month=mid_season,69,25,0.30434782608695654,0.2,0.4,0.3,,,,,,,0,True,L1_VisitorType=new|L2_Month=mid_season,f1_regret_bnd,,0.6060606060606061,,L1_VisitorType=new|L2_Month=mid_season,True,5
L1_VisitorType=returning|L2_Month=OTHER|L3_Region=region_1_2,L3,L1_VisitorType=returning|L2_Month=OTHER,69,36,0.057971014492753624,0.08333333333333333,0.4,0.2,,,,,,,0,True,,f1_regret_bnd,,0.25308641975308643,,ROOT,True,5
L1_VisitorType=returning|L2_Month=OTHER|L3_Region=others,L3,L1_VisitorType=returning|L2_Month=OTHER,65,45,0.1076923076923077,0.1111111111111111,0.4,0.2,,,,,,,0,True,,f1_regret_bnd,,0.25308641975308643,,ROOT,True,5
L1_VisitorType=returning|L2_Month=high_season|L3_Region=region_1_2,L3,L1_VisitorType=returning|L2_Month=high_season,1072,455,0.21641791044776118,0.2087912087912088,0.4,0.2,0.389010989010989,0.597938144329897,0.5858585858585859,0.6105263157894737,0.1054945054945055,0.2175824175824176,455,False,,f1_regret_bnd,0.15617990257165523,0.07242361271453858,0.08375628985711665,L1_VisitorType=returning|L2_Month=high_season|L3_Region=region_1_2,False,5
L1_VisitorType=returning|L2_Month=high_season|L3_Region=region_3_4,L3,L1_VisitorType=returning|L2_Month=high_season,623,274,0.18940609951845908,0.19343065693430658,0.4,0.1,0.3740875912408759,0.576923076923077,0.5882352941176471,0.5660377358490566,0.2518248175182482,0.18613138686131386,274,False,,f1_regret_bnd,0.07692307692307696,0.07242361271453858,0.004499464208538376,L1_VisitorType=returning|L2_Month=high_season|L3_Region=region_3_4,False,5
L1_VisitorType=returning|L2_Month=high_season|L3_Region=region_5_plus,L3,L1_VisitorType=returning|L2_Month=high_season,475,193,0.1431578947368421,0.17098445595854922,0.4,0.2,0.21502590673575128,0.6956521739130435,0.6666666666666666,0.7272727272727273,0.05699481865284974,0.18652849740932642,193,False,,f1_regret_bnd,0.4521288578508673,0.07242361271453858,0.37970524513632875,L1_VisitorType=returning|L2_Month=high_season|L3_Region=region_5_plus,False,5
L1_VisitorType=returning|L2_Month=low_season|L3_Region=region_1_2,L3,L1_VisitorType=returning|L2_Month=low_season,734,317,0.11444141689373297,0.12302839116719243,0.2,0.1,0.11514195583596215,0.7526881720430108,0.6481481481481481,0.8974358974358975,0.028391167192429023,0.17034700315457413,317,False,,f1_regret_bnd,0.6233506326108341,0.5319999999999999,0.0913506326108342,L1_VisitorType=returning|L2_Month=low_season|L3_Region=region_1_2,False,5
L1_VisitorType=returning|L2_Month=low_season|L3_Region=region_3_4,L3,L1_VisitorType=returning|L2_Month=low_season,408,170,0.13480392156862744,0.1,0.6,0.5,0.1,0.8387096774193549,0.9285714285714286,0.7647058823529411,0.03529411764705882,0.08235294117647059,170,False,,f1_regret_bnd,0.7210626185958254,0.5319999999999999,0.18906261859582552,L1_VisitorType=returning|L2_Month=low_season|L3_Region=region_3_4,False,5
L1_VisitorType=returning|L2_Month=low_season|L3_Region=region_5_plus,L3,L1_VisitorType=returning|L2_Month=low_season,339,141,0.10914454277286136,0.1276595744680851,0.4,0.1,0.12056737588652482,0.7894736842105262,0.75,0.8333333333333334,0.0425531914893617,0.14184397163120568,141,False,,f1_regret_bnd,0.6476297125793206,0.5319999999999999,0.11562971257932064,L1_VisitorType=returning|L2_Month=low_season|L3_Region=region_5_plus,False,5
L1_VisitorType=returning|L2_Month=mid_season|L3_Region=region_1_2,L3,L1_VisitorType=returning|L2_Month=mid_season,980,434,0.09387755102040816,0.09216589861751152,0.2,0.1,0.1175115207373272,0.6666666666666667,0.5384615384615384,0.875,0.03225806451612903,0.1497695852534562,434,False,,f1_regret_bnd,0.5330261136712751,0.45978260869565224,0.07324350497562282,L1_VisitorType=returning|L2_Month=mid_season|L3_Region=region_1_2,False,5
L1_VisitorType=returning|L2_Month=mid_season|L3_Region=region_3_4,L3,L1_VisitorType=returning|L2_Month=mid_season,648,281,0.10493827160493827,0.11743772241992882,0.3,0.1,0.20462633451957296,0.6000000000000001,0.5675675675675675,0.6363636363636364,0.10320284697508897,0.13167259786476868,281,True,L1_VisitorType=returning|L2_Month=mid_season,f1_regret_bnd,0.34377224199288264,0.45978260869565224,-0.1160103667027696,L1_VisitorType=returning|L2_Month=mid_season,True,5
L1_VisitorType=returning|L2_Month=mid_season|L3_Region=region_5_plus,L3,L1_VisitorType=returning|L2_Month=mid_season,473,213,0.11839323467230443,0.09859154929577464,0.2,0.1,0.07746478873239436,0.7599999999999999,0.6551724137931034,0.9047619047619048,0.04225352112676056,0.13615023474178403,213,False,,f1_regret_bnd,0.6614084507042253,0.45978260869565224,0.20162584200857303,L1_VisitorType=returning|L2_Month=mid_season|L3_Region=region_5_plus,False,5
