bucket_id,parent_id,level,split_name,split_type,split_rule,n_samples_total,n_train,n_val,n_test,is_leaf,is_weak,effective_bucket_id
ROOT,ROOT,0,ROOT,ROOT,all,113755,15908,6808,,False,False,ROOT
L1_Location=Adelaide,ROOT,1,L1_Location,category_group,Adelaide,2492,380,284,,False,True,ROOT
L1_Location=Albany,ROOT,1,L1_Location,category_group,Albany,2428,350,338,,False,False,L1_Location=Albany
L1_Location=Albury,ROOT,1,L1_Location,category_group,Albury,2409,347,254,,False,False,L1_Location=Albury
L1_Location=AliceSprings,ROOT,1,L1_Location,category_group,AliceSprings,2415,452,194,,False,False,L1_Location=AliceSprings
L1_Location=BadgerysCreek,ROOT,1,L1_Location,category_group,BadgerysCreek,2363,355,269,,False,True,ROOT
L1_Location=Ballarat,ROOT,1,L1_Location,category_group,Ballarat,2447,354,289,,False,True,ROOT
L1_Location=Bendigo,ROOT,1,L1_Location,category_group,Bendigo,2429,343,246,,False,False,L1_Location=Bendigo
L1_Location=Brisbane,ROOT,1,L1_Location,category_group,Brisbane,2514,360,287,,False,False,L1_Location=Brisbane
L1_Location=Cairns,ROOT,1,L1_Location,category_group,Cairns,2367,357,288,,False,False,L1_Location=Cairns
L1_Location=Canberra,ROOT,1,L1_Location,category_group,Canberra,2729,392,282,,False,True,ROOT
L1_Location=Cobar,ROOT,1,L1_Location,category_group,Cobar,2421,504,236,,False,False,L1_Location=Cobar
L1_Location=CoffsHarbour,ROOT,1,L1_Location,category_group,CoffsHarbour,2379,343,304,,False,True,ROOT
L1_Location=Dartmoor,ROOT,1,L1_Location,category_group,Dartmoor,2391,331,325,,False,False,L1_Location=Dartmoor
L1_Location=Darwin,ROOT,1,L1_Location,category_group,Darwin,2568,360,310,,False,False,L1_Location=Darwin
L1_Location=GoldCoast,ROOT,1,L1_Location,category_group,GoldCoast,2366,354,283,,False,True,ROOT
L1_Location=Hobart,ROOT,1,L1_Location,category_group,Hobart,2551,354,299,,False,True,ROOT
L1_Location=Katherine,ROOT,1,L1_Location,category_group,Katherine,1244,279,141,,False,True,ROOT
L1_Location=Launceston,ROOT,1,L1_Location,category_group,Launceston,2453,355,262,,False,False,L1_Location=Launceston
L1_Location=Melbourne,ROOT,1,L1_Location,category_group,Melbourne,1933,345,241,,False,True,ROOT
L1_Location=MelbourneAirport,ROOT,1,L1_Location,category_group,MelbourneAirport,2358,334,246,,False,True,ROOT
L1_Location=Mildura,ROOT,1,L1_Location,category_group,Mildura,2398,487,202,,False,True,ROOT
L1_Location=Moree,ROOT,1,L1_Location,category_group,Moree,2338,524,228,,False,False,L1_Location=Moree
L1_Location=MountGambier,ROOT,1,L1_Location,category_group,MountGambier,2434,345,327,,False,False,L1_Location=MountGambier
L1_Location=MountGinini,ROOT,1,L1_Location,category_group,MountGinini,2361,385,307,,False,True,ROOT
L1_Location=Newcastle,ROOT,1,L1_Location,category_group,Newcastle,2353,325,315,,False,True,ROOT
L1_Location=Nhil,ROOT,1,L1_Location,category_group,Nhil,1241,277,127,,False,False,L1_Location=Nhil
L1_Location=NorahHead,ROOT,1,L1_Location,category_group,NorahHead,2332,353,288,,False,True,ROOT
L1_Location=NorfolkIsland,ROOT,1,L1_Location,category_group,NorfolkIsland,2332,334,302,,False,True,ROOT
L1_Location=Nuriootpa,ROOT,1,L1_Location,category_group,Nuriootpa,2360,331,253,,False,False,L1_Location=Nuriootpa
L1_Location=PearceRAAF,ROOT,1,L1_Location,category_group,PearceRAAF,2194,571,239,,False,True,ROOT
L1_Location=Penrith,ROOT,1,L1_Location,category_group,Penrith,2345,340,271,,False,True,ROOT
L1_Location=Perth,ROOT,1,L1_Location,category_group,Perth,2548,350,299,,False,False,L1_Location=Perth
L1_Location=PerthAirport,ROOT,1,L1_Location,category_group,PerthAirport,2413,339,243,,False,False,L1_Location=PerthAirport
L1_Location=Portland,ROOT,1,L1_Location,category_group,Portland,2440,341,377,,False,False,L1_Location=Portland
L1_Location=Richmond,ROOT,1,L1_Location,category_group,Richmond,2354,345,253,,False,False,L1_Location=Richmond
L1_Location=Sale,ROOT,1,L1_Location,category_group,Sale,2424,347,271,,False,True,ROOT
L1_Location=SalmonGums,ROOT,1,L1_Location,category_group,SalmonGums,2347,524,248,,False,True,ROOT
L1_Location=Sydney,ROOT,1,L1_Location,category_group,Sydney,2657,376,322,,False,True,ROOT
L1_Location=SydneyAirport,ROOT,1,L1_Location,category_group,SydneyAirport,2409,342,283,,False,True,ROOT
L1_Location=Townsville,ROOT,1,L1_Location,category_group,Townsville,2390,555,246,,False,False,L1_Location=Townsville
L1_Location=Tuggeranong,ROOT,1,L1_Location,category_group,Tuggeranong,2401,357,260,,False,False,L1_Location=Tuggeranong
L1_Location=Uluru,ROOT,1,L1_Location,category_group,Uluru,1222,222,108,,False,True,ROOT
L1_Location=WaggaWagga,ROOT,1,L1_Location,category_group,WaggaWagga,2391,566,272,,False,True,ROOT
L1_Location=Walpole,ROOT,1,L1_Location,category_group,Walpole,2239,332,320,,False,True,ROOT
L1_Location=Watsonia,ROOT,1,L1_Location,category_group,Watsonia,2407,341,279,,False,False,L1_Location=Watsonia
L1_Location=Williamtown,ROOT,1,L1_Location,category_group,Williamtown,2076,362,298,,False,True,ROOT
L1_Location=Witchcliffe,ROOT,1,L1_Location,category_group,Witchcliffe,2323,328,329,,False,False,L1_Location=Witchcliffe
L1_Location=Wollongong,ROOT,1,L1_Location,category_group,Wollongong,2401,353,289,,False,True,ROOT
L1_Location=Woomera,ROOT,1,L1_Location,category_group,Woomera,2368,433,178,,False,True,ROOT
L1_Location=Adelaide|L2_RainToday=rain_today_no,L1_Location=Adelaide,2,L2_RainToday,category_group,rain_today_no,1889,311,562,,False,False,L1_Location=Adelaide|L2_RainToday=rain_today_no
L1_Location=Adelaide|L2_RainToday=rain_today_yes,L1_Location=Adelaide,2,L2_RainToday,category_group,rain_today_yes,548,394,154,,False,True,ROOT
L1_Location=Adelaide|L2_RainToday=others,L1_Location=Adelaide,2,L2_RainToday,category_group,others,55,37,18,,True,True,ROOT
L1_Location=Albany|L2_RainToday=rain_today_no,L1_Location=Albany,2,L2_RainToday,category_group,rain_today_no,1697,483,468,,False,True,L1_Location=Albany
L1_Location=Albany|L2_RainToday=rain_today_yes,L1_Location=Albany,2,L2_RainToday,category_group,rain_today_yes,712,476,236,,False,False,L1_Location=Albany|L2_RainToday=rain_today_yes
L1_Location=Albany|L2_RainToday=others,L1_Location=Albany,2,L2_RainToday,category_group,others,19,10,9,,True,True,L1_Location=Albany
L1_Location=Albury|L2_RainToday=rain_today_no,L1_Location=Albury,2,L2_RainToday,category_group,rain_today_no,1908,353,579,,False,True,L1_Location=Albury
L1_Location=Albury|L2_RainToday=rain_today_yes,L1_Location=Albury,2,L2_RainToday,category_group,rain_today_yes,484,349,135,,True,True,L1_Location=Albury
L1_Location=Albury|L2_RainToday=others,L1_Location=Albury,2,L2_RainToday,category_group,others,17,13,4,,True,True,L1_Location=Albury
L1_Location=AliceSprings|L2_RainToday=rain_today_no,L1_Location=AliceSprings,2,L2_RainToday,category_group,rain_today_no,2210,398,165,,False,True,L1_Location=AliceSprings
L1_Location=AliceSprings|L2_RainToday=others,L1_Location=AliceSprings,2,L2_RainToday,category_group,others,205,141,64,,True,True,L1_Location=AliceSprings
L1_Location=BadgerysCreek|L2_RainToday=rain_today_no,L1_Location=BadgerysCreek,2,L2_RainToday,category_group,rain_today_no,1860,361,302,,False,False,L1_Location=BadgerysCreek|L2_RainToday=rain_today_no
L1_Location=BadgerysCreek|L2_RainToday=rain_today_yes,L1_Location=BadgerysCreek,2,L2_RainToday,category_group,rain_today_yes,459,312,147,,True,True,ROOT
L1_Location=BadgerysCreek|L2_RainToday=others,L1_Location=BadgerysCreek,2,L2_RainToday,category_group,others,44,34,10,,True,True,ROOT
L1_Location=Ballarat|L2_RainToday=rain_today_no,L1_Location=Ballarat,2,L2_RainToday,category_group,rain_today_no,1802,486,520,,False,False,L1_Location=Ballarat|L2_RainToday=rain_today_no
L1_Location=Ballarat|L2_RainToday=rain_today_yes,L1_Location=Ballarat,2,L2_RainToday,category_group,rain_today_yes,635,452,183,,False,False,L1_Location=Ballarat|L2_RainToday=rain_today_yes
L1_Location=Ballarat|L2_RainToday=others,L1_Location=Ballarat,2,L2_RainToday,category_group,others,10,8,2,,True,True,ROOT
L1_Location=Bendigo|L2_RainToday=rain_today_no,L1_Location=Bendigo,2,L2_RainToday,category_group,rain_today_no,1974,375,592,,False,True,L1_Location=Bendigo
L1_Location=Bendigo|L2_RainToday=rain_today_yes,L1_Location=Bendigo,2,L2_RainToday,category_group,rain_today_yes,451,325,126,,True,True,L1_Location=Bendigo
L1_Location=Bendigo|L2_RainToday=others,L1_Location=Bendigo,2,L2_RainToday,category_group,others,4,2,2,,True,True,L1_Location=Bendigo
L1_Location=Brisbane|L2_RainToday=rain_today_no,L1_Location=Brisbane,2,L2_RainToday,category_group,rain_today_no,1932,537,236,,False,False,L1_Location=Brisbane|L2_RainToday=rain_today_no
L1_Location=Brisbane|L2_RainToday=rain_today_yes,L1_Location=Brisbane,2,L2_RainToday,category_group,rain_today_yes,561,401,160,,False,True,L1_Location=Brisbane
L1_Location=Brisbane|L2_RainToday=others,L1_Location=Brisbane,2,L2_RainToday,category_group,others,21,15,6,,True,True,L1_Location=Brisbane
L1_Location=Cairns|L2_RainToday=rain_today_no,L1_Location=Cairns,2,L2_RainToday,category_group,rain_today_no,1620,408,153,,False,False,L1_Location=Cairns|L2_RainToday=rain_today_no
L1_Location=Cairns|L2_RainToday=rain_today_yes,L1_Location=Cairns,2,L2_RainToday,category_group,rain_today_yes,729,532,197,,False,False,L1_Location=Cairns|L2_RainToday=rain_today_yes
L1_Location=Cairns|L2_RainToday=others,L1_Location=Cairns,2,L2_RainToday,category_group,others,18,14,4,,True,True,L1_Location=Cairns
L1_Location=Canberra|L2_RainToday=rain_today_no,L1_Location=Canberra,2,L2_RainToday,category_group,rain_today_no,2223,403,155,,False,False,L1_Location=Canberra|L2_RainToday=rain_today_no
L1_Location=Canberra|L2_RainToday=rain_today_yes,L1_Location=Canberra,2,L2_RainToday,category_group,rain_today_yes,494,345,149,,True,False,L1_Location=Canberra|L2_RainToday=rain_today_yes
L1_Location=Canberra|L2_RainToday=others,L1_Location=Canberra,2,L2_RainToday,category_group,others,12,8,4,,True,True,ROOT
L1_Location=Cobar|L2_RainToday=rain_today_no,L1_Location=Cobar,2,L2_RainToday,category_group,rain_today_no,2101,602,266,,False,True,L1_Location=Cobar
L1_Location=Cobar|L2_RainToday=rain_today_yes,L1_Location=Cobar,2,L2_RainToday,category_group,rain_today_yes,312,207,105,,True,True,L1_Location=Cobar
L1_Location=Cobar|L2_RainToday=others,L1_Location=Cobar,2,L2_RainToday,category_group,others,8,7,1,,True,True,L1_Location=Cobar
L1_Location=CoffsHarbour|L2_RainToday=rain_today_no,L1_Location=CoffsHarbour,2,L2_RainToday,category_group,rain_today_no,1685,239,198,,False,True,ROOT
L1_Location=CoffsHarbour|L2_RainToday=rain_today_yes,L1_Location=CoffsHarbour,2,L2_RainToday,category_group,rain_today_yes,682,479,203,,False,False,L1_Location=CoffsHarbour|L2_RainToday=rain_today_yes
L1_Location=CoffsHarbour|L2_RainToday=others,L1_Location=CoffsHarbour,2,L2_RainToday,category_group,others,12,8,4,,True,True,ROOT
L1_Location=Dartmoor|L2_RainToday=rain_today_no,L1_Location=Dartmoor,2,L2_RainToday,category_group,rain_today_no,1641,664,520,,False,True,L1_Location=Dartmoor
L1_Location=Dartmoor|L2_RainToday=rain_today_yes,L1_Location=Dartmoor,2,L2_RainToday,category_group,rain_today_yes,748,279,221,,False,False,L1_Location=Dartmoor|L2_RainToday=rain_today_yes
L1_Location=Dartmoor|L2_RainToday=others,L1_Location=Dartmoor,2,L2_RainToday,category_group,others,2,2,0,,True,True,L1_Location=Dartmoor
L1_Location=Darwin|L2_RainToday=rain_today_no,L1_Location=Darwin,2,L2_RainToday,category_group,rain_today_no,1892,319,303,,False,False,L1_Location=Darwin|L2_RainToday=rain_today_no
L1_Location=Darwin|L2_RainToday=rain_today_yes,L1_Location=Darwin,2,L2_RainToday,category_group,rain_today_yes,676,480,196,,False,True,L1_Location=Darwin
L1_Location=GoldCoast|L2_RainToday=rain_today_no,L1_Location=GoldCoast,2,L2_RainToday,category_group,rain_today_no,1719,474,218,,False,False,L1_Location=GoldCoast|L2_RainToday=rain_today_no
L1_Location=GoldCoast|L2_RainToday=rain_today_yes,L1_Location=GoldCoast,2,L2_RainToday,category_group,rain_today_yes,606,441,165,,False,False,L1_Location=GoldCoast|L2_RainToday=rain_today_yes
L1_Location=GoldCoast|L2_RainToday=others,L1_Location=GoldCoast,2,L2_RainToday,category_group,others,41,26,15,,True,True,ROOT
L1_Location=Hobart|L2_RainToday=rain_today_no,L1_Location=Hobart,2,L2_RainToday,category_group,rain_today_no,1929,605,285,,False,True,ROOT
L1_Location=Hobart|L2_RainToday=rain_today_yes,L1_Location=Hobart,2,L2_RainToday,category_group,rain_today_yes,619,442,177,,False,False,L1_Location=Hobart|L2_RainToday=rain_today_yes
L1_Location=Hobart|L2_RainToday=others,L1_Location=Hobart,2,L2_RainToday,category_group,others,3,2,1,,True,True,ROOT
L1_Location=Katherine|L2_RainToday=rain_today_no,L1_Location=Katherine,2,L2_RainToday,category_group,rain_today_no,1029,414,323,,False,False,L1_Location=Katherine|L2_RainToday=rain_today_no
L1_Location=Katherine|L2_RainToday=others,L1_Location=Katherine,2,L2_RainToday,category_group,others,215,138,77,,True,True,ROOT
L1_Location=Launceston|L2_RainToday=rain_today_no,L1_Location=Launceston,2,L2_RainToday,category_group,rain_today_no,1894,677,278,,False,True,L1_Location=Launceston
L1_Location=Launceston|L2_RainToday=rain_today_yes,L1_Location=Launceston,2,L2_RainToday,category_group,rain_today_yes,551,399,152,,True,True,L1_Location=Launceston
L1_Location=Launceston|L2_RainToday=others,L1_Location=Launceston,2,L2_RainToday,category_group,others,8,6,2,,True,True,L1_Location=Launceston
L1_Location=Melbourne|L2_RainToday=rain_today_no,L1_Location=Melbourne,2,L2_RainToday,category_group,rain_today_no,1362,506,369,,False,False,L1_Location=Melbourne|L2_RainToday=rain_today_no
L1_Location=Melbourne|L2_RainToday=rain_today_yes,L1_Location=Melbourne,2,L2_RainToday,category_group,rain_today_yes,456,320,136,,False,False,L1_Location=Melbourne|L2_RainToday=rain_today_yes
L1_Location=Melbourne|L2_RainToday=others,L1_Location=Melbourne,2,L2_RainToday,category_group,others,115,83,32,,True,True,ROOT
L1_Location=MelbourneAirport|L2_RainToday=rain_today_no,L1_Location=MelbourneAirport,2,L2_RainToday,category_group,rain_today_no,1841,368,290,,False,True,ROOT
L1_Location=MelbourneAirport|L2_RainToday=rain_today_yes,L1_Location=MelbourneAirport,2,L2_RainToday,category_group,rain_today_yes,517,379,138,,False,False,L1_Location=MelbourneAirport|L2_RainToday=rain_today_yes
L1_Location=Mildura|L2_RainToday=rain_today_no,L1_Location=Mildura,2,L2_RainToday,category_group,rain_today_no,2135,332,268,,False,False,L1_Location=Mildura|L2_RainToday=rain_today_no
L1_Location=Mildura|L2_RainToday=others,L1_Location=Mildura,2,L2_RainToday,category_group,others,263,186,77,,True,True,ROOT
L1_Location=Moree|L2_RainToday=rain_today_no,L1_Location=Moree,2,L2_RainToday,category_group,rain_today_no,1982,517,229,,False,False,L1_Location=Moree|L2_RainToday=rain_today_no
L1_Location=Moree|L2_RainToday=rain_today_yes,L1_Location=Moree,2,L2_RainToday,category_group,rain_today_yes,308,205,103,,True,False,L1_Location=Moree|L2_RainToday=rain_today_yes
L1_Location=Moree|L2_RainToday=others,L1_Location=Moree,2,L2_RainToday,category_group,others,48,39,9,,True,True,L1_Location=Moree
L1_Location=MountGambier|L2_RainToday=rain_today_no,L1_Location=MountGambier,2,L2_RainToday,category_group,rain_today_no,1692,407,495,,False,True,L1_Location=MountGambier
L1_Location=MountGambier|L2_RainToday=rain_today_yes,L1_Location=MountGambier,2,L2_RainToday,category_group,rain_today_yes,736,509,227,,False,True,L1_Location=MountGambier
L1_Location=MountGambier|L2_RainToday=others,L1_Location=MountGambier,2,L2_RainToday,category_group,others,6,5,1,,True,True,L1_Location=MountGambier
L1_Location=MountGinini|L2_RainToday=rain_today_no,L1_Location=MountGinini,2,L2_RainToday,category_group,rain_today_no,1666,439,446,,False,False,L1_Location=MountGinini|L2_RainToday=rain_today_no
L1_Location=MountGinini|L2_RainToday=rain_today_yes,L1_Location=MountGinini,2,L2_RainToday,category_group,rain_today_yes,620,420,200,,False,False,L1_Location=MountGinini|L2_RainToday=rain_today_yes
L1_Location=MountGinini|L2_RainToday=others,L1_Location=MountGinini,2,L2_RainToday,category_group,others,75,57,18,,True,True,ROOT
L1_Location=Newcastle|L2_RainToday=rain_today_no,L1_Location=Newcastle,2,L2_RainToday,category_group,rain_today_no,1746,234,571,,False,True,ROOT
L1_Location=Newcastle|L2_RainToday=rain_today_yes,L1_Location=Newcastle,2,L2_RainToday,category_group,rain_today_yes,583,394,189,,True,False,L1_Location=Newcastle|L2_RainToday=rain_today_yes
L1_Location=Newcastle|L2_RainToday=others,L1_Location=Newcastle,2,L2_RainToday,category_group,others,24,12,12,,True,True,ROOT
L1_Location=Nhil|L2_RainToday=rain_today_no,L1_Location=Nhil,2,L2_RainToday,category_group,rain_today_no,1045,408,327,,False,True,L1_Location=Nhil
L1_Location=Nhil|L2_RainToday=others,L1_Location=Nhil,2,L2_RainToday,category_group,others,196,134,62,,True,True,L1_Location=Nhil
L1_Location=NorahHead|L2_RainToday=rain_today_no,L1_Location=NorahHead,2,L2_RainToday,category_group,rain_today_no,1654,308,468,,False,True,ROOT
L1_Location=NorahHead|L2_RainToday=rain_today_yes,L1_Location=NorahHead,2,L2_RainToday,category_group,rain_today_yes,648,458,190,,False,False,L1_Location=NorahHead|L2_RainToday=rain_today_yes
L1_Location=NorahHead|L2_RainToday=others,L1_Location=NorahHead,2,L2_RainToday,category_group,others,30,25,5,,True,True,ROOT
L1_Location=NorfolkIsland|L2_RainToday=rain_today_no,L1_Location=NorfolkIsland,2,L2_RainToday,category_group,rain_today_no,1594,218,210,,False,False,L1_Location=NorfolkIsland|L2_RainToday=rain_today_no
L1_Location=NorfolkIsland|L2_RainToday=rain_today_yes,L1_Location=NorfolkIsland,2,L2_RainToday,category_group,rain_today_yes,723,525,198,,False,False,L1_Location=NorfolkIsland|L2_RainToday=rain_today_yes
L1_Location=NorfolkIsland|L2_RainToday=others,L1_Location=NorfolkIsland,2,L2_RainToday,category_group,others,15,10,5,,True,True,ROOT
L1_Location=Nuriootpa|L2_RainToday=rain_today_no,L1_Location=Nuriootpa,2,L2_RainToday,category_group,rain_today_no,1917,372,330,,False,True,L1_Location=Nuriootpa
L1_Location=Nuriootpa|L2_RainToday=rain_today_yes,L1_Location=Nuriootpa,2,L2_RainToday,category_group,rain_today_yes,439,302,137,,True,True,L1_Location=Nuriootpa
L1_Location=Nuriootpa|L2_RainToday=others,L1_Location=Nuriootpa,2,L2_RainToday,category_group,others,4,2,2,,True,True,L1_Location=Nuriootpa
L1_Location=PearceRAAF|L2_RainToday=rain_today_no,L1_Location=PearceRAAF,2,L2_RainToday,category_group,rain_today_no,1729,277,267,,False,False,L1_Location=PearceRAAF|L2_RainToday=rain_today_no
L1_Location=PearceRAAF|L2_RainToday=rain_today_yes,L1_Location=PearceRAAF,2,L2_RainToday,category_group,rain_today_yes,374,255,119,,True,False,L1_Location=PearceRAAF|L2_RainToday=rain_today_yes
L1_Location=PearceRAAF|L2_RainToday=others,L1_Location=PearceRAAF,2,L2_RainToday,category_group,others,91,72,19,,True,True,ROOT
L1_Location=Penrith|L2_RainToday=rain_today_no,L1_Location=Penrith,2,L2_RainToday,category_group,rain_today_no,1843,365,580,,False,True,ROOT
L1_Location=Penrith|L2_RainToday=rain_today_yes,L1_Location=Penrith,2,L2_RainToday,category_group,rain_today_yes,465,323,142,,True,True,ROOT
L1_Location=Penrith|L2_RainToday=others,L1_Location=Penrith,2,L2_RainToday,category_group,others,37,24,13,,True,True,ROOT
L1_Location=Perth|L2_RainToday=rain_today_no,L1_Location=Perth,2,L2_RainToday,category_group,rain_today_no,2026,333,341,,False,False,L1_Location=Perth|L2_RainToday=rain_today_no
L1_Location=Perth|L2_RainToday=rain_today_yes,L1_Location=Perth,2,L2_RainToday,category_group,rain_today_yes,522,347,175,,False,True,L1_Location=Perth
L1_Location=PerthAirport|L2_RainToday=rain_today_no,L1_Location=PerthAirport,2,L2_RainToday,category_group,rain_today_no,1965,305,325,,False,True,L1_Location=PerthAirport
L1_Location=PerthAirport|L2_RainToday=rain_today_yes,L1_Location=PerthAirport,2,L2_RainToday,category_group,rain_today_yes,448,322,126,,False,False,L1_Location=PerthAirport|L2_RainToday=rain_today_yes
L1_Location=Portland|L2_RainToday=rain_today_no,L1_Location=Portland,2,L2_RainToday,category_group,rain_today_no,1548,525,482,,False,True,L1_Location=Portland
L1_Location=Portland|L2_RainToday=rain_today_yes,L1_Location=Portland,2,L2_RainToday,category_group,rain_today_yes,882,343,279,,False,False,L1_Location=Portland|L2_RainToday=rain_today_yes
L1_Location=Portland|L2_RainToday=others,L1_Location=Portland,2,L2_RainToday,category_group,others,10,8,2,,True,True,L1_Location=Portland
L1_Location=Richmond|L2_RainToday=rain_today_no,L1_Location=Richmond,2,L2_RainToday,category_group,rain_today_no,1864,338,590,,False,True,L1_Location=Richmond
L1_Location=Richmond|L2_RainToday=rain_today_yes,L1_Location=Richmond,2,L2_RainToday,category_group,rain_today_yes,455,329,126,,True,True,L1_Location=Richmond
L1_Location=Richmond|L2_RainToday=others,L1_Location=Richmond,2,L2_RainToday,category_group,others,35,26,9,,True,True,L1_Location=Richmond
L1_Location=Sale|L2_RainToday=rain_today_no,L1_Location=Sale,2,L2_RainToday,category_group,rain_today_no,1897,608,251,,False,True,ROOT
L1_Location=Sale|L2_RainToday=rain_today_yes,L1_Location=Sale,2,L2_RainToday,category_group,rain_today_yes,521,360,161,,False,False,L1_Location=Sale|L2_RainToday=rain_today_yes
L1_Location=Sale|L2_RainToday=others,L1_Location=Sale,2,L2_RainToday,category_group,others,6,4,2,,True,True,ROOT
L1_Location=SalmonGums|L2_RainToday=rain_today_no,L1_Location=SalmonGums,2,L2_RainToday,category_group,rain_today_no,1968,316,304,,False,True,ROOT
L1_Location=SalmonGums|L2_RainToday=rain_today_yes,L1_Location=SalmonGums,2,L2_RainToday,category_group,rain_today_yes,371,248,123,,True,False,L1_Location=SalmonGums|L2_RainToday=rain_today_yes
L1_Location=SalmonGums|L2_RainToday=others,L1_Location=SalmonGums,2,L2_RainToday,category_group,others,8,5,3,,True,True,ROOT
L1_Location=Sydney|L2_RainToday=rain_today_no,L1_Location=Sydney,2,L2_RainToday,category_group,rain_today_no,1952,348,270,,False,False,L1_Location=Sydney|L2_RainToday=rain_today_no
L1_Location=Sydney|L2_RainToday=rain_today_yes,L1_Location=Sydney,2,L2_RainToday,category_group,rain_today_yes,699,495,204,,False,False,L1_Location=Sydney|L2_RainToday=rain_today_yes
L1_Location=Sydney|L2_RainToday=others,L1_Location=Sydney,2,L2_RainToday,category_group,others,6,6,0,,True,True,ROOT
L1_Location=SydneyAirport|L2_RainToday=rain_today_no,L1_Location=SydneyAirport,2,L2_RainToday,category_group,rain_today_no,1788,372,290,,False,False,L1_Location=SydneyAirport|L2_RainToday=rain_today_no
L1_Location=SydneyAirport|L2_RainToday=rain_today_yes,L1_Location=SydneyAirport,2,L2_RainToday,category_group,rain_today_yes,617,441,176,,False,False,L1_Location=SydneyAirport|L2_RainToday=rain_today_yes
L1_Location=SydneyAirport|L2_RainToday=others,L1_Location=SydneyAirport,2,L2_RainToday,category_group,others,4,4,0,,True,True,ROOT
L1_Location=Townsville|L2_RainToday=rain_today_no,L1_Location=Townsville,2,L2_RainToday,category_group,rain_today_no,1985,450,212,,False,False,L1_Location=Townsville|L2_RainToday=rain_today_no
L1_Location=Townsville|L2_RainToday=rain_today_yes,L1_Location=Townsville,2,L2_RainToday,category_group,rain_today_yes,400,279,121,,True,True,L1_Location=Townsville
L1_Location=Townsville|L2_RainToday=others,L1_Location=Townsville,2,L2_RainToday,category_group,others,5,5,0,,True,True,L1_Location=Townsville
L1_Location=Tuggeranong|L2_RainToday=rain_today_no,L1_Location=Tuggeranong,2,L2_RainToday,category_group,rain_today_no,1919,357,541,,False,True,L1_Location=Tuggeranong
L1_Location=Tuggeranong|L2_RainToday=rain_today_yes,L1_Location=Tuggeranong,2,L2_RainToday,category_group,rain_today_yes,449,309,140,,True,False,L1_Location=Tuggeranong|L2_RainToday=rain_today_yes
L1_Location=Tuggeranong|L2_RainToday=others,L1_Location=Tuggeranong,2,L2_RainToday,category_group,others,33,21,12,,True,True,L1_Location=Tuggeranong
L1_Location=Uluru|L2_RainToday=rain_today_no,L1_Location=Uluru,2,L2_RainToday,category_group,rain_today_no,1115,197,84,,False,True,ROOT
L1_Location=Uluru|L2_RainToday=others,L1_Location=Uluru,2,L2_RainToday,category_group,others,107,69,38,,True,True,ROOT
L1_Location=WaggaWagga|L2_RainToday=rain_today_no,L1_Location=WaggaWagga,2,L2_RainToday,category_group,rain_today_no,1940,337,340,,False,False,L1_Location=WaggaWagga|L2_RainToday=rain_today_no
L1_Location=WaggaWagga|L2_RainToday=rain_today_yes,L1_Location=WaggaWagga,2,L2_RainToday,category_group,rain_today_yes,436,290,146,,True,False,L1_Location=WaggaWagga|L2_RainToday=rain_today_yes
L1_Location=WaggaWagga|L2_RainToday=others,L1_Location=WaggaWagga,2,L2_RainToday,category_group,others,15,12,3,,True,True,ROOT
L1_Location=Walpole|L2_RainToday=rain_today_no,L1_Location=Walpole,2,L2_RainToday,category_group,rain_today_no,1461,435,200,,False,True,ROOT
L1_Location=Walpole|L2_RainToday=rain_today_yes,L1_Location=Walpole,2,L2_RainToday,category_group,rain_today_yes,743,522,221,,False,False,L1_Location=Walpole|L2_RainToday=rain_today_yes
L1_Location=Walpole|L2_RainToday=others,L1_Location=Walpole,2,L2_RainToday,category_group,others,35,26,9,,True,True,ROOT
L1_Location=Watsonia|L2_RainToday=rain_today_no,L1_Location=Watsonia,2,L2_RainToday,category_group,rain_today_no,1818,371,268,,False,False,L1_Location=Watsonia|L2_RainToday=rain_today_no
L1_Location=Watsonia|L2_RainToday=rain_today_yes,L1_Location=Watsonia,2,L2_RainToday,category_group,rain_today_yes,583,414,169,,False,True,L1_Location=Watsonia
L1_Location=Watsonia|L2_RainToday=others,L1_Location=Watsonia,2,L2_RainToday,category_group,others,6,2,4,,True,True,L1_Location=Watsonia
L1_Location=Williamtown|L2_RainToday=rain_today_no,L1_Location=Williamtown,2,L2_RainToday,category_group,rain_today_no,1413,269,419,,False,False,L1_Location=Williamtown|L2_RainToday=rain_today_no
L1_Location=Williamtown|L2_RainToday=rain_today_yes,L1_Location=Williamtown,2,L2_RainToday,category_group,rain_today_yes,522,355,167,,True,False,L1_Location=Williamtown|L2_RainToday=rain_today_yes
L1_Location=Williamtown|L2_RainToday=others,L1_Location=Williamtown,2,L2_RainToday,category_group,others,141,93,48,,True,True,ROOT
L1_Location=Witchcliffe|L2_RainToday=rain_today_no,L1_Location=Witchcliffe,2,L2_RainToday,category_group,rain_today_no,1604,220,210,,False,False,L1_Location=Witchcliffe|L2_RainToday=rain_today_no
L1_Location=Witchcliffe|L2_RainToday=rain_today_yes,L1_Location=Witchcliffe,2,L2_RainToday,category_group,rain_today_yes,700,477,223,,False,False,L1_Location=Witchcliffe|L2_RainToday=rain_today_yes
L1_Location=Witchcliffe|L2_RainToday=others,L1_Location=Witchcliffe,2,L2_RainToday,category_group,others,19,13,6,,True,True,L1_Location=Witchcliffe
L1_Location=Wollongong|L2_RainToday=rain_today_no,L1_Location=Wollongong,2,L2_RainToday,category_group,rain_today_no,1817,388,558,,False,True,ROOT
L1_Location=Wollongong|L2_RainToday=rain_today_yes,L1_Location=Wollongong,2,L2_RainToday,category_group,rain_today_yes,550,380,170,,False,True,ROOT
L1_Location=Wollongong|L2_RainToday=others,L1_Location=Wollongong,2,L2_RainToday,category_group,others,34,26,8,,True,True,ROOT
L1_Location=Woomera|L2_RainToday=rain_today_no,L1_Location=Woomera,2,L2_RainToday,category_group,rain_today_no,2195,520,232,,False,True,ROOT
L1_Location=Woomera|L2_RainToday=others,L1_Location=Woomera,2,L2_RainToday,category_group,others,173,124,49,,True,True,ROOT
L1_Location=Adelaide|L2_RainToday=rain_today_no|L3_Humidity3pm=hum_low,L1_Location=Adelaide|L2_RainToday=rain_today_no,3,L3_Humidity3pm,numeric_bin,hum_low,972,679,293,,True,True,L1_Location=Adelaide|L2_RainToday=rain_today_no
L1_Location=Adelaide|L2_RainToday=rain_today_no|L3_Humidity3pm=hum_mid,L1_Location=Adelaide|L2_RainToday=rain_today_no,3,L3_Humidity3pm,numeric_bin,hum_mid,822,589,233,,True,True,L1_Location=Adelaide|L2_RainToday=rain_today_no
L1_Location=Adelaide|L2_RainToday=rain_today_no|L3_Humidity3pm=others,L1_Location=Adelaide|L2_RainToday=rain_today_no,3,L3_Humidity3pm,numeric_bin,others,95,59,36,,True,True,L1_Location=Adelaide|L2_RainToday=rain_today_no
L1_Location=Adelaide|L2_RainToday=rain_today_yes|L3_Humidity3pm=hum_mid,L1_Location=Adelaide|L2_RainToday=rain_today_yes,3,L3_Humidity3pm,numeric_bin,hum_mid,360,258,102,,True,True,ROOT
L1_Location=Adelaide|L2_RainToday=rain_today_yes|L3_Humidity3pm=others,L1_Location=Adelaide|L2_RainToday=rain_today_yes,3,L3_Humidity3pm,numeric_bin,others,188,136,52,,True,True,ROOT
L1_Location=Albany|L2_RainToday=rain_today_no|L3_Humidity3pm=hum_high,L1_Location=Albany|L2_RainToday=rain_today_no,3,L3_Humidity3pm,numeric_bin,hum_high,468,337,131,,True,False,L1_Location=Albany|L2_RainToday=rain_today_no|L3_Humidity3pm=hum_high
L1_Location=Albany|L2_RainToday=rain_today_no|L3_Humidity3pm=hum_mid,L1_Location=Albany|L2_RainToday=rain_today_no,3,L3_Humidity3pm,numeric_bin,hum_mid,817,595,222,,True,False,L1_Location=Albany|L2_RainToday=rain_today_no|L3_Humidity3pm=hum_mid
L1_Location=Albany|L2_RainToday=rain_today_no|L3_Humidity3pm=unknown,L1_Location=Albany|L2_RainToday=rain_today_no,3,L3_Humidity3pm,numeric_bin,unknown,377,266,111,,True,True,L1_Location=Albany
L1_Location=Albany|L2_RainToday=rain_today_no|L3_Humidity3pm=others,L1_Location=Albany|L2_RainToday=rain_today_no,3,L3_Humidity3pm,numeric_bin,others,35,31,4,,True,True,L1_Location=Albany
L1_Location=Albany|L2_RainToday=rain_today_yes|L3_Humidity3pm=hum_mid,L1_Location=Albany|L2_RainToday=rain_today_yes,3,L3_Humidity3pm,numeric_bin,hum_mid,302,191,111,,True,True,L1_Location=Albany|L2_RainToday=rain_today_yes
L1_Location=Albany|L2_RainToday=rain_today_yes|L3_Humidity3pm=others,L1_Location=Albany|L2_RainToday=rain_today_yes,3,L3_Humidity3pm,numeric_bin,others,410,285,125,,True,True,L1_Location=Albany|L2_RainToday=rain_today_yes
L1_Location=Albury|L2_RainToday=rain_today_no|L3_Humidity3pm=hum_low,L1_Location=Albury|L2_RainToday=rain_today_no,3,L3_Humidity3pm,numeric_bin,hum_low,865,584,281,,True,True,L1_Location=Albury
L1_Location=Albury|L2_RainToday=rain_today_no|L3_Humidity3pm=hum_mid,L1_Location=Albury|L2_RainToday=rain_today_no,3,L3_Humidity3pm,numeric_bin,hum_mid,888,634,254,,True,True,L1_Location=Albury
L1_Location=Albury|L2_RainToday=rain_today_no|L3_Humidity3pm=others,L1_Location=Albury|L2_RainToday=rain_today_no,3,L3_Humidity3pm,numeric_bin,others,155,111,44,,True,True,L1_Location=Albury
L1_Location=AliceSprings|L2_RainToday=rain_today_no|L3_Humidity3pm=hum_low,L1_Location=AliceSprings|L2_RainToday=rain_today_no,3,L3_Humidity3pm,numeric_bin,hum_low,2058,1450,608,,True,True,L1_Location=AliceSprings
L1_Location=AliceSprings|L2_RainToday=rain_today_no|L3_Humidity3pm=others,L1_Location=AliceSprings|L2_RainToday=rain_today_no,3,L3_Humidity3pm,numeric_bin,others,152,108,44,,True,True,L1_Location=AliceSprings
L1_Location=BadgerysCreek|L2_RainToday=rain_today_no|L3_Humidity3pm=hum_low,L1_Location=BadgerysCreek|L2_RainToday=rain_today_no,3,L3_Humidity3pm,numeric_bin,hum_low,605,424,181,,True,True,L1_Location=BadgerysCreek|L2_RainToday=rain_today_no
L1_Location=BadgerysCreek|L2_RainToday=rain_today_no|L3_Humidity3pm=hum_mid,L1_Location=BadgerysCreek|L2_RainToday=rain_today_no,3,L3_Humidity3pm,numeric_bin,hum_mid,1071,745,326,,True,True,L1_Location=BadgerysCreek|L2_RainToday=rain_today_no
L1_Location=BadgerysCreek|L2_RainToday=rain_today_no|L3_Humidity3pm=others,L1_Location=BadgerysCreek|L2_RainToday=rain_today_no,3,L3_Humidity3pm,numeric_bin,others,184,128,56,,True,True,L1_Location=BadgerysCreek|L2_RainToday=rain_today_no
L1_Location=Ballarat|L2_RainToday=rain_today_no|L3_Humidity3pm=hum_high,L1_Location=Ballarat|L2_RainToday=rain_today_no,3,L3_Humidity3pm,numeric_bin,hum_high,398,286,112,,True,False,L1_Location=Ballarat|L2_RainToday=rain_today_no|L3_Humidity3pm=hum_high
L1_Location=Ballarat|L2_RainToday=rain_today_no|L3_Humidity3pm=hum_low,L1_Location=Ballarat|L2_RainToday=rain_today_no,3,L3_Humidity3pm,numeric_bin,hum_low,541,384,157,,True,True,L1_Location=Ballarat|L2_RainToday=rain_today_no
L1_Location=Ballarat|L2_RainToday=rain_today_no|L3_Humidity3pm=hum_mid,L1_Location=Ballarat|L2_RainToday=rain_today_no,3,L3_Humidity3pm,numeric_bin,hum_mid,860,610,250,,True,True,L1_Location=Ballarat|L2_RainToday=rain_today_no
L1_Location=Ballarat|L2_RainToday=rain_today_no|L3_Humidity3pm=others,L1_Location=Ballarat|L2_RainToday=rain_today_no,3,L3_Humidity3pm,numeric_bin,others,3,2,1,,True,True,L1_Location=Ballarat|L2_RainToday=rain_today_no
L1_Location=Ballarat|L2_RainToday=rain_today_yes|L3_Humidity3pm=hum_high,L1_Location=Ballarat|L2_RainToday=rain_today_yes,3,L3_Humidity3pm,numeric_bin,hum_high,362,263,99,,True,True,L1_Location=Ballarat|L2_RainToday=rain_today_yes
L1_Location=Ballarat|L2_RainToday=rain_today_yes|L3_Humidity3pm=others,L1_Location=Ballarat|L2_RainToday=rain_today_yes,3,L3_Humidity3pm,numeric_bin,others,273,189,84,,True,True,L1_Location=Ballarat|L2_RainToday=rain_today_yes
L1_Location=Bendigo|L2_RainToday=rain_today_no|L3_Humidity3pm=hum_low,L1_Location=Bendigo|L2_RainToday=rain_today_no,3,L3_Humidity3pm,numeric_bin,hum_low,955,663,292,,True,True,L1_Location=Bendigo
L1_Location=Bendigo|L2_RainToday=rain_today_no|L3_Humidity3pm=hum_mid,L1_Location=Bendigo|L2_RainToday=rain_today_no,3,L3_Humidity3pm,numeric_bin,hum_mid,849,595,254,,True,True,L1_Location=Bendigo
L1_Location=Bendigo|L2_RainToday=rain_today_no|L3_Humidity3pm=others,L1_Location=Bendigo|L2_RainToday=rain_today_no,3,L3_Humidity3pm,numeric_bin,others,170,124,46,,True,True,L1_Location=Bendigo
L1_Location=Brisbane|L2_RainToday=rain_today_no|L3_Humidity3pm=hum_low,L1_Location=Brisbane|L2_RainToday=rain_today_no,3,L3_Humidity3pm,numeric_bin,hum_low,360,252,108,,True,True,L1_Location=Brisbane|L2_RainToday=rain_today_no
L1_Location=Brisbane|L2_RainToday=rain_today_no|L3_Humidity3pm=hum_mid,L1_Location=Brisbane|L2_RainToday=rain_today_no,3,L3_Humidity3pm,numeric_bin,hum_mid,1448,985,463,,True,True,L1_Location=Brisbane|L2_RainToday=rain_today_no
L1_Location=Brisbane|L2_RainToday=rain_today_no|L3_Humidity3pm=others,L1_Location=Brisbane|L2_RainToday=rain_today_no,3,L3_Humidity3pm,numeric_bin,others,124,88,36,,True,True,L1_Location=Brisbane|L2_RainToday=rain_today_no
L1_Location=Brisbane|L2_RainToday=rain_today_yes|L3_Humidity3pm=hum_mid,L1_Location=Brisbane|L2_RainToday=rain_today_yes,3,L3_Humidity3pm,numeric_bin,hum_mid,346,238,108,,True,True,L1_Location=Brisbane
L1_Location=Brisbane|L2_RainToday=rain_today_yes|L3_Humidity3pm=others,L1_Location=Brisbane|L2_RainToday=rain_today_yes,3,L3_Humidity3pm,numeric_bin,others,215,163,52,,True,True,L1_Location=Brisbane
L1_Location=Cairns|L2_RainToday=rain_today_no|L3_Humidity3pm=hum_mid,L1_Location=Cairns|L2_RainToday=rain_today_no,3,L3_Humidity3pm,numeric_bin,hum_mid,1323,971,352,,True,True,L1_Location=Cairns|L2_RainToday=rain_today_no
L1_Location=Cairns|L2_RainToday=rain_today_no|L3_Humidity3pm=others,L1_Location=Cairns|L2_RainToday=rain_today_no,3,L3_Humidity3pm,numeric_bin,others,297,214,83,,True,True,L1_Location=Cairns|L2_RainToday=rain_today_no
L1_Location=Cairns|L2_RainToday=rain_today_yes|L3_Humidity3pm=hum_high,L1_Location=Cairns|L2_RainToday=rain_today_yes,3,L3_Humidity3pm,numeric_bin,hum_high,348,256,92,,True,True,L1_Location=Cairns|L2_RainToday=rain_today_yes
L1_Location=Cairns|L2_RainToday=rain_today_yes|L3_Humidity3pm=hum_mid,L1_Location=Cairns|L2_RainToday=rain_today_yes,3,L3_Humidity3pm,numeric_bin,hum_mid,378,274,104,,True,True,L1_Location=Cairns|L2_RainToday=rain_today_yes
L1_Location=Cairns|L2_RainToday=rain_today_yes|L3_Humidity3pm=others,L1_Location=Cairns|L2_RainToday=rain_today_yes,3,L3_Humidity3pm,numeric_bin,others,3,2,1,,True,True,L1_Location=Cairns|L2_RainToday=rain_today_yes
L1_Location=Canberra|L2_RainToday=rain_today_no|L3_Humidity3pm=hum_low,L1_Location=Canberra|L2_RainToday=rain_today_no,3,L3_Humidity3pm,numeric_bin,hum_low,1016,712,304,,True,True,L1_Location=Canberra|L2_RainToday=rain_today_no
L1_Location=Canberra|L2_RainToday=rain_today_no|L3_Humidity3pm=hum_mid,L1_Location=Canberra|L2_RainToday=rain_today_no,3,L3_Humidity3pm,numeric_bin,hum_mid,1063,752,311,,True,True,L1_Location=Canberra|L2_RainToday=rain_today_no
L1_Location=Canberra|L2_RainToday=rain_today_no|L3_Humidity3pm=others,L1_Location=Canberra|L2_RainToday=rain_today_no,3,L3_Humidity3pm,numeric_bin,others,144,111,33,,True,True,L1_Location=Canberra|L2_RainToday=rain_today_no
L1_Location=Cobar|L2_RainToday=rain_today_no|L3_Humidity3pm=hum_low,L1_Location=Cobar|L2_RainToday=rain_today_no,3,L3_Humidity3pm,numeric_bin,hum_low,1540,1061,479,,True,True,L1_Location=Cobar
L1_Location=Cobar|L2_RainToday=rain_today_no|L3_Humidity3pm=hum_mid,L1_Location=Cobar|L2_RainToday=rain_today_no,3,L3_Humidity3pm,numeric_bin,hum_mid,425,296,129,,True,True,L1_Location=Cobar
L1_Location=Cobar|L2_RainToday=rain_today_no|L3_Humidity3pm=others,L1_Location=Cobar|L2_RainToday=rain_today_no,3,L3_Humidity3pm,numeric_bin,others,136,94,42,,True,True,L1_Location=Cobar
L1_Location=CoffsHarbour|L2_RainToday=rain_today_no|L3_Humidity3pm=hum_mid,L1_Location=CoffsHarbour|L2_RainToday=rain_today_no,3,L3_Humidity3pm,numeric_bin,hum_mid,1226,868,358,,True,True,ROOT
L1_Location=CoffsHarbour|L2_RainToday=rain_today_no|L3_Humidity3pm=others,L1_Location=CoffsHarbour|L2_RainToday=rain_today_no,3,L3_Humidity3pm,numeric_bin,others,459,332,127,,True,True,ROOT
L1_Location=CoffsHarbour|L2_RainToday=rain_today_yes|L3_Humidity3pm=hum_high,L1_Location=CoffsHarbour|L2_RainToday=rain_today_yes,3,L3_Humidity3pm,numeric_bin,hum_high,335,232,103,,True,False,L1_Location=CoffsHarbour|L2_RainToday=rain_today_yes|L3_Humidity3pm=hum_high
L1_Location=CoffsHarbour|L2_RainToday=rain_today_yes|L3_Humidity3pm=hum_mid,L1_Location=CoffsHarbour|L2_RainToday=rain_today_yes,3,L3_Humidity3pm,numeric_bin,hum_mid,329,234,95,,True,True,L1_Location=CoffsHarbour|L2_RainToday=rain_today_yes
L1_Location=CoffsHarbour|L2_RainToday=rain_today_yes|L3_Humidity3pm=others,L1_Location=CoffsHarbour|L2_RainToday=rain_today_yes,3,L3_Humidity3pm,numeric_bin,others,18,13,5,,True,True,L1_Location=CoffsHarbour|L2_RainToday=rain_today_yes
L1_Location=Dartmoor|L2_RainToday=rain_today_no|L3_Humidity3pm=hum_high,L1_Location=Dartmoor|L2_RainToday=rain_today_no,3,L3_Humidity3pm,numeric_bin,hum_high,399,285,114,,True,False,L1_Location=Dartmoor|L2_RainToday=rain_today_no|L3_Humidity3pm=hum_high
L1_Location=Dartmoor|L2_RainToday=rain_today_no|L3_Humidity3pm=hum_low,L1_Location=Dartmoor|L2_RainToday=rain_today_no,3,L3_Humidity3pm,numeric_bin,hum_low,324,205,119,,True,True,L1_Location=Dartmoor
L1_Location=Dartmoor|L2_RainToday=rain_today_no|L3_Humidity3pm=hum_mid,L1_Location=Dartmoor|L2_RainToday=rain_today_no,3,L3_Humidity3pm,numeric_bin,hum_mid,839,571,268,,True,True,L1_Location=Dartmoor
L1_Location=Dartmoor|L2_RainToday=rain_today_no|L3_Humidity3pm=others,L1_Location=Dartmoor|L2_RainToday=rain_today_no,3,L3_Humidity3pm,numeric_bin,others,79,60,19,,True,True,L1_Location=Dartmoor
L1_Location=Dartmoor|L2_RainToday=rain_today_yes|L3_Humidity3pm=hum_high,L1_Location=Dartmoor|L2_RainToday=rain_today_yes,3,L3_Humidity3pm,numeric_bin,hum_high,448,310,138,,True,False,L1_Location=Dartmoor|L2_RainToday=rain_today_yes|L3_Humidity3pm=hum_high
L1_Location=Dartmoor|L2_RainToday=rain_today_yes|L3_Humidity3pm=others,L1_Location=Dartmoor|L2_RainToday=rain_today_yes,3,L3_Humidity3pm,numeric_bin,others,300,217,83,,True,True,L1_Location=Dartmoor|L2_RainToday=rain_today_yes
L1_Location=Darwin|L2_RainToday=rain_today_no|L3_Humidity3pm=hum_low,L1_Location=Darwin|L2_RainToday=rain_today_no,3,L3_Humidity3pm,numeric_bin,hum_low,704,509,195,,True,True,L1_Location=Darwin|L2_RainToday=rain_today_no
L1_Location=Darwin|L2_RainToday=rain_today_no|L3_Humidity3pm=hum_mid,L1_Location=Darwin|L2_RainToday=rain_today_no,3,L3_Humidity3pm,numeric_bin,hum_mid,1077,742,335,,True,True,L1_Location=Darwin|L2_RainToday=rain_today_no
L1_Location=Darwin|L2_RainToday=rain_today_no|L3_Humidity3pm=others,L1_Location=Darwin|L2_RainToday=rain_today_no,3,L3_Humidity3pm,numeric_bin,others,111,70,41,,True,True,L1_Location=Darwin|L2_RainToday=rain_today_no
L1_Location=Darwin|L2_RainToday=rain_today_yes|L3_Humidity3pm=hum_mid,L1_Location=Darwin|L2_RainToday=rain_today_yes,3,L3_Humidity3pm,numeric_bin,hum_mid,396,276,120,,True,True,L1_Location=Darwin
L1_Location=Darwin|L2_RainToday=rain_today_yes|L3_Humidity3pm=others,L1_Location=Darwin|L2_RainToday=rain_today_yes,3,L3_Humidity3pm,numeric_bin,others,280,204,76,,True,True,L1_Location=Darwin
L1_Location=GoldCoast|L2_RainToday=rain_today_no|L3_Humidity3pm=hum_mid,L1_Location=GoldCoast|L2_RainToday=rain_today_no,3,L3_Humidity3pm,numeric_bin,hum_mid,1282,908,374,,True,True,L1_Location=GoldCoast|L2_RainToday=rain_today_no
L1_Location=GoldCoast|L2_RainToday=rain_today_no|L3_Humidity3pm=others,L1_Location=GoldCoast|L2_RainToday=rain_today_no,3,L3_Humidity3pm,numeric_bin,others,437,293,144,,True,True,L1_Location=GoldCoast|L2_RainToday=rain_today_no
L1_Location=GoldCoast|L2_RainToday=rain_today_yes|L3_Humidity3pm=hum_high,L1_Location=GoldCoast|L2_RainToday=rain_today_yes,3,L3_Humidity3pm,numeric_bin,hum_high,323,240,83,,True,True,L1_Location=GoldCoast|L2_RainToday=rain_today_yes
L1_Location=GoldCoast|L2_RainToday=rain_today_yes|L3_Humidity3pm=others,L1_Location=GoldCoast|L2_RainToday=rain_today_yes,3,L3_Humidity3pm,numeric_bin,others,283,201,82,,True,True,L1_Location=GoldCoast|L2_RainToday=rain_today_yes
L1_Location=Hobart|L2_RainToday=rain_today_no|L3_Humidity3pm=hum_low,L1_Location=Hobart|L2_RainToday=rain_today_no,3,L3_Humidity3pm,numeric_bin,hum_low,426,282,144,,True,True,ROOT
L1_Location=Hobart|L2_RainToday=rain_today_no|L3_Humidity3pm=hum_mid,L1_Location=Hobart|L2_RainToday=rain_today_no,3,L3_Humidity3pm,numeric_bin,hum_mid,1298,895,403,,True,False,L1_Location=Hobart|L2_RainToday=rain_today_no|L3_Humidity3pm=hum_mid
L1_Location=Hobart|L2_RainToday=rain_today_no|L3_Humidity3pm=others,L1_Location=Hobart|L2_RainToday=rain_today_no,3,L3_Humidity3pm,numeric_bin,others,205,144,61,,True,True,ROOT
L1_Location=Hobart|L2_RainToday=rain_today_yes|L3_Humidity3pm=hum_mid,L1_Location=Hobart|L2_RainToday=rain_today_yes,3,L3_Humidity3pm,numeric_bin,hum_mid,353,249,104,,True,True,L1_Location=Hobart|L2_RainToday=rain_today_yes
L1_Location=Hobart|L2_RainToday=rain_today_yes|L3_Humidity3pm=others,L1_Location=Hobart|L2_RainToday=rain_today_yes,3,L3_Humidity3pm,numeric_bin,others,266,193,73,,True,True,L1_Location=Hobart|L2_RainToday=rain_today_yes
L1_Location=Katherine|L2_RainToday=rain_today_no|L3_Humidity3pm=hum_low,L1_Location=Katherine|L2_RainToday=rain_today_no,3,L3_Humidity3pm,numeric_bin,hum_low,310,213,97,,True,True,L1_Location=Katherine|L2_RainToday=rain_today_no
L1_Location=Katherine|L2_RainToday=rain_today_no|L3_Humidity3pm=unknown,L1_Location=Katherine|L2_RainToday=rain_today_no,3,L3_Humidity3pm,numeric_bin,unknown,547,365,182,,True,True,L1_Location=Katherine|L2_RainToday=rain_today_no
L1_Location=Katherine|L2_RainToday=rain_today_no|L3_Humidity3pm=others,L1_Location=Katherine|L2_RainToday=rain_today_no,3,L3_Humidity3pm,numeric_bin,others,172,128,44,,True,True,L1_Location=Katherine|L2_RainToday=rain_today_no
L1_Location=Launceston|L2_RainToday=rain_today_no|L3_Humidity3pm=hum_high,L1_Location=Launceston|L2_RainToday=rain_today_no,3,L3_Humidity3pm,numeric_bin,hum_high,325,223,102,,True,True,L1_Location=Launceston
L1_Location=Launceston|L2_RainToday=rain_today_no|L3_Humidity3pm=hum_low,L1_Location=Launceston|L2_RainToday=rain_today_no,3,L3_Humidity3pm,numeric_bin,hum_low,395,286,109,,True,True,L1_Location=Launceston
L1_Location=Launceston|L2_RainToday=rain_today_no|L3_Humidity3pm=hum_mid,L1_Location=Launceston|L2_RainToday=rain_today_no,3,L3_Humidity3pm,numeric_bin,hum_mid,1173,842,331,,True,True,L1_Location=Launceston
L1_Location=Launceston|L2_RainToday=rain_today_no|L3_Humidity3pm=others,L1_Location=Launceston|L2_RainToday=rain_today_no,3,L3_Humidity3pm,numeric_bin,others,1,0,1,,True,True,L1_Location=Launceston
L1_Location=Melbourne|L2_RainToday=rain_today_no|L3_Humidity3pm=hum_low,L1_Location=Melbourne|L2_RainToday=rain_today_no,3,L3_Humidity3pm,numeric_bin,hum_low,394,291,103,,True,True,L1_Location=Melbourne|L2_RainToday=rain_today_no
L1_Location=Melbourne|L2_RainToday=rain_today_no|L3_Humidity3pm=hum_mid,L1_Location=Melbourne|L2_RainToday=rain_today_no,3,L3_Humidity3pm,numeric_bin,hum_mid,843,608,235,,True,True,L1_Location=Melbourne|L2_RainToday=rain_today_no
L1_Location=Melbourne|L2_RainToday=rain_today_no|L3_Humidity3pm=others,L1_Location=Melbourne|L2_RainToday=rain_today_no,3,L3_Humidity3pm,numeric_bin,others,125,94,31,,True,True,L1_Location=Melbourne|L2_RainToday=rain_today_no
L1_Location=Melbourne|L2_RainToday=rain_today_yes|L3_Humidity3pm=hum_mid,L1_Location=Melbourne|L2_RainToday=rain_today_yes,3,L3_Humidity3pm,numeric_bin,hum_mid,317,231,86,,True,True,L1_Location=Melbourne|L2_RainToday=rain_today_yes
L1_Location=Melbourne|L2_RainToday=rain_today_yes|L3_Humidity3pm=others,L1_Location=Melbourne|L2_RainToday=rain_today_yes,3,L3_Humidity3pm,numeric_bin,others,139,89,50,,True,True,L1_Location=Melbourne|L2_RainToday=rain_today_yes
L1_Location=MelbourneAirport|L2_RainToday=rain_today_no|L3_Humidity3pm=hum_low,L1_Location=MelbourneAirport|L2_RainToday=rain_today_no,3,L3_Humidity3pm,numeric_bin,hum_low,567,391,176,,True,True,ROOT
L1_Location=MelbourneAirport|L2_RainToday=rain_today_no|L3_Humidity3pm=hum_mid,L1_Location=MelbourneAirport|L2_RainToday=rain_today_no,3,L3_Humidity3pm,numeric_bin,hum_mid,1086,769,317,,True,True,ROOT
L1_Location=MelbourneAirport|L2_RainToday=rain_today_no|L3_Humidity3pm=others,L1_Location=MelbourneAirport|L2_RainToday=rain_today_no,3,L3_Humidity3pm,numeric_bin,others,188,137,51,,True,True,ROOT
L1_Location=MelbourneAirport|L2_RainToday=rain_today_yes|L3_Humidity3pm=hum_mid,L1_Location=MelbourneAirport|L2_RainToday=rain_today_yes,3,L3_Humidity3pm,numeric_bin,hum_mid,328,243,85,,True,True,L1_Location=MelbourneAirport|L2_RainToday=rain_today_yes
L1_Location=MelbourneAirport|L2_RainToday=rain_today_yes|L3_Humidity3pm=others,L1_Location=MelbourneAirport|L2_RainToday=rain_today_yes,3,L3_Humidity3pm,numeric_bin,others,189,136,53,,True,True,L1_Location=MelbourneAirport|L2_RainToday=rain_today_yes
L1_Location=Mildura|L2_RainToday=rain_today_no|L3_Humidity3pm=hum_low,L1_Location=Mildura|L2_RainToday=rain_today_no,3,L3_Humidity3pm,numeric_bin,hum_low,1522,1071,451,,True,True,L1_Location=Mildura|L2_RainToday=rain_today_no
L1_Location=Mildura|L2_RainToday=rain_today_no|L3_Humidity3pm=hum_mid,L1_Location=Mildura|L2_RainToday=rain_today_no,3,L3_Humidity3pm,numeric_bin,hum_mid,554,396,158,,True,True,L1_Location=Mildura|L2_RainToday=rain_today_no
L1_Location=Mildura|L2_RainToday=rain_today_no|L3_Humidity3pm=others,L1_Location=Mildura|L2_RainToday=rain_today_no,3,L3_Humidity3pm,numeric_bin,others,59,39,20,,True,True,L1_Location=Mildura|L2_RainToday=rain_today_no
L1_Location=Moree|L2_RainToday=rain_today_no|L3_Humidity3pm=hum_low,L1_Location=Moree|L2_RainToday=rain_today_no,3,L3_Humidity3pm,numeric_bin,hum_low,1544,1104,440,,True,True,L1_Location=Moree|L2_RainToday=rain_today_no
L1_Location=Moree|L2_RainToday=rain_today_no|L3_Humidity3pm=hum_mid,L1_Location=Moree|L2_RainToday=rain_today_no,3,L3_Humidity3pm,numeric_bin,hum_mid,366,248,118,,True,True,L1_Location=Moree|L2_RainToday=rain_today_no
L1_Location=Moree|L2_RainToday=rain_today_no|L3_Humidity3pm=others,L1_Location=Moree|L2_RainToday=rain_today_no,3,L3_Humidity3pm,numeric_bin,others,72,49,23,,True,True,L1_Location=Moree|L2_RainToday=rain_today_no
L1_Location=MountGambier|L2_RainToday=rain_today_no|L3_Humidity3pm=hum_low,L1_Location=MountGambier|L2_RainToday=rain_today_no,3,L3_Humidity3pm,numeric_bin,hum_low,455,329,126,,True,True,L1_Location=MountGambier
L1_Location=MountGambier|L2_RainToday=rain_today_no|L3_Humidity3pm=hum_mid,L1_Location=MountGambier|L2_RainToday=rain_today_no,3,L3_Humidity3pm,numeric_bin,hum_mid,937,657,280,,True,True,L1_Location=MountGambier
L1_Location=MountGambier|L2_RainToday=rain_today_no|L3_Humidity3pm=others,L1_Location=MountGambier|L2_RainToday=rain_today_no,3,L3_Humidity3pm,numeric_bin,others,300,211,89,,True,True,L1_Location=MountGambier
L1_Location=MountGambier|L2_RainToday=rain_today_yes|L3_Humidity3pm=hum_high,L1_Location=MountGambier|L2_RainToday=rain_today_yes,3,L3_Humidity3pm,numeric_bin,hum_high,316,222,94,,True,True,L1_Location=MountGambier
L1_Location=MountGambier|L2_RainToday=rain_today_yes|L3_Humidity3pm=hum_mid,L1_Location=MountGambier|L2_RainToday=rain_today_yes,3,L3_Humidity3pm,numeric_bin,hum_mid,395,272,123,,True,True,L1_Location=MountGambier
L1_Location=MountGambier|L2_RainToday=rain_today_yes|L3_Humidity3pm=others,L1_Location=MountGambier|L2_RainToday=rain_today_yes,3,L3_Humidity3pm,numeric_bin,others,25,15,10,,True,True,L1_Location=MountGambier
L1_Location=MountGinini|L2_RainToday=rain_today_no|L3_Humidity3pm=hum_high,L1_Location=MountGinini|L2_RainToday=rain_today_no,3,L3_Humidity3pm,numeric_bin,hum_high,583,428,155,,True,False,L1_Location=MountGinini|L2_RainToday=rain_today_no|L3_Humidity3pm=hum_high
L1_Location=MountGinini|L2_RainToday=rain_today_no|L3_Humidity3pm=hum_mid,L1_Location=MountGinini|L2_RainToday=rain_today_no,3,L3_Humidity3pm,numeric_bin,hum_mid,746,547,199,,True,True,L1_Location=MountGinini|L2_RainToday=rain_today_no
L1_Location=MountGinini|L2_RainToday=rain_today_no|L3_Humidity3pm=others,L1_Location=MountGinini|L2_RainToday=rain_today_no,3,L3_Humidity3pm,numeric_bin,others,337,245,92,,True,True,L1_Location=MountGinini|L2_RainToday=rain_today_no
L1_Location=MountGinini|L2_RainToday=rain_today_yes|L3_Humidity3pm=hum_high,L1_Location=MountGinini|L2_RainToday=rain_today_yes,3,L3_Humidity3pm,numeric_bin,hum_high,419,281,138,,True,True,L1_Location=MountGinini|L2_RainToday=rain_today_yes
L1_Location=MountGinini|L2_RainToday=rain_today_yes|L3_Humidity3pm=others,L1_Location=MountGinini|L2_RainToday=rain_today_yes,3,L3_Humidity3pm,numeric_bin,others,201,139,62,,True,True,L1_Location=MountGinini|L2_RainToday=rain_today_yes
L1_Location=Newcastle|L2_RainToday=rain_today_no|L3_Humidity3pm=hum_mid,L1_Location=Newcastle|L2_RainToday=rain_today_no,3,L3_Humidity3pm,numeric_bin,hum_mid,793,521,272,,True,True,ROOT
L1_Location=Newcastle|L2_RainToday=rain_today_no|L3_Humidity3pm=unknown,L1_Location=Newcastle|L2_RainToday=rain_today_no,3,L3_Humidity3pm,numeric_bin,unknown,517,339,178,,True,True,ROOT
L1_Location=Newcastle|L2_RainToday=rain_today_no|L3_Humidity3pm=others,L1_Location=Newcastle|L2_RainToday=rain_today_no,3,L3_Humidity3pm,numeric_bin,others,436,315,121,,True,True,ROOT
L1_Location=Nhil|L2_RainToday=rain_today_no|L3_Humidity3pm=hum_low,L1_Location=Nhil|L2_RainToday=rain_today_no,3,L3_Humidity3pm,numeric_bin,hum_low,552,387,165,,True,True,L1_Location=Nhil
L1_Location=Nhil|L2_RainToday=rain_today_no|L3_Humidity3pm=hum_mid,L1_Location=Nhil|L2_RainToday=rain_today_no,3,L3_Humidity3pm,numeric_bin,hum_mid,398,265,133,,True,False,L1_Location=Nhil|L2_RainToday=rain_today_no|L3_Humidity3pm=hum_mid
L1_Location=Nhil|L2_RainToday=rain_today_no|L3_Humidity3pm=others,L1_Location=Nhil|L2_RainToday=rain_today_no,3,L3_Humidity3pm,numeric_bin,others,95,66,29,,True,True,L1_Location=Nhil
L1_Location=NorahHead|L2_RainToday=rain_today_no|L3_Humidity3pm=hum_high,L1_Location=NorahHead|L2_RainToday=rain_today_no,3,L3_Humidity3pm,numeric_bin,hum_high,633,457,176,,True,True,ROOT
L1_Location=NorahHead|L2_RainToday=rain_today_no|L3_Humidity3pm=hum_mid,L1_Location=NorahHead|L2_RainToday=rain_today_no,3,L3_Humidity3pm,numeric_bin,hum_mid,892,639,253,,True,True,ROOT
L1_Location=NorahHead|L2_RainToday=rain_today_no|L3_Humidity3pm=others,L1_Location=NorahHead|L2_RainToday=rain_today_no,3,L3_Humidity3pm,numeric_bin,others,129,90,39,,True,True,ROOT
L1_Location=NorahHead|L2_RainToday=rain_today_yes|L3_Humidity3pm=hum_high,L1_Location=NorahHead|L2_RainToday=rain_today_yes,3,L3_Humidity3pm,numeric_bin,hum_high,410,295,115,,True,False,L1_Location=NorahHead|L2_RainToday=rain_today_yes|L3_Humidity3pm=hum_high
L1_Location=NorahHead|L2_RainToday=rain_today_yes|L3_Humidity3pm=others,L1_Location=NorahHead|L2_RainToday=rain_today_yes,3,L3_Humidity3pm,numeric_bin,others,238,163,75,,True,True,L1_Location=NorahHead|L2_RainToday=rain_today_yes
L1_Location=NorfolkIsland|L2_RainToday=rain_today_no|L3_Humidity3pm=hum_high,L1_Location=NorfolkIsland|L2_RainToday=rain_today_no,3,L3_Humidity3pm,numeric_bin,hum_high,497,359,138,,True,True,L1_Location=NorfolkIsland|L2_RainToday=rain_today_no
L1_Location=NorfolkIsland|L2_RainToday=rain_today_no|L3_Humidity3pm=hum_mid,L1_Location=NorfolkIsland|L2_RainToday=rain_today_no,3,L3_Humidity3pm,numeric_bin,hum_mid,1096,737,359,,True,True,L1_Location=NorfolkIsland|L2_RainToday=rain_today_no
L1_Location=NorfolkIsland|L2_RainToday=rain_today_no|L3_Humidity3pm=others,L1_Location=NorfolkIsland|L2_RainToday=rain_today_no,3,L3_Humidity3pm,numeric_bin,others,1,0,1,,True,True,L1_Location=NorfolkIsland|L2_RainToday=rain_today_no
L1_Location=NorfolkIsland|L2_RainToday=rain_today_yes|L3_Humidity3pm=hum_high,L1_Location=NorfolkIsland|L2_RainToday=rain_today_yes,3,L3_Humidity3pm,numeric_bin,hum_high,375,278,97,,True,True,L1_Location=NorfolkIsland|L2_RainToday=rain_today_yes
L1_Location=NorfolkIsland|L2_RainToday=rain_today_yes|L3_Humidity3pm=hum_mid,L1_Location=NorfolkIsland|L2_RainToday=rain_today_yes,3,L3_Humidity3pm,numeric_bin,hum_mid,348,247,101,,True,True,L1_Location=NorfolkIsland|L2_RainToday=rain_today_yes
L1_Location=Nuriootpa|L2_RainToday=rain_today_no|L3_Humidity3pm=hum_low,L1_Location=Nuriootpa|L2_RainToday=rain_today_no,3,L3_Humidity3pm,numeric_bin,hum_low,1027,725,302,,True,True,L1_Location=Nuriootpa
L1_Location=Nuriootpa|L2_RainToday=rain_today_no|L3_Humidity3pm=hum_mid,L1_Location=Nuriootpa|L2_RainToday=rain_today_no,3,L3_Humidity3pm,numeric_bin,hum_mid,711,491,220,,True,True,L1_Location=Nuriootpa
L1_Location=Nuriootpa|L2_RainToday=rain_today_no|L3_Humidity3pm=others,L1_Location=Nuriootpa|L2_RainToday=rain_today_no,3,L3_Humidity3pm,numeric_bin,others,179,129,50,,True,True,L1_Location=Nuriootpa
L1_Location=PearceRAAF|L2_RainToday=rain_today_no|L3_Humidity3pm=hum_low,L1_Location=PearceRAAF|L2_RainToday=rain_today_no,3,L3_Humidity3pm,numeric_bin,hum_low,1041,740,301,,True,True,L1_Location=PearceRAAF|L2_RainToday=rain_today_no
L1_Location=PearceRAAF|L2_RainToday=rain_today_no|L3_Humidity3pm=hum_mid,L1_Location=PearceRAAF|L2_RainToday=rain_today_no,3,L3_Humidity3pm,numeric_bin,hum_mid,626,439,187,,True,True,L1_Location=PearceRAAF|L2_RainToday=rain_today_no
L1_Location=PearceRAAF|L2_RainToday=rain_today_no|L3_Humidity3pm=others,L1_Location=PearceRAAF|L2_RainToday=rain_today_no,3,L3_Humidity3pm,numeric_bin,others,62,42,20,,True,True,L1_Location=PearceRAAF|L2_RainToday=rain_today_no
L1_Location=Penrith|L2_RainToday=rain_today_no|L3_Humidity3pm=hum_low,L1_Location=Penrith|L2_RainToday=rain_today_no,3,L3_Humidity3pm,numeric_bin,hum_low,825,565,260,,True,True,ROOT
L1_Location=Penrith|L2_RainToday=rain_today_no|L3_Humidity3pm=hum_mid,L1_Location=Penrith|L2_RainToday=rain_today_no,3,L3_Humidity3pm,numeric_bin,hum_mid,824,557,267,,True,True,ROOT
L1_Location=Penrith|L2_RainToday=rain_today_no|L3_Humidity3pm=others,L1_Location=Penrith|L2_RainToday=rain_today_no,3,L3_Humidity3pm,numeric_bin,others,194,141,53,,True,True,ROOT
L1_Location=Perth|L2_RainToday=rain_today_no|L3_Humidity3pm=hum_low,L1_Location=Perth|L2_RainToday=rain_today_no,3,L3_Humidity3pm,numeric_bin,hum_low,811,564,247,,True,True,L1_Location=Perth|L2_RainToday=rain_today_no
L1_Location=Perth|L2_RainToday=rain_today_no|L3_Humidity3pm=hum_mid,L1_Location=Perth|L2_RainToday=rain_today_no,3,L3_Humidity3pm,numeric_bin,hum_mid,1123,774,349,,True,True,L1_Location=Perth|L2_RainToday=rain_today_no
L1_Location=Perth|L2_RainToday=rain_today_no|L3_Humidity3pm=others,L1_Location=Perth|L2_RainToday=rain_today_no,3,L3_Humidity3pm,numeric_bin,others,92,67,25,,True,True,L1_Location=Perth|L2_RainToday=rain_today_no
L1_Location=Perth|L2_RainToday=rain_today_yes|L3_Humidity3pm=hum_mid,L1_Location=Perth|L2_RainToday=rain_today_yes,3,L3_Humidity3pm,numeric_bin,hum_mid,390,262,128,,True,True,L1_Location=Perth
L1_Location=Perth|L2_RainToday=rain_today_yes|L3_Humidity3pm=others,L1_Location=Perth|L2_RainToday=rain_today_yes,3,L3_Humidity3pm,numeric_bin,others,132,85,47,,True,True,L1_Location=Perth
L1_Location=PerthAirport|L2_RainToday=rain_today_no|L3_Humidity3pm=hum_low,L1_Location=PerthAirport|L2_RainToday=rain_today_no,3,L3_Humidity3pm,numeric_bin,hum_low,1128,798,330,,True,True,L1_Location=PerthAirport
L1_Location=PerthAirport|L2_RainToday=rain_today_no|L3_Humidity3pm=hum_mid,L1_Location=PerthAirport|L2_RainToday=rain_today_no,3,L3_Humidity3pm,numeric_bin,hum_mid,768,540,228,,True,True,L1_Location=PerthAirport
L1_Location=PerthAirport|L2_RainToday=rain_today_no|L3_Humidity3pm=others,L1_Location=PerthAirport|L2_RainToday=rain_today_no,3,L3_Humidity3pm,numeric_bin,others,69,38,31,,True,True,L1_Location=PerthAirport
L1_Location=PerthAirport|L2_RainToday=rain_today_yes|L3_Humidity3pm=hum_mid,L1_Location=PerthAirport|L2_RainToday=rain_today_yes,3,L3_Humidity3pm,numeric_bin,hum_mid,316,225,91,,True,True,L1_Location=PerthAirport|L2_RainToday=rain_today_yes
L1_Location=PerthAirport|L2_RainToday=rain_today_yes|L3_Humidity3pm=others,L1_Location=PerthAirport|L2_RainToday=rain_today_yes,3,L3_Humidity3pm,numeric_bin,others,132,97,35,,True,True,L1_Location=PerthAirport|L2_RainToday=rain_today_yes
L1_Location=Portland|L2_RainToday=rain_today_no|L3_Humidity3pm=hum_high,L1_Location=Portland|L2_RainToday=rain_today_no,3,L3_Humidity3pm,numeric_bin,hum_high,434,299,135,,True,False,L1_Location=Portland|L2_RainToday=rain_today_no|L3_Humidity3pm=hum_high
L1_Location=Portland|L2_RainToday=rain_today_no|L3_Humidity3pm=hum_mid,L1_Location=Portland|L2_RainToday=rain_today_no,3,L3_Humidity3pm,numeric_bin,hum_mid,974,676,298,,True,True,L1_Location=Portland
L1_Location=Portland|L2_RainToday=rain_today_no|L3_Humidity3pm=others,L1_Location=Portland|L2_RainToday=rain_today_no,3,L3_Humidity3pm,numeric_bin,others,140,91,49,,True,True,L1_Location=Portland
L1_Location=Portland|L2_RainToday=rain_today_yes|L3_Humidity3pm=hum_high,L1_Location=Portland|L2_RainToday=rain_today_yes,3,L3_Humidity3pm,numeric_bin,hum_high,472,325,147,,True,False,L1_Location=Portland|L2_RainToday=rain_today_yes|L3_Humidity3pm=hum_high
L1_Location=Portland|L2_RainToday=rain_today_yes|L3_Humidity3pm=hum_mid,L1_Location=Portland|L2_RainToday=rain_today_yes,3,L3_Humidity3pm,numeric_bin,hum_mid,407,277,130,,True,True,L1_Location=Portland|L2_RainToday=rain_today_yes
L1_Location=Portland|L2_RainToday=rain_today_yes|L3_Humidity3pm=others,L1_Location=Portland|L2_RainToday=rain_today_yes,3,L3_Humidity3pm,numeric_bin,others,3,1,2,,True,True,L1_Location=Portland|L2_RainToday=rain_today_yes
L1_Location=Richmond|L2_RainToday=rain_today_no|L3_Humidity3pm=hum_low,L1_Location=Richmond|L2_RainToday=rain_today_no,3,L3_Humidity3pm,numeric_bin,hum_low,774,531,243,,True,False,L1_Location=Richmond|L2_RainToday=rain_today_no|L3_Humidity3pm=hum_low
L1_Location=Richmond|L2_RainToday=rain_today_no|L3_Humidity3pm=hum_mid,L1_Location=Richmond|L2_RainToday=rain_today_no,3,L3_Humidity3pm,numeric_bin,hum_mid,931,638,293,,True,True,L1_Location=Richmond
L1_Location=Richmond|L2_RainToday=rain_today_no|L3_Humidity3pm=others,L1_Location=Richmond|L2_RainToday=rain_today_no,3,L3_Humidity3pm,numeric_bin,others,159,105,54,,True,True,L1_Location=Richmond
L1_Location=Sale|L2_RainToday=rain_today_no|L3_Humidity3pm=hum_low,L1_Location=Sale|L2_RainToday=rain_today_no,3,L3_Humidity3pm,numeric_bin,hum_low,322,225,97,,True,True,ROOT
L1_Location=Sale|L2_RainToday=rain_today_no|L3_Humidity3pm=hum_mid,L1_Location=Sale|L2_RainToday=rain_today_no,3,L3_Humidity3pm,numeric_bin,hum_mid,1297,935,362,,True,False,L1_Location=Sale|L2_RainToday=rain_today_no|L3_Humidity3pm=hum_mid
L1_Location=Sale|L2_RainToday=rain_today_no|L3_Humidity3pm=others,L1_Location=Sale|L2_RainToday=rain_today_no,3,L3_Humidity3pm,numeric_bin,others,278,196,82,,True,True,ROOT
L1_Location=Sale|L2_RainToday=rain_today_yes|L3_Humidity3pm=hum_mid,L1_Location=Sale|L2_RainToday=rain_today_yes,3,L3_Humidity3pm,numeric_bin,hum_mid,313,218,95,,True,True,L1_Location=Sale|L2_RainToday=rain_today_yes
L1_Location=Sale|L2_RainToday=rain_today_yes|L3_Humidity3pm=others,L1_Location=Sale|L2_RainToday=rain_today_yes,3,L3_Humidity3pm,numeric_bin,others,208,142,66,,True,True,L1_Location=Sale|L2_RainToday=rain_today_yes
L1_Location=SalmonGums|L2_RainToday=rain_today_no|L3_Humidity3pm=hum_low,L1_Location=SalmonGums|L2_RainToday=rain_today_no,3,L3_Humidity3pm,numeric_bin,hum_low,1243,859,384,,True,True,ROOT
L1_Location=SalmonGums|L2_RainToday=rain_today_no|L3_Humidity3pm=hum_mid,L1_Location=SalmonGums|L2_RainToday=rain_today_no,3,L3_Humidity3pm,numeric_bin,hum_mid,640,439,201,,True,True,ROOT
L1_Location=SalmonGums|L2_RainToday=rain_today_no|L3_Humidity3pm=others,L1_Location=SalmonGums|L2_RainToday=rain_today_no,3,L3_Humidity3pm,numeric_bin,others,85,58,27,,True,True,ROOT
L1_Location=Sydney|L2_RainToday=rain_today_no|L3_Humidity3pm=hum_low,L1_Location=Sydney|L2_RainToday=rain_today_no,3,L3_Humidity3pm,numeric_bin,hum_low,481,347,134,,True,True,L1_Location=Sydney|L2_RainToday=rain_today_no
L1_Location=Sydney|L2_RainToday=rain_today_no|L3_Humidity3pm=hum_mid,L1_Location=Sydney|L2_RainToday=rain_today_no,3,L3_Humidity3pm,numeric_bin,hum_mid,1319,916,403,,True,True,L1_Location=Sydney|L2_RainToday=rain_today_no
L1_Location=Sydney|L2_RainToday=rain_today_no|L3_Humidity3pm=others,L1_Location=Sydney|L2_RainToday=rain_today_no,3,L3_Humidity3pm,numeric_bin,others,152,96,56,,True,True,L1_Location=Sydney|L2_RainToday=rain_today_no
L1_Location=Sydney|L2_RainToday=rain_today_yes|L3_Humidity3pm=hum_mid,L1_Location=Sydney|L2_RainToday=rain_today_yes,3,L3_Humidity3pm,numeric_bin,hum_mid,404,289,115,,True,True,L1_Location=Sydney|L2_RainToday=rain_today_yes
L1_Location=Sydney|L2_RainToday=rain_today_yes|L3_Humidity3pm=others,L1_Location=Sydney|L2_RainToday=rain_today_yes,3,L3_Humidity3pm,numeric_bin,others,295,206,89,,True,True,L1_Location=Sydney|L2_RainToday=rain_today_yes
L1_Location=SydneyAirport|L2_RainToday=rain_today_no|L3_Humidity3pm=hum_low,L1_Location=SydneyAirport|L2_RainToday=rain_today_no,3,L3_Humidity3pm,numeric_bin,hum_low,506,348,158,,True,True,L1_Location=SydneyAirport|L2_RainToday=rain_today_no
L1_Location=SydneyAirport|L2_RainToday=rain_today_no|L3_Humidity3pm=hum_mid,L1_Location=SydneyAirport|L2_RainToday=rain_today_no,3,L3_Humidity3pm,numeric_bin,hum_mid,1058,748,310,,True,True,L1_Location=SydneyAirport|L2_RainToday=rain_today_no
L1_Location=SydneyAirport|L2_RainToday=rain_today_no|L3_Humidity3pm=others,L1_Location=SydneyAirport|L2_RainToday=rain_today_no,3,L3_Humidity3pm,numeric_bin,others,224,154,70,,True,True,L1_Location=SydneyAirport|L2_RainToday=rain_today_no
L1_Location=SydneyAirport|L2_RainToday=rain_today_yes|L3_Humidity3pm=hum_mid,L1_Location=SydneyAirport|L2_RainToday=rain_today_yes,3,L3_Humidity3pm,numeric_bin,hum_mid,320,227,93,,True,True,L1_Location=SydneyAirport|L2_RainToday=rain_today_yes
L1_Location=SydneyAirport|L2_RainToday=rain_today_yes|L3_Humidity3pm=others,L1_Location=SydneyAirport|L2_RainToday=rain_today_yes,3,L3_Humidity3pm,numeric_bin,others,297,214,83,,True,True,L1_Location=SydneyAirport|L2_RainToday=rain_today_yes
L1_Location=Townsville|L2_RainToday=rain_today_no|L3_Humidity3pm=hum_mid,L1_Location=Townsville|L2_RainToday=rain_today_no,3,L3_Humidity3pm,numeric_bin,hum_mid,1653,1132,521,,True,True,L1_Location=Townsville|L2_RainToday=rain_today_no
L1_Location=Townsville|L2_RainToday=rain_today_no|L3_Humidity3pm=others,L1_Location=Townsville|L2_RainToday=rain_today_no,3,L3_Humidity3pm,numeric_bin,others,332,224,108,,True,True,L1_Location=Townsville|L2_RainToday=rain_today_no
L1_Location=Tuggeranong|L2_RainToday=rain_today_no|L3_Humidity3pm=hum_low,L1_Location=Tuggeranong|L2_RainToday=rain_today_no,3,L3_Humidity3pm,numeric_bin,hum_low,823,566,257,,True,True,L1_Location=Tuggeranong
L1_Location=Tuggeranong|L2_RainToday=rain_today_no|L3_Humidity3pm=hum_mid,L1_Location=Tuggeranong|L2_RainToday=rain_today_no,3,L3_Humidity3pm,numeric_bin,hum_mid,971,709,262,,True,True,L1_Location=Tuggeranong
L1_Location=Tuggeranong|L2_RainToday=rain_today_no|L3_Humidity3pm=others,L1_Location=Tuggeranong|L2_RainToday=rain_today_no,3,L3_Humidity3pm,numeric_bin,others,125,103,22,,True,True,L1_Location=Tuggeranong
L1_Location=Uluru|L2_RainToday=rain_today_no|L3_Humidity3pm=hum_low,L1_Location=Uluru|L2_RainToday=rain_today_no,3,L3_Humidity3pm,numeric_bin,hum_low,1042,710,332,,True,False,L1_Location=Uluru|L2_RainToday=rain_today_no|L3_Humidity3pm=hum_low
L1_Location=Uluru|L2_RainToday=rain_today_no|L3_Humidity3pm=others,L1_Location=Uluru|L2_RainToday=rain_today_no,3,L3_Humidity3pm,numeric_bin,others,73,55,18,,True,True,ROOT
L1_Location=WaggaWagga|L2_RainToday=rain_today_no|L3_Humidity3pm=hum_low,L1_Location=WaggaWagga|L2_RainToday=rain_today_no,3,L3_Humidity3pm,numeric_bin,hum_low,1116,771,345,,True,True,L1_Location=WaggaWagga|L2_RainToday=rain_today_no
L1_Location=WaggaWagga|L2_RainToday=rain_today_no|L3_Humidity3pm=hum_mid,L1_Location=WaggaWagga|L2_RainToday=rain_today_no,3,L3_Humidity3pm,numeric_bin,hum_mid,683,462,221,,True,True,L1_Location=WaggaWagga|L2_RainToday=rain_today_no
L1_Location=WaggaWagga|L2_RainToday=rain_today_no|L3_Humidity3pm=others,L1_Location=WaggaWagga|L2_RainToday=rain_today_no,3,L3_Humidity3pm,numeric_bin,others,141,91,50,,True,True,L1_Location=WaggaWagga|L2_RainToday=rain_today_no
L1_Location=Walpole|L2_RainToday=rain_today_no|L3_Humidity3pm=hum_high,L1_Location=Walpole|L2_RainToday=rain_today_no,3,L3_Humidity3pm,numeric_bin,hum_high,367,242,125,,True,False,L1_Location=Walpole|L2_RainToday=rain_today_no|L3_Humidity3pm=hum_high
L1_Location=Walpole|L2_RainToday=rain_today_no|L3_Humidity3pm=hum_mid,L1_Location=Walpole|L2_RainToday=rain_today_no,3,L3_Humidity3pm,numeric_bin,hum_mid,1031,718,313,,True,True,ROOT
L1_Location=Walpole|L2_RainToday=rain_today_no|L3_Humidity3pm=others,L1_Location=Walpole|L2_RainToday=rain_today_no,3,L3_Humidity3pm,numeric_bin,others,63,50,13,,True,True,ROOT
L1_Location=Walpole|L2_RainToday=rain_today_yes|L3_Humidity3pm=hum_high,L1_Location=Walpole|L2_RainToday=rain_today_yes,3,L3_Humidity3pm,numeric_bin,hum_high,375,263,112,,True,False,L1_Location=Walpole|L2_RainToday=rain_today_yes|L3_Humidity3pm=hum_high
L1_Location=Walpole|L2_RainToday=rain_today_yes|L3_Humidity3pm=hum_mid,L1_Location=Walpole|L2_RainToday=rain_today_yes,3,L3_Humidity3pm,numeric_bin,hum_mid,356,253,103,,True,True,L1_Location=Walpole|L2_RainToday=rain_today_yes
L1_Location=Walpole|L2_RainToday=rain_today_yes|L3_Humidity3pm=others,L1_Location=Walpole|L2_RainToday=rain_today_yes,3,L3_Humidity3pm,numeric_bin,others,12,6,6,,True,True,L1_Location=Walpole|L2_RainToday=rain_today_yes
L1_Location=Watsonia|L2_RainToday=rain_today_no|L3_Humidity3pm=hum_low,L1_Location=Watsonia|L2_RainToday=rain_today_no,3,L3_Humidity3pm,numeric_bin,hum_low,505,361,144,,True,True,L1_Location=Watsonia|L2_RainToday=rain_today_no
L1_Location=Watsonia|L2_RainToday=rain_today_no|L3_Humidity3pm=hum_mid,L1_Location=Watsonia|L2_RainToday=rain_today_no,3,L3_Humidity3pm,numeric_bin,hum_mid,1112,781,331,,True,True,L1_Location=Watsonia|L2_RainToday=rain_today_no
L1_Location=Watsonia|L2_RainToday=rain_today_no|L3_Humidity3pm=others,L1_Location=Watsonia|L2_RainToday=rain_today_no,3,L3_Humidity3pm,numeric_bin,others,201,143,58,,True,True,L1_Location=Watsonia|L2_RainToday=rain_today_no
L1_Location=Watsonia|L2_RainToday=rain_today_yes|L3_Humidity3pm=hum_mid,L1_Location=Watsonia|L2_RainToday=rain_today_yes,3,L3_Humidity3pm,numeric_bin,hum_mid,360,254,106,,True,True,L1_Location=Watsonia
L1_Location=Watsonia|L2_RainToday=rain_today_yes|L3_Humidity3pm=others,L1_Location=Watsonia|L2_RainToday=rain_today_yes,3,L3_Humidity3pm,numeric_bin,others,223,160,63,,True,True,L1_Location=Watsonia
L1_Location=Williamtown|L2_RainToday=rain_today_no|L3_Humidity3pm=hum_low,L1_Location=Williamtown|L2_RainToday=rain_today_no,3,L3_Humidity3pm,numeric_bin,hum_low,451,314,137,,True,False,L1_Location=Williamtown|L2_RainToday=rain_today_no|L3_Humidity3pm=hum_low
L1_Location=Williamtown|L2_RainToday=rain_today_no|L3_Humidity3pm=hum_mid,L1_Location=Williamtown|L2_RainToday=rain_today_no,3,L3_Humidity3pm,numeric_bin,hum_mid,826,591,235,,True,True,L1_Location=Williamtown|L2_RainToday=rain_today_no
L1_Location=Williamtown|L2_RainToday=rain_today_no|L3_Humidity3pm=others,L1_Location=Williamtown|L2_RainToday=rain_today_no,3,L3_Humidity3pm,numeric_bin,others,136,89,47,,True,True,L1_Location=Williamtown|L2_RainToday=rain_today_no
L1_Location=Witchcliffe|L2_RainToday=rain_today_no|L3_Humidity3pm=hum_mid,L1_Location=Witchcliffe|L2_RainToday=rain_today_no,3,L3_Humidity3pm,numeric_bin,hum_mid,1140,776,364,,True,True,L1_Location=Witchcliffe|L2_RainToday=rain_today_no
L1_Location=Witchcliffe|L2_RainToday=rain_today_no|L3_Humidity3pm=others,L1_Location=Witchcliffe|L2_RainToday=rain_today_no,3,L3_Humidity3pm,numeric_bin,others,464,326,138,,True,True,L1_Location=Witchcliffe|L2_RainToday=rain_today_no
L1_Location=Witchcliffe|L2_RainToday=rain_today_yes|L3_Humidity3pm=hum_mid,L1_Location=Witchcliffe|L2_RainToday=rain_today_yes,3,L3_Humidity3pm,numeric_bin,hum_mid,408,279,129,,True,True,L1_Location=Witchcliffe|L2_RainToday=rain_today_yes
L1_Location=Witchcliffe|L2_RainToday=rain_today_yes|L3_Humidity3pm=others,L1_Location=Witchcliffe|L2_RainToday=rain_today_yes,3,L3_Humidity3pm,numeric_bin,others,292,198,94,,True,True,L1_Location=Witchcliffe|L2_RainToday=rain_today_yes
L1_Location=Wollongong|L2_RainToday=rain_today_no|L3_Humidity3pm=hum_high,L1_Location=Wollongong|L2_RainToday=rain_today_no,3,L3_Humidity3pm,numeric_bin,hum_high,705,500,205,,True,True,ROOT
L1_Location=Wollongong|L2_RainToday=rain_today_no|L3_Humidity3pm=hum_mid,L1_Location=Wollongong|L2_RainToday=rain_today_no,3,L3_Humidity3pm,numeric_bin,hum_mid,863,588,275,,True,True,ROOT
L1_Location=Wollongong|L2_RainToday=rain_today_no|L3_Humidity3pm=others,L1_Location=Wollongong|L2_RainToday=rain_today_no,3,L3_Humidity3pm,numeric_bin,others,249,171,78,,True,True,ROOT
L1_Location=Wollongong|L2_RainToday=rain_today_yes|L3_Humidity3pm=hum_high,L1_Location=Wollongong|L2_RainToday=rain_today_yes,3,L3_Humidity3pm,numeric_bin,hum_high,352,255,97,,True,True,ROOT
L1_Location=Wollongong|L2_RainToday=rain_today_yes|L3_Humidity3pm=others,L1_Location=Wollongong|L2_RainToday=rain_today_yes,3,L3_Humidity3pm,numeric_bin,others,198,125,73,,True,True,ROOT
L1_Location=Woomera|L2_RainToday=rain_today_no|L3_Humidity3pm=hum_low,L1_Location=Woomera|L2_RainToday=rain_today_no,3,L3_Humidity3pm,numeric_bin,hum_low,1802,1284,518,,True,True,ROOT
L1_Location=Woomera|L2_RainToday=rain_today_no|L3_Humidity3pm=hum_mid,L1_Location=Woomera|L2_RainToday=rain_today_no,3,L3_Humidity3pm,numeric_bin,hum_mid,327,221,106,,True,True,ROOT
L1_Location=Woomera|L2_RainToday=rain_today_no|L3_Humidity3pm=others,L1_Location=Woomera|L2_RainToday=rain_today_no,3,L3_Humidity3pm,numeric_bin,others,66,43,23,,True,True,ROOT
