bucket_id,alpha,beta,threshold_mode,threshold_source_bucket,is_weak
ROOT,0.4,0.2,bucket_wise,ROOT,False
L1_Location=Adelaide,0.4,0.2,bucket_wise,ROOT,True
L1_Location=Albany,0.4,0.3,bucket_wise,L1_Location=Albany,False
L1_Location=Albury,0.4,0.2,bucket_wise,L1_Location=Albury,False
L1_Location=AliceSprings,0.4,0.2,bucket_wise,L1_Location=AliceSprings,False
L1_Location=BadgerysCreek,0.4,0.2,bucket_wise,ROOT,True
L1_Location=Ballarat,0.4,0.2,bucket_wise,ROOT,True
L1_Location=Bendigo,0.4,0.2,bucket_wise,L1_Location=Bendigo,False
L1_Location=Brisbane,0.4,0.2,bucket_wise,L1_Location=Brisbane,False
L1_Location=Cairns,0.4,0.2,bucket_wise,L1_Location=Cairns,False
L1_Location=Canberra,0.4,0.2,bucket_wise,ROOT,True
L1_Location=Cobar,0.4,0.2,bucket_wise,L1_Location=Cobar,False
L1_Location=CoffsHarbour,0.4,0.2,bucket_wise,ROOT,True
L1_Location=Dartmoor,0.4,0.2,bucket_wise,L1_Location=Dartmoor,False
L1_Location=Darwin,0.4,0.2,bucket_wise,L1_Location=Darwin,False
L1_Location=GoldCoast,0.4,0.2,bucket_wise,ROOT,True
L1_Location=Hobart,0.4,0.2,bucket_wise,ROOT,True
L1_Location=Katherine,0.4,0.2,bucket_wise,ROOT,True
L1_Location=Launceston,0.4,0.3,bucket_wise,L1_Location=Launceston,False
L1_Location=Melbourne,0.4,0.2,bucket_wise,ROOT,True
L1_Location=MelbourneAirport,0.4,0.2,bucket_wise,ROOT,True
L1_Location=Mildura,0.4,0.2,bucket_wise,ROOT,True
L1_Location=Moree,0.3,0.1,bucket_wise,L1_Location=Moree,False
L1_Location=MountGambier,0.4,0.3,bucket_wise,L1_Location=MountGambier,False
L1_Location=MountGinini,0.4,0.2,bucket_wise,ROOT,True
L1_Location=Newcastle,0.4,0.2,bucket_wise,ROOT,True
L1_Location=Nhil,0.4,0.3,bucket_wise,L1_Location=Nhil,False
L1_Location=NorahHead,0.4,0.2,bucket_wise,ROOT,True
L1_Location=NorfolkIsland,0.4,0.2,bucket_wise,ROOT,True
L1_Location=Nuriootpa,0.4,0.3,bucket_wise,L1_Location=Nuriootpa,False
L1_Location=PearceRAAF,0.4,0.2,bucket_wise,ROOT,True
L1_Location=Penrith,0.4,0.2,bucket_wise,ROOT,True
L1_Location=Perth,0.4,0.2,bucket_wise,L1_Location=Perth,False
L1_Location=PerthAirport,0.3,0.1,bucket_wise,L1_Location=PerthAirport,False
L1_Location=Portland,0.3,0.1,bucket_wise,L1_Location=Portland,False
L1_Location=Richmond,0.4,0.3,bucket_wise,L1_Location=Richmond,False
L1_Location=Sale,0.4,0.2,bucket_wise,ROOT,True
L1_Location=SalmonGums,0.4,0.2,bucket_wise,ROOT,True
L1_Location=Sydney,0.4,0.2,bucket_wise,ROOT,True
L1_Location=SydneyAirport,0.4,0.2,bucket_wise,ROOT,True
L1_Location=Townsville,0.4,0.2,bucket_wise,L1_Location=Townsville,False
L1_Location=Tuggeranong,0.4,0.3,bucket_wise,L1_Location=Tuggeranong,False
L1_Location=Uluru,0.4,0.2,bucket_wise,ROOT,True
L1_Location=WaggaWagga,0.4,0.2,bucket_wise,ROOT,True
L1_Location=Walpole,0.4,0.2,bucket_wise,ROOT,True
L1_Location=Watsonia,0.4,0.3,bucket_wise,L1_Location=Watsonia,False
L1_Location=Williamtown,0.4,0.2,bucket_wise,ROOT,True
L1_Location=Witchcliffe,0.3,0.1,bucket_wise,L1_Location=Witchcliffe,False
L1_Location=Wollongong,0.4,0.2,bucket_wise,ROOT,True
L1_Location=Woomera,0.4,0.2,bucket_wise,ROOT,True
L1_Location=Adelaide|L2_RainToday=rain_today_no,0.3,0.1,bucket_wise,L1_Location=Adelaide|L2_RainToday=rain_today_no,False
L1_Location=Adelaide|L2_RainToday=rain_today_yes,0.4,0.2,bucket_wise,ROOT,True
L1_Location=Albany|L2_RainToday=rain_today_no,0.4,0.3,bucket_wise,L1_Location=Albany,True
L1_Location=Albany|L2_RainToday=rain_today_yes,0.4,0.3,bucket_wise,L1_Location=Albany|L2_RainToday=rain_today_yes,False
L1_Location=Albury|L2_RainToday=rain_today_no,0.4,0.2,bucket_wise,L1_Location=Albury,True
L1_Location=Albury|L2_RainToday=rain_today_yes,0.4,0.2,bucket_wise,L1_Location=Albury,True
L1_Location=AliceSprings|L2_RainToday=rain_today_no,0.4,0.2,bucket_wise,L1_Location=AliceSprings,True
L1_Location=BadgerysCreek|L2_RainToday=rain_today_no,0.4,0.2,bucket_wise,L1_Location=BadgerysCreek|L2_RainToday=rain_today_no,False
L1_Location=BadgerysCreek|L2_RainToday=rain_today_yes,0.4,0.2,bucket_wise,ROOT,True
L1_Location=Ballarat|L2_RainToday=rain_today_no,0.4,0.2,bucket_wise,L1_Location=Ballarat|L2_RainToday=rain_today_no,False
L1_Location=Ballarat|L2_RainToday=rain_today_yes,0.6,0.3,bucket_wise,L1_Location=Ballarat|L2_RainToday=rain_today_yes,False
L1_Location=Bendigo|L2_RainToday=rain_today_no,0.4,0.2,bucket_wise,L1_Location=Bendigo,True
L1_Location=Bendigo|L2_RainToday=rain_today_yes,0.4,0.2,bucket_wise,L1_Location=Bendigo,True
L1_Location=Brisbane|L2_RainToday=rain_today_no,0.4,0.2,bucket_wise,L1_Location=Brisbane|L2_RainToday=rain_today_no,False
L1_Location=Brisbane|L2_RainToday=rain_today_yes,0.4,0.2,bucket_wise,L1_Location=Brisbane,True
L1_Location=Cairns|L2_RainToday=rain_today_no,0.4,0.3,bucket_wise,L1_Location=Cairns|L2_RainToday=rain_today_no,False
L1_Location=Cairns|L2_RainToday=rain_today_yes,0.3,0.0,bucket_wise,L1_Location=Cairns|L2_RainToday=rain_today_yes,False
L1_Location=Canberra|L2_RainToday=rain_today_no,0.5,0.3,bucket_wise,L1_Location=Canberra|L2_RainToday=rain_today_no,False
L1_Location=Canberra|L2_RainToday=rain_today_yes,0.4,0.3,bucket_wise,L1_Location=Canberra|L2_RainToday=rain_today_yes,False
L1_Location=Cobar|L2_RainToday=rain_today_no,0.4,0.2,bucket_wise,L1_Location=Cobar,True
L1_Location=Cobar|L2_RainToday=rain_today_yes,0.4,0.2,bucket_wise,L1_Location=Cobar,True
L1_Location=CoffsHarbour|L2_RainToday=rain_today_no,0.4,0.2,bucket_wise,ROOT,True
L1_Location=CoffsHarbour|L2_RainToday=rain_today_yes,0.4,0.2,bucket_wise,L1_Location=CoffsHarbour|L2_RainToday=rain_today_yes,False
L1_Location=Dartmoor|L2_RainToday=rain_today_no,0.4,0.2,bucket_wise,L1_Location=Dartmoor,True
L1_Location=Dartmoor|L2_RainToday=rain_today_yes,0.4,0.2,bucket_wise,L1_Location=Dartmoor|L2_RainToday=rain_today_yes,False
L1_Location=Darwin|L2_RainToday=rain_today_no,0.4,0.2,bucket_wise,L1_Location=Darwin|L2_RainToday=rain_today_no,False
L1_Location=Darwin|L2_RainToday=rain_today_yes,0.4,0.2,bucket_wise,L1_Location=Darwin,True
L1_Location=GoldCoast|L2_RainToday=rain_today_no,0.4,0.3,bucket_wise,L1_Location=GoldCoast|L2_RainToday=rain_today_no,False
L1_Location=GoldCoast|L2_RainToday=rain_today_yes,0.3,0.1,bucket_wise,L1_Location=GoldCoast|L2_RainToday=rain_today_yes,False
L1_Location=Hobart|L2_RainToday=rain_today_no,0.4,0.2,bucket_wise,ROOT,True
L1_Location=Hobart|L2_RainToday=rain_today_yes,0.5,0.2,bucket_wise,L1_Location=Hobart|L2_RainToday=rain_today_yes,False
L1_Location=Katherine|L2_RainToday=rain_today_no,0.4,0.2,bucket_wise,L1_Location=Katherine|L2_RainToday=rain_today_no,False
L1_Location=Launceston|L2_RainToday=rain_today_no,0.4,0.3,bucket_wise,L1_Location=Launceston,True
L1_Location=Launceston|L2_RainToday=rain_today_yes,0.4,0.3,bucket_wise,L1_Location=Launceston,True
L1_Location=Melbourne|L2_RainToday=rain_today_no,0.4,0.2,bucket_wise,L1_Location=Melbourne|L2_RainToday=rain_today_no,False
L1_Location=Melbourne|L2_RainToday=rain_today_yes,0.5,0.4,bucket_wise,L1_Location=Melbourne|L2_RainToday=rain_today_yes,False
L1_Location=MelbourneAirport|L2_RainToday=rain_today_no,0.4,0.2,bucket_wise,ROOT,True
L1_Location=MelbourneAirport|L2_RainToday=rain_today_yes,0.4,0.3,bucket_wise,L1_Location=MelbourneAirport|L2_RainToday=rain_today_yes,False
L1_Location=Mildura|L2_RainToday=rain_today_no,0.4,0.2,bucket_wise,L1_Location=Mildura|L2_RainToday=rain_today_no,False
L1_Location=Moree|L2_RainToday=rain_today_no,0.3,0.1,bucket_wise,L1_Location=Moree|L2_RainToday=rain_today_no,False
L1_Location=Moree|L2_RainToday=rain_today_yes,0.5,0.4,bucket_wise,L1_Location=Moree|L2_RainToday=rain_today_yes,False
L1_Location=MountGambier|L2_RainToday=rain_today_no,0.4,0.3,bucket_wise,L1_Location=MountGambier,True
L1_Location=MountGambier|L2_RainToday=rain_today_yes,0.4,0.3,bucket_wise,L1_Location=MountGambier,True
L1_Location=MountGinini|L2_RainToday=rain_today_no,0.4,0.3,bucket_wise,L1_Location=MountGinini|L2_RainToday=rain_today_no,False
L1_Location=MountGinini|L2_RainToday=rain_today_yes,0.4,0.3,bucket_wise,L1_Location=MountGinini|L2_RainToday=rain_today_yes,False
L1_Location=Newcastle|L2_RainToday=rain_today_no,0.4,0.2,bucket_wise,ROOT,True
L1_Location=Newcastle|L2_RainToday=rain_today_yes,0.3,0.1,bucket_wise,L1_Location=Newcastle|L2_RainToday=rain_today_yes,False
L1_Location=Nhil|L2_RainToday=rain_today_no,0.4,0.3,bucket_wise,L1_Location=Nhil,True
L1_Location=NorahHead|L2_RainToday=rain_today_no,0.4,0.2,bucket_wise,ROOT,True
L1_Location=NorahHead|L2_RainToday=rain_today_yes,0.4,0.2,bucket_wise,L1_Location=NorahHead|L2_RainToday=rain_today_yes,False
L1_Location=NorfolkIsland|L2_RainToday=rain_today_no,0.4,0.2,bucket_wise,L1_Location=NorfolkIsland|L2_RainToday=rain_today_no,False
L1_Location=NorfolkIsland|L2_RainToday=rain_today_yes,0.4,0.2,bucket_wise,L1_Location=NorfolkIsland|L2_RainToday=rain_today_yes,False
L1_Location=Nuriootpa|L2_RainToday=rain_today_no,0.4,0.3,bucket_wise,L1_Location=Nuriootpa,True
L1_Location=Nuriootpa|L2_RainToday=rain_today_yes,0.4,0.3,bucket_wise,L1_Location=Nuriootpa,True
L1_Location=PearceRAAF|L2_RainToday=rain_today_no,0.6,0.2,bucket_wise,L1_Location=PearceRAAF|L2_RainToday=rain_today_no,False
L1_Location=PearceRAAF|L2_RainToday=rain_today_yes,0.4,0.2,bucket_wise,L1_Location=PearceRAAF|L2_RainToday=rain_today_yes,False
L1_Location=Penrith|L2_RainToday=rain_today_no,0.4,0.2,bucket_wise,ROOT,True
L1_Location=Penrith|L2_RainToday=rain_today_yes,0.4,0.2,bucket_wise,ROOT,True
L1_Location=Perth|L2_RainToday=rain_today_no,0.5,0.2,bucket_wise,L1_Location=Perth|L2_RainToday=rain_today_no,False
L1_Location=Perth|L2_RainToday=rain_today_yes,0.4,0.2,bucket_wise,L1_Location=Perth,True
L1_Location=PerthAirport|L2_RainToday=rain_today_no,0.3,0.1,bucket_wise,L1_Location=PerthAirport,True
L1_Location=PerthAirport|L2_RainToday=rain_today_yes,0.4,0.3,bucket_wise,L1_Location=PerthAirport|L2_RainToday=rain_today_yes,False
L1_Location=Portland|L2_RainToday=rain_today_no,0.3,0.1,bucket_wise,L1_Location=Portland,True
L1_Location=Portland|L2_RainToday=rain_today_yes,0.3,0.1,bucket_wise,L1_Location=Portland|L2_RainToday=rain_today_yes,False
L1_Location=Richmond|L2_RainToday=rain_today_no,0.4,0.3,bucket_wise,L1_Location=Richmond,True
L1_Location=Richmond|L2_RainToday=rain_today_yes,0.4,0.3,bucket_wise,L1_Location=Richmond,True
L1_Location=Sale|L2_RainToday=rain_today_no,0.4,0.2,bucket_wise,ROOT,True
L1_Location=Sale|L2_RainToday=rain_today_yes,0.4,0.2,bucket_wise,L1_Location=Sale|L2_RainToday=rain_today_yes,False
L1_Location=SalmonGums|L2_RainToday=rain_today_no,0.4,0.2,bucket_wise,ROOT,True
L1_Location=SalmonGums|L2_RainToday=rain_today_yes,0.4,0.3,bucket_wise,L1_Location=SalmonGums|L2_RainToday=rain_today_yes,False
L1_Location=Sydney|L2_RainToday=rain_today_no,0.5,0.3,bucket_wise,L1_Location=Sydney|L2_RainToday=rain_today_no,False
L1_Location=Sydney|L2_RainToday=rain_today_yes,0.4,0.2,bucket_wise,L1_Location=Sydney|L2_RainToday=rain_today_yes,False
L1_Location=SydneyAirport|L2_RainToday=rain_today_no,0.5,0.2,bucket_wise,L1_Location=SydneyAirport|L2_RainToday=rain_today_no,False
L1_Location=SydneyAirport|L2_RainToday=rain_today_yes,0.4,0.2,bucket_wise,L1_Location=SydneyAirport|L2_RainToday=rain_today_yes,False
L1_Location=Townsville|L2_RainToday=rain_today_no,0.4,0.2,bucket_wise,L1_Location=Townsville|L2_RainToday=rain_today_no,False
L1_Location=Townsville|L2_RainToday=rain_today_yes,0.4,0.2,bucket_wise,L1_Location=Townsville,True
L1_Location=Tuggeranong|L2_RainToday=rain_today_no,0.4,0.3,bucket_wise,L1_Location=Tuggeranong,True
L1_Location=Tuggeranong|L2_RainToday=rain_today_yes,0.4,0.3,bucket_wise,L1_Location=Tuggeranong|L2_RainToday=rain_today_yes,False
L1_Location=WaggaWagga|L2_RainToday=rain_today_no,0.4,0.2,bucket_wise,L1_Location=WaggaWagga|L2_RainToday=rain_today_no,False
L1_Location=WaggaWagga|L2_RainToday=rain_today_yes,0.6,0.2,bucket_wise,L1_Location=WaggaWagga|L2_RainToday=rain_today_yes,False
L1_Location=Walpole|L2_RainToday=rain_today_no,0.4,0.2,bucket_wise,ROOT,True
L1_Location=Walpole|L2_RainToday=rain_today_yes,0.6,0.2,bucket_wise,L1_Location=Walpole|L2_RainToday=rain_today_yes,False
L1_Location=Watsonia|L2_RainToday=rain_today_no,0.5,0.3,bucket_wise,L1_Location=Watsonia|L2_RainToday=rain_today_no,False
L1_Location=Watsonia|L2_RainToday=rain_today_yes,0.4,0.3,bucket_wise,L1_Location=Watsonia,True
L1_Location=Williamtown|L2_RainToday=rain_today_no,0.4,0.2,bucket_wise,L1_Location=Williamtown|L2_RainToday=rain_today_no,False
L1_Location=Williamtown|L2_RainToday=rain_today_yes,0.4,0.2,bucket_wise,L1_Location=Williamtown|L2_RainToday=rain_today_yes,False
L1_Location=Witchcliffe|L2_RainToday=rain_today_no,0.3,0.1,bucket_wise,L1_Location=Witchcliffe|L2_RainToday=rain_today_no,False
L1_Location=Witchcliffe|L2_RainToday=rain_today_yes,0.3,0.1,bucket_wise,L1_Location=Witchcliffe|L2_RainToday=rain_today_yes,False
L1_Location=Wollongong|L2_RainToday=rain_today_no,0.4,0.2,bucket_wise,ROOT,True
L1_Location=Wollongong|L2_RainToday=rain_today_yes,0.4,0.2,bucket_wise,ROOT,True
L1_Location=Woomera|L2_RainToday=rain_today_no,0.4,0.2,bucket_wise,ROOT,True
L1_Location=Adelaide|L2_RainToday=rain_today_no|L3_Humidity3pm=hum_low,0.3,0.1,bucket_wise,L1_Location=Adelaide|L2_RainToday=rain_today_no,True
L1_Location=Adelaide|L2_RainToday=rain_today_no|L3_Humidity3pm=hum_mid,0.3,0.1,bucket_wise,L1_Location=Adelaide|L2_RainToday=rain_today_no,True
L1_Location=Adelaide|L2_RainToday=rain_today_yes|L3_Humidity3pm=hum_mid,0.4,0.2,bucket_wise,ROOT,True
L1_Location=Albany|L2_RainToday=rain_today_no|L3_Humidity3pm=hum_high,0.5,0.3,bucket_wise,L1_Location=Albany|L2_RainToday=rain_today_no|L3_Humidity3pm=hum_high,False
L1_Location=Albany|L2_RainToday=rain_today_no|L3_Humidity3pm=hum_mid,0.4,0.2,bucket_wise,L1_Location=Albany|L2_RainToday=rain_today_no|L3_Humidity3pm=hum_mid,False
L1_Location=Albany|L2_RainToday=rain_today_no|L3_Humidity3pm=unknown,0.4,0.3,bucket_wise,L1_Location=Albany,True
L1_Location=Albany|L2_RainToday=rain_today_yes|L3_Humidity3pm=hum_mid,0.4,0.3,bucket_wise,L1_Location=Albany|L2_RainToday=rain_today_yes,True
L1_Location=Albury|L2_RainToday=rain_today_no|L3_Humidity3pm=hum_low,0.4,0.2,bucket_wise,L1_Location=Albury,True
L1_Location=Albury|L2_RainToday=rain_today_no|L3_Humidity3pm=hum_mid,0.4,0.2,bucket_wise,L1_Location=Albury,True
L1_Location=AliceSprings|L2_RainToday=rain_today_no|L3_Humidity3pm=hum_low,0.4,0.2,bucket_wise,L1_Location=AliceSprings,True
L1_Location=BadgerysCreek|L2_RainToday=rain_today_no|L3_Humidity3pm=hum_low,0.4,0.2,bucket_wise,L1_Location=BadgerysCreek|L2_RainToday=rain_today_no,True
L1_Location=BadgerysCreek|L2_RainToday=rain_today_no|L3_Humidity3pm=hum_mid,0.4,0.2,bucket_wise,L1_Location=BadgerysCreek|L2_RainToday=rain_today_no,True
L1_Location=Ballarat|L2_RainToday=rain_today_no|L3_Humidity3pm=hum_high,0.5,0.2,bucket_wise,L1_Location=Ballarat|L2_RainToday=rain_today_no|L3_Humidity3pm=hum_high,False
L1_Location=Ballarat|L2_RainToday=rain_today_no|L3_Humidity3pm=hum_low,0.4,0.2,bucket_wise,L1_Location=Ballarat|L2_RainToday=rain_today_no,True
L1_Location=Ballarat|L2_RainToday=rain_today_no|L3_Humidity3pm=hum_mid,0.4,0.2,bucket_wise,L1_Location=Ballarat|L2_RainToday=rain_today_no,True
L1_Location=Bendigo|L2_RainToday=rain_today_no|L3_Humidity3pm=hum_low,0.4,0.2,bucket_wise,L1_Location=Bendigo,True
L1_Location=Bendigo|L2_RainToday=rain_today_no|L3_Humidity3pm=hum_mid,0.4,0.2,bucket_wise,L1_Location=Bendigo,True
L1_Location=Brisbane|L2_RainToday=rain_today_no|L3_Humidity3pm=hum_mid,0.4,0.2,bucket_wise,L1_Location=Brisbane|L2_RainToday=rain_today_no,True
L1_Location=Brisbane|L2_RainToday=rain_today_yes|L3_Humidity3pm=hum_mid,0.4,0.2,bucket_wise,L1_Location=Brisbane,True
L1_Location=Cairns|L2_RainToday=rain_today_no|L3_Humidity3pm=hum_mid,0.4,0.3,bucket_wise,L1_Location=Cairns|L2_RainToday=rain_today_no,True
L1_Location=Cairns|L2_RainToday=rain_today_yes|L3_Humidity3pm=hum_mid,0.3,0.0,bucket_wise,L1_Location=Cairns|L2_RainToday=rain_today_yes,True
L1_Location=Canberra|L2_RainToday=rain_today_no|L3_Humidity3pm=hum_low,0.5,0.3,bucket_wise,L1_Location=Canberra|L2_RainToday=rain_today_no,True
L1_Location=Canberra|L2_RainToday=rain_today_no|L3_Humidity3pm=hum_mid,0.5,0.3,bucket_wise,L1_Location=Canberra|L2_RainToday=rain_today_no,True
L1_Location=Cobar|L2_RainToday=rain_today_no|L3_Humidity3pm=hum_low,0.4,0.2,bucket_wise,L1_Location=Cobar,True
L1_Location=Cobar|L2_RainToday=rain_today_no|L3_Humidity3pm=hum_mid,0.4,0.2,bucket_wise,L1_Location=Cobar,True
L1_Location=CoffsHarbour|L2_RainToday=rain_today_no|L3_Humidity3pm=hum_mid,0.4,0.2,bucket_wise,ROOT,True
L1_Location=CoffsHarbour|L2_RainToday=rain_today_yes|L3_Humidity3pm=hum_high,0.4,0.0,bucket_wise,L1_Location=CoffsHarbour|L2_RainToday=rain_today_yes|L3_Humidity3pm=hum_high,False
L1_Location=Dartmoor|L2_RainToday=rain_today_no|L3_Humidity3pm=hum_high,0.4,0.3,bucket_wise,L1_Location=Dartmoor|L2_RainToday=rain_today_no|L3_Humidity3pm=hum_high,False
L1_Location=Dartmoor|L2_RainToday=rain_today_no|L3_Humidity3pm=hum_low,0.4,0.2,bucket_wise,L1_Location=Dartmoor,True
L1_Location=Dartmoor|L2_RainToday=rain_today_no|L3_Humidity3pm=hum_mid,0.4,0.2,bucket_wise,L1_Location=Dartmoor,True
L1_Location=Dartmoor|L2_RainToday=rain_today_yes|L3_Humidity3pm=hum_high,0.4,0.2,bucket_wise,L1_Location=Dartmoor|L2_RainToday=rain_today_yes|L3_Humidity3pm=hum_high,False
L1_Location=Darwin|L2_RainToday=rain_today_no|L3_Humidity3pm=hum_low,0.4,0.2,bucket_wise,L1_Location=Darwin|L2_RainToday=rain_today_no,True
L1_Location=Darwin|L2_RainToday=rain_today_no|L3_Humidity3pm=hum_mid,0.4,0.2,bucket_wise,L1_Location=Darwin|L2_RainToday=rain_today_no,True
L1_Location=Darwin|L2_RainToday=rain_today_yes|L3_Humidity3pm=hum_mid,0.4,0.2,bucket_wise,L1_Location=Darwin,True
L1_Location=GoldCoast|L2_RainToday=rain_today_no|L3_Humidity3pm=hum_mid,0.4,0.3,bucket_wise,L1_Location=GoldCoast|L2_RainToday=rain_today_no,True
L1_Location=Hobart|L2_RainToday=rain_today_no|L3_Humidity3pm=hum_low,0.4,0.2,bucket_wise,ROOT,True
L1_Location=Hobart|L2_RainToday=rain_today_no|L3_Humidity3pm=hum_mid,0.5,0.2,bucket_wise,L1_Location=Hobart|L2_RainToday=rain_today_no|L3_Humidity3pm=hum_mid,False
L1_Location=Hobart|L2_RainToday=rain_today_yes|L3_Humidity3pm=hum_mid,0.5,0.2,bucket_wise,L1_Location=Hobart|L2_RainToday=rain_today_yes,True
L1_Location=Katherine|L2_RainToday=rain_today_no|L3_Humidity3pm=unknown,0.4,0.2,bucket_wise,L1_Location=Katherine|L2_RainToday=rain_today_no,True
L1_Location=Launceston|L2_RainToday=rain_today_no|L3_Humidity3pm=hum_high,0.4,0.3,bucket_wise,L1_Location=Launceston,True
L1_Location=Launceston|L2_RainToday=rain_today_no|L3_Humidity3pm=hum_low,0.4,0.3,bucket_wise,L1_Location=Launceston,True
L1_Location=Launceston|L2_RainToday=rain_today_no|L3_Humidity3pm=hum_mid,0.4,0.3,bucket_wise,L1_Location=Launceston,True
L1_Location=Melbourne|L2_RainToday=rain_today_no|L3_Humidity3pm=hum_low,0.4,0.2,bucket_wise,L1_Location=Melbourne|L2_RainToday=rain_today_no,True
L1_Location=Melbourne|L2_RainToday=rain_today_no|L3_Humidity3pm=hum_mid,0.4,0.2,bucket_wise,L1_Location=Melbourne|L2_RainToday=rain_today_no,True
L1_Location=MelbourneAirport|L2_RainToday=rain_today_no|L3_Humidity3pm=hum_low,0.4,0.2,bucket_wise,ROOT,True
L1_Location=MelbourneAirport|L2_RainToday=rain_today_no|L3_Humidity3pm=hum_mid,0.4,0.2,bucket_wise,ROOT,True
L1_Location=Mildura|L2_RainToday=rain_today_no|L3_Humidity3pm=hum_low,0.4,0.2,bucket_wise,L1_Location=Mildura|L2_RainToday=rain_today_no,True
L1_Location=Mildura|L2_RainToday=rain_today_no|L3_Humidity3pm=hum_mid,0.4,0.2,bucket_wise,L1_Location=Mildura|L2_RainToday=rain_today_no,True
L1_Location=Moree|L2_RainToday=rain_today_no|L3_Humidity3pm=hum_low,0.3,0.1,bucket_wise,L1_Location=Moree|L2_RainToday=rain_today_no,True
L1_Location=Moree|L2_RainToday=rain_today_no|L3_Humidity3pm=hum_mid,0.3,0.1,bucket_wise,L1_Location=Moree|L2_RainToday=rain_today_no,True
L1_Location=MountGambier|L2_RainToday=rain_today_no|L3_Humidity3pm=hum_low,0.4,0.3,bucket_wise,L1_Location=MountGambier,True
L1_Location=MountGambier|L2_RainToday=rain_today_no|L3_Humidity3pm=hum_mid,0.4,0.3,bucket_wise,L1_Location=MountGambier,True
L1_Location=MountGambier|L2_RainToday=rain_today_yes|L3_Humidity3pm=hum_mid,0.4,0.3,bucket_wise,L1_Location=MountGambier,True
L1_Location=MountGinini|L2_RainToday=rain_today_no|L3_Humidity3pm=hum_high,0.4,0.3,bucket_wise,L1_Location=MountGinini|L2_RainToday=rain_today_no|L3_Humidity3pm=hum_high,False
L1_Location=MountGinini|L2_RainToday=rain_today_no|L3_Humidity3pm=hum_mid,0.4,0.3,bucket_wise,L1_Location=MountGinini|L2_RainToday=rain_today_no,True
L1_Location=MountGinini|L2_RainToday=rain_today_yes|L3_Humidity3pm=hum_high,0.4,0.3,bucket_wise,L1_Location=MountGinini|L2_RainToday=rain_today_yes,True
L1_Location=Newcastle|L2_RainToday=rain_today_no|L3_Humidity3pm=hum_mid,0.4,0.2,bucket_wise,ROOT,True
L1_Location=Newcastle|L2_RainToday=rain_today_no|L3_Humidity3pm=unknown,0.4,0.2,bucket_wise,ROOT,True
L1_Location=Nhil|L2_RainToday=rain_today_no|L3_Humidity3pm=hum_low,0.4,0.3,bucket_wise,L1_Location=Nhil,True
L1_Location=Nhil|L2_RainToday=rain_today_no|L3_Humidity3pm=hum_mid,0.4,0.3,bucket_wise,L1_Location=Nhil|L2_RainToday=rain_today_no|L3_Humidity3pm=hum_mid,False
L1_Location=NorahHead|L2_RainToday=rain_today_no|L3_Humidity3pm=hum_high,0.4,0.2,bucket_wise,ROOT,True
L1_Location=NorahHead|L2_RainToday=rain_today_no|L3_Humidity3pm=hum_mid,0.4,0.2,bucket_wise,ROOT,True
L1_Location=NorahHead|L2_RainToday=rain_today_yes|L3_Humidity3pm=hum_high,0.4,0.0,bucket_wise,L1_Location=NorahHead|L2_RainToday=rain_today_yes|L3_Humidity3pm=hum_high,False
L1_Location=NorfolkIsland|L2_RainToday=rain_today_no|L3_Humidity3pm=hum_high,0.4,0.2,bucket_wise,L1_Location=NorfolkIsland|L2_RainToday=rain_today_no,True
L1_Location=NorfolkIsland|L2_RainToday=rain_today_no|L3_Humidity3pm=hum_mid,0.4,0.2,bucket_wise,L1_Location=NorfolkIsland|L2_RainToday=rain_today_no,True
L1_Location=NorfolkIsland|L2_RainToday=rain_today_yes|L3_Humidity3pm=hum_mid,0.4,0.2,bucket_wise,L1_Location=NorfolkIsland|L2_RainToday=rain_today_yes,True
L1_Location=Nuriootpa|L2_RainToday=rain_today_no|L3_Humidity3pm=hum_low,0.4,0.3,bucket_wise,L1_Location=Nuriootpa,True
L1_Location=Nuriootpa|L2_RainToday=rain_today_no|L3_Humidity3pm=hum_mid,0.4,0.3,bucket_wise,L1_Location=Nuriootpa,True
L1_Location=PearceRAAF|L2_RainToday=rain_today_no|L3_Humidity3pm=hum_low,0.6,0.2,bucket_wise,L1_Location=PearceRAAF|L2_RainToday=rain_today_no,True
L1_Location=PearceRAAF|L2_RainToday=rain_today_no|L3_Humidity3pm=hum_mid,0.6,0.2,bucket_wise,L1_Location=PearceRAAF|L2_RainToday=rain_today_no,True
L1_Location=Penrith|L2_RainToday=rain_today_no|L3_Humidity3pm=hum_low,0.4,0.2,bucket_wise,ROOT,True
L1_Location=Penrith|L2_RainToday=rain_today_no|L3_Humidity3pm=hum_mid,0.4,0.2,bucket_wise,ROOT,True
L1_Location=Perth|L2_RainToday=rain_today_no|L3_Humidity3pm=hum_low,0.5,0.2,bucket_wise,L1_Location=Perth|L2_RainToday=rain_today_no,True
L1_Location=Perth|L2_RainToday=rain_today_no|L3_Humidity3pm=hum_mid,0.5,0.2,bucket_wise,L1_Location=Perth|L2_RainToday=rain_today_no,True
L1_Location=Perth|L2_RainToday=rain_today_yes|L3_Humidity3pm=hum_mid,0.4,0.2,bucket_wise,L1_Location=Perth,True
L1_Location=PerthAirport|L2_RainToday=rain_today_no|L3_Humidity3pm=hum_low,0.3,0.1,bucket_wise,L1_Location=PerthAirport,True
L1_Location=PerthAirport|L2_RainToday=rain_today_no|L3_Humidity3pm=hum_mid,0.3,0.1,bucket_wise,L1_Location=PerthAirport,True
L1_Location=Portland|L2_RainToday=rain_today_no|L3_Humidity3pm=hum_high,0.5,0.3,bucket_wise,L1_Location=Portland|L2_RainToday=rain_today_no|L3_Humidity3pm=hum_high,False
L1_Location=Portland|L2_RainToday=rain_today_no|L3_Humidity3pm=hum_mid,0.3,0.1,bucket_wise,L1_Location=Portland,True
L1_Location=Portland|L2_RainToday=rain_today_yes|L3_Humidity3pm=hum_high,0.3,0.1,bucket_wise,L1_Location=Portland|L2_RainToday=rain_today_yes|L3_Humidity3pm=hum_high,False
L1_Location=Portland|L2_RainToday=rain_today_yes|L3_Humidity3pm=hum_mid,0.3,0.1,bucket_wise,L1_Location=Portland|L2_RainToday=rain_today_yes,True
L1_Location=Richmond|L2_RainToday=rain_today_no|L3_Humidity3pm=hum_low,0.4,0.3,bucket_wise,L1_Location=Richmond|L2_RainToday=rain_today_no|L3_Humidity3pm=hum_low,False
L1_Location=Richmond|L2_RainToday=rain_today_no|L3_Humidity3pm=hum_mid,0.4,0.3,bucket_wise,L1_Location=Richmond,True
L1_Location=Sale|L2_RainToday=rain_today_no|L3_Humidity3pm=hum_mid,0.4,0.1,bucket_wise,L1_Location=Sale|L2_RainToday=rain_today_no|L3_Humidity3pm=hum_mid,False
L1_Location=SalmonGums|L2_RainToday=rain_today_no|L3_Humidity3pm=hum_low,0.4,0.2,bucket_wise,ROOT,True
L1_Location=SalmonGums|L2_RainToday=rain_today_no|L3_Humidity3pm=hum_mid,0.4,0.2,bucket_wise,ROOT,True
L1_Location=Sydney|L2_RainToday=rain_today_no|L3_Humidity3pm=hum_low,0.5,0.3,bucket_wise,L1_Location=Sydney|L2_RainToday=rain_today_no,True
L1_Location=Sydney|L2_RainToday=rain_today_no|L3_Humidity3pm=hum_mid,0.5,0.3,bucket_wise,L1_Location=Sydney|L2_RainToday=rain_today_no,True
L1_Location=Sydney|L2_RainToday=rain_today_yes|L3_Humidity3pm=hum_mid,0.4,0.2,bucket_wise,L1_Location=Sydney|L2_RainToday=rain_today_yes,True
L1_Location=SydneyAirport|L2_RainToday=rain_today_no|L3_Humidity3pm=hum_low,0.5,0.2,bucket_wise,L1_Location=SydneyAirport|L2_RainToday=rain_today_no,True
L1_Location=SydneyAirport|L2_RainToday=rain_today_no|L3_Humidity3pm=hum_mid,0.5,0.2,bucket_wise,L1_Location=SydneyAirport|L2_RainToday=rain_today_no,True
L1_Location=Townsville|L2_RainToday=rain_today_no|L3_Humidity3pm=hum_mid,0.4,0.2,bucket_wise,L1_Location=Townsville|L2_RainToday=rain_today_no,True
L1_Location=Tuggeranong|L2_RainToday=rain_today_no|L3_Humidity3pm=hum_low,0.4,0.3,bucket_wise,L1_Location=Tuggeranong,True
L1_Location=Tuggeranong|L2_RainToday=rain_today_no|L3_Humidity3pm=hum_mid,0.4,0.3,bucket_wise,L1_Location=Tuggeranong,True
L1_Location=Uluru|L2_RainToday=rain_today_no|L3_Humidity3pm=hum_low,0.3,0.1,bucket_wise,L1_Location=Uluru|L2_RainToday=rain_today_no|L3_Humidity3pm=hum_low,False
L1_Location=WaggaWagga|L2_RainToday=rain_today_no|L3_Humidity3pm=hum_low,0.4,0.2,bucket_wise,L1_Location=WaggaWagga|L2_RainToday=rain_today_no,True
L1_Location=WaggaWagga|L2_RainToday=rain_today_no|L3_Humidity3pm=hum_mid,0.4,0.2,bucket_wise,L1_Location=WaggaWagga|L2_RainToday=rain_today_no,True
L1_Location=Walpole|L2_RainToday=rain_today_no|L3_Humidity3pm=hum_high,0.4,0.3,bucket_wise,L1_Location=Walpole|L2_RainToday=rain_today_no|L3_Humidity3pm=hum_high,False
L1_Location=Walpole|L2_RainToday=rain_today_no|L3_Humidity3pm=hum_mid,0.4,0.2,bucket_wise,ROOT,True
L1_Location=Walpole|L2_RainToday=rain_today_yes|L3_Humidity3pm=hum_high,0.6,0.3,bucket_wise,L1_Location=Walpole|L2_RainToday=rain_today_yes|L3_Humidity3pm=hum_high,False
L1_Location=Walpole|L2_RainToday=rain_today_yes|L3_Humidity3pm=hum_mid,0.6,0.2,bucket_wise,L1_Location=Walpole|L2_RainToday=rain_today_yes,True
L1_Location=Watsonia|L2_RainToday=rain_today_no|L3_Humidity3pm=hum_low,0.5,0.3,bucket_wise,L1_Location=Watsonia|L2_RainToday=rain_today_no,True
L1_Location=Watsonia|L2_RainToday=rain_today_no|L3_Humidity3pm=hum_mid,0.5,0.3,bucket_wise,L1_Location=Watsonia|L2_RainToday=rain_today_no,True
L1_Location=Watsonia|L2_RainToday=rain_today_yes|L3_Humidity3pm=hum_mid,0.4,0.3,bucket_wise,L1_Location=Watsonia,True
L1_Location=Williamtown|L2_RainToday=rain_today_no|L3_Humidity3pm=hum_low,0.4,0.3,bucket_wise,L1_Location=Williamtown|L2_RainToday=rain_today_no|L3_Humidity3pm=hum_low,False
L1_Location=Williamtown|L2_RainToday=rain_today_no|L3_Humidity3pm=hum_mid,0.4,0.2,bucket_wise,L1_Location=Williamtown|L2_RainToday=rain_today_no,True
L1_Location=Witchcliffe|L2_RainToday=rain_today_no|L3_Humidity3pm=hum_mid,0.3,0.1,bucket_wise,L1_Location=Witchcliffe|L2_RainToday=rain_today_no,True
L1_Location=Witchcliffe|L2_RainToday=rain_today_yes|L3_Humidity3pm=hum_mid,0.3,0.1,bucket_wise,L1_Location=Witchcliffe|L2_RainToday=rain_today_yes,True
L1_Location=Wollongong|L2_RainToday=rain_today_no|L3_Humidity3pm=hum_high,0.4,0.2,bucket_wise,ROOT,True
L1_Location=Wollongong|L2_RainToday=rain_today_no|L3_Humidity3pm=hum_mid,0.4,0.2,bucket_wise,ROOT,True
L1_Location=Woomera|L2_RainToday=rain_today_no|L3_Humidity3pm=hum_low,0.4,0.2,bucket_wise,ROOT,True
L1_Location=Woomera|L2_RainToday=rain_today_no|L3_Humidity3pm=hum_mid,0.4,0.2,bucket_wise,ROOT,True
L1_Location=Adelaide|L2_RainToday=others,0.4,0.2,bucket_wise,ROOT,True
L1_Location=Albany|L2_RainToday=others,0.4,0.3,bucket_wise,L1_Location=Albany,True
L1_Location=Albury|L2_RainToday=others,0.4,0.2,bucket_wise,L1_Location=Albury,True
L1_Location=AliceSprings|L2_RainToday=others,0.4,0.2,bucket_wise,L1_Location=AliceSprings,True
L1_Location=BadgerysCreek|L2_RainToday=others,0.4,0.2,bucket_wise,ROOT,True
L1_Location=Ballarat|L2_RainToday=others,0.4,0.2,bucket_wise,ROOT,True
L1_Location=Bendigo|L2_RainToday=others,0.4,0.2,bucket_wise,L1_Location=Bendigo,True
L1_Location=Brisbane|L2_RainToday=others,0.4,0.2,bucket_wise,L1_Location=Brisbane,True
L1_Location=Cairns|L2_RainToday=others,0.4,0.2,bucket_wise,L1_Location=Cairns,True
L1_Location=Canberra|L2_RainToday=others,0.4,0.2,bucket_wise,ROOT,True
L1_Location=Cobar|L2_RainToday=others,0.4,0.2,bucket_wise,L1_Location=Cobar,True
L1_Location=CoffsHarbour|L2_RainToday=others,0.4,0.2,bucket_wise,ROOT,True
L1_Location=Dartmoor|L2_RainToday=others,0.4,0.2,bucket_wise,L1_Location=Dartmoor,True
L1_Location=GoldCoast|L2_RainToday=others,0.4,0.2,bucket_wise,ROOT,True
L1_Location=Hobart|L2_RainToday=others,0.4,0.2,bucket_wise,ROOT,True
L1_Location=Katherine|L2_RainToday=others,0.4,0.2,bucket_wise,ROOT,True
L1_Location=Launceston|L2_RainToday=others,0.4,0.3,bucket_wise,L1_Location=Launceston,True
L1_Location=Melbourne|L2_RainToday=others,0.4,0.2,bucket_wise,ROOT,True
L1_Location=Mildura|L2_RainToday=others,0.4,0.2,bucket_wise,ROOT,True
L1_Location=Moree|L2_RainToday=others,0.3,0.1,bucket_wise,L1_Location=Moree,True
L1_Location=MountGambier|L2_RainToday=others,0.4,0.3,bucket_wise,L1_Location=MountGambier,True
L1_Location=MountGinini|L2_RainToday=others,0.4,0.2,bucket_wise,ROOT,True
L1_Location=Newcastle|L2_RainToday=others,0.4,0.2,bucket_wise,ROOT,True
L1_Location=Nhil|L2_RainToday=others,0.4,0.3,bucket_wise,L1_Location=Nhil,True
L1_Location=NorahHead|L2_RainToday=others,0.4,0.2,bucket_wise,ROOT,True
L1_Location=NorfolkIsland|L2_RainToday=others,0.4,0.2,bucket_wise,ROOT,True
L1_Location=Nuriootpa|L2_RainToday=others,0.4,0.3,bucket_wise,L1_Location=Nuriootpa,True
L1_Location=PearceRAAF|L2_RainToday=others,0.4,0.2,bucket_wise,ROOT,True
L1_Location=Penrith|L2_RainToday=others,0.4,0.2,bucket_wise,ROOT,True
L1_Location=Portland|L2_RainToday=others,0.3,0.1,bucket_wise,L1_Location=Portland,True
L1_Location=Richmond|L2_RainToday=others,0.4,0.3,bucket_wise,L1_Location=Richmond,True
L1_Location=Sale|L2_RainToday=others,0.4,0.2,bucket_wise,ROOT,True
L1_Location=SalmonGums|L2_RainToday=others,0.4,0.2,bucket_wise,ROOT,True
L1_Location=Sydney|L2_RainToday=others,0.4,0.2,bucket_wise,ROOT,True
L1_Location=SydneyAirport|L2_RainToday=others,0.4,0.2,bucket_wise,ROOT,True
L1_Location=Townsville|L2_RainToday=others,0.4,0.2,bucket_wise,L1_Location=Townsville,True
L1_Location=Tuggeranong|L2_RainToday=others,0.4,0.3,bucket_wise,L1_Location=Tuggeranong,True
L1_Location=Uluru|L2_RainToday=rain_today_no,0.4,0.2,bucket_wise,ROOT,True
L1_Location=Uluru|L2_RainToday=others,0.4,0.2,bucket_wise,ROOT,True
L1_Location=WaggaWagga|L2_RainToday=others,0.4,0.2,bucket_wise,ROOT,True
L1_Location=Walpole|L2_RainToday=others,0.4,0.2,bucket_wise,ROOT,True
L1_Location=Watsonia|L2_RainToday=others,0.4,0.3,bucket_wise,L1_Location=Watsonia,True
L1_Location=Williamtown|L2_RainToday=others,0.4,0.2,bucket_wise,ROOT,True
L1_Location=Witchcliffe|L2_RainToday=others,0.3,0.1,bucket_wise,L1_Location=Witchcliffe,True
L1_Location=Wollongong|L2_RainToday=others,0.4,0.2,bucket_wise,ROOT,True
L1_Location=Woomera|L2_RainToday=others,0.4,0.2,bucket_wise,ROOT,True
L1_Location=Adelaide|L2_RainToday=rain_today_no|L3_Humidity3pm=others,0.3,0.1,bucket_wise,L1_Location=Adelaide|L2_RainToday=rain_today_no,True
L1_Location=Adelaide|L2_RainToday=rain_today_yes|L3_Humidity3pm=others,0.4,0.2,bucket_wise,ROOT,True
L1_Location=Albany|L2_RainToday=rain_today_no|L3_Humidity3pm=others,0.4,0.3,bucket_wise,L1_Location=Albany,True
L1_Location=Albany|L2_RainToday=rain_today_yes|L3_Humidity3pm=others,0.4,0.3,bucket_wise,L1_Location=Albany|L2_RainToday=rain_today_yes,True
L1_Location=Albury|L2_RainToday=rain_today_no|L3_Humidity3pm=others,0.4,0.2,bucket_wise,L1_Location=Albury,True
L1_Location=AliceSprings|L2_RainToday=rain_today_no|L3_Humidity3pm=others,0.4,0.2,bucket_wise,L1_Location=AliceSprings,True
L1_Location=BadgerysCreek|L2_RainToday=rain_today_no|L3_Humidity3pm=others,0.4,0.2,bucket_wise,L1_Location=BadgerysCreek|L2_RainToday=rain_today_no,True
L1_Location=Ballarat|L2_RainToday=rain_today_no|L3_Humidity3pm=others,0.4,0.2,bucket_wise,L1_Location=Ballarat|L2_RainToday=rain_today_no,True
L1_Location=Ballarat|L2_RainToday=rain_today_yes|L3_Humidity3pm=hum_high,0.6,0.3,bucket_wise,L1_Location=Ballarat|L2_RainToday=rain_today_yes,True
L1_Location=Ballarat|L2_RainToday=rain_today_yes|L3_Humidity3pm=others,0.6,0.3,bucket_wise,L1_Location=Ballarat|L2_RainToday=rain_today_yes,True
L1_Location=Bendigo|L2_RainToday=rain_today_no|L3_Humidity3pm=others,0.4,0.2,bucket_wise,L1_Location=Bendigo,True
L1_Location=Brisbane|L2_RainToday=rain_today_no|L3_Humidity3pm=hum_low,0.4,0.2,bucket_wise,L1_Location=Brisbane|L2_RainToday=rain_today_no,True
L1_Location=Brisbane|L2_RainToday=rain_today_no|L3_Humidity3pm=others,0.4,0.2,bucket_wise,L1_Location=Brisbane|L2_RainToday=rain_today_no,True
L1_Location=Brisbane|L2_RainToday=rain_today_yes|L3_Humidity3pm=others,0.4,0.2,bucket_wise,L1_Location=Brisbane,True
L1_Location=Cairns|L2_RainToday=rain_today_no|L3_Humidity3pm=others,0.4,0.3,bucket_wise,L1_Location=Cairns|L2_RainToday=rain_today_no,True
L1_Location=Cairns|L2_RainToday=rain_today_yes|L3_Humidity3pm=hum_high,0.3,0.0,bucket_wise,L1_Location=Cairns|L2_RainToday=rain_today_yes,True
L1_Location=Cairns|L2_RainToday=rain_today_yes|L3_Humidity3pm=others,0.3,0.0,bucket_wise,L1_Location=Cairns|L2_RainToday=rain_today_yes,True
L1_Location=Canberra|L2_RainToday=rain_today_no|L3_Humidity3pm=others,0.5,0.3,bucket_wise,L1_Location=Canberra|L2_RainToday=rain_today_no,True
L1_Location=Cobar|L2_RainToday=rain_today_no|L3_Humidity3pm=others,0.4,0.2,bucket_wise,L1_Location=Cobar,True
L1_Location=CoffsHarbour|L2_RainToday=rain_today_no|L3_Humidity3pm=others,0.4,0.2,bucket_wise,ROOT,True
L1_Location=CoffsHarbour|L2_RainToday=rain_today_yes|L3_Humidity3pm=hum_mid,0.4,0.2,bucket_wise,L1_Location=CoffsHarbour|L2_RainToday=rain_today_yes,True
L1_Location=CoffsHarbour|L2_RainToday=rain_today_yes|L3_Humidity3pm=others,0.4,0.2,bucket_wise,L1_Location=CoffsHarbour|L2_RainToday=rain_today_yes,True
L1_Location=Dartmoor|L2_RainToday=rain_today_no|L3_Humidity3pm=others,0.4,0.2,bucket_wise,L1_Location=Dartmoor,True
L1_Location=Dartmoor|L2_RainToday=rain_today_yes|L3_Humidity3pm=others,0.4,0.2,bucket_wise,L1_Location=Dartmoor|L2_RainToday=rain_today_yes,True
L1_Location=Darwin|L2_RainToday=rain_today_no|L3_Humidity3pm=others,0.4,0.2,bucket_wise,L1_Location=Darwin|L2_RainToday=rain_today_no,True
L1_Location=Darwin|L2_RainToday=rain_today_yes|L3_Humidity3pm=others,0.4,0.2,bucket_wise,L1_Location=Darwin,True
L1_Location=GoldCoast|L2_RainToday=rain_today_no|L3_Humidity3pm=others,0.4,0.3,bucket_wise,L1_Location=GoldCoast|L2_RainToday=rain_today_no,True
L1_Location=GoldCoast|L2_RainToday=rain_today_yes|L3_Humidity3pm=hum_high,0.3,0.1,bucket_wise,L1_Location=GoldCoast|L2_RainToday=rain_today_yes,True
L1_Location=GoldCoast|L2_RainToday=rain_today_yes|L3_Humidity3pm=others,0.3,0.1,bucket_wise,L1_Location=GoldCoast|L2_RainToday=rain_today_yes,True
L1_Location=Hobart|L2_RainToday=rain_today_no|L3_Humidity3pm=others,0.4,0.2,bucket_wise,ROOT,True
L1_Location=Hobart|L2_RainToday=rain_today_yes|L3_Humidity3pm=others,0.5,0.2,bucket_wise,L1_Location=Hobart|L2_RainToday=rain_today_yes,True
L1_Location=Katherine|L2_RainToday=rain_today_no|L3_Humidity3pm=hum_low,0.4,0.2,bucket_wise,L1_Location=Katherine|L2_RainToday=rain_today_no,True
L1_Location=Katherine|L2_RainToday=rain_today_no|L3_Humidity3pm=others,0.4,0.2,bucket_wise,L1_Location=Katherine|L2_RainToday=rain_today_no,True
L1_Location=Launceston|L2_RainToday=rain_today_no|L3_Humidity3pm=others,0.4,0.3,bucket_wise,L1_Location=Launceston,True
L1_Location=Melbourne|L2_RainToday=rain_today_no|L3_Humidity3pm=others,0.4,0.2,bucket_wise,L1_Location=Melbourne|L2_RainToday=rain_today_no,True
L1_Location=Melbourne|L2_RainToday=rain_today_yes|L3_Humidity3pm=hum_mid,0.5,0.4,bucket_wise,L1_Location=Melbourne|L2_RainToday=rain_today_yes,True
L1_Location=Melbourne|L2_RainToday=rain_today_yes|L3_Humidity3pm=others,0.5,0.4,bucket_wise,L1_Location=Melbourne|L2_RainToday=rain_today_yes,True
L1_Location=MelbourneAirport|L2_RainToday=rain_today_no|L3_Humidity3pm=others,0.4,0.2,bucket_wise,ROOT,True
L1_Location=MelbourneAirport|L2_RainToday=rain_today_yes|L3_Humidity3pm=hum_mid,0.4,0.3,bucket_wise,L1_Location=MelbourneAirport|L2_RainToday=rain_today_yes,True
L1_Location=MelbourneAirport|L2_RainToday=rain_today_yes|L3_Humidity3pm=others,0.4,0.3,bucket_wise,L1_Location=MelbourneAirport|L2_RainToday=rain_today_yes,True
L1_Location=Mildura|L2_RainToday=rain_today_no|L3_Humidity3pm=others,0.4,0.2,bucket_wise,L1_Location=Mildura|L2_RainToday=rain_today_no,True
L1_Location=Moree|L2_RainToday=rain_today_no|L3_Humidity3pm=others,0.3,0.1,bucket_wise,L1_Location=Moree|L2_RainToday=rain_today_no,True
L1_Location=MountGambier|L2_RainToday=rain_today_no|L3_Humidity3pm=others,0.4,0.3,bucket_wise,L1_Location=MountGambier,True
L1_Location=MountGambier|L2_RainToday=rain_today_yes|L3_Humidity3pm=hum_high,0.4,0.3,bucket_wise,L1_Location=MountGambier,True
L1_Location=MountGambier|L2_RainToday=rain_today_yes|L3_Humidity3pm=others,0.4,0.3,bucket_wise,L1_Location=MountGambier,True
L1_Location=MountGinini|L2_RainToday=rain_today_no|L3_Humidity3pm=others,0.4,0.3,bucket_wise,L1_Location=MountGinini|L2_RainToday=rain_today_no,True
L1_Location=MountGinini|L2_RainToday=rain_today_yes|L3_Humidity3pm=others,0.4,0.3,bucket_wise,L1_Location=MountGinini|L2_RainToday=rain_today_yes,True
L1_Location=Newcastle|L2_RainToday=rain_today_no|L3_Humidity3pm=others,0.4,0.2,bucket_wise,ROOT,True
L1_Location=Nhil|L2_RainToday=rain_today_no|L3_Humidity3pm=others,0.4,0.3,bucket_wise,L1_Location=Nhil,True
L1_Location=NorahHead|L2_RainToday=rain_today_no|L3_Humidity3pm=others,0.4,0.2,bucket_wise,ROOT,True
L1_Location=NorahHead|L2_RainToday=rain_today_yes|L3_Humidity3pm=others,0.4,0.2,bucket_wise,L1_Location=NorahHead|L2_RainToday=rain_today_yes,True
L1_Location=NorfolkIsland|L2_RainToday=rain_today_no|L3_Humidity3pm=others,0.4,0.2,bucket_wise,L1_Location=NorfolkIsland|L2_RainToday=rain_today_no,True
L1_Location=NorfolkIsland|L2_RainToday=rain_today_yes|L3_Humidity3pm=hum_high,0.4,0.2,bucket_wise,L1_Location=NorfolkIsland|L2_RainToday=rain_today_yes,True
L1_Location=Nuriootpa|L2_RainToday=rain_today_no|L3_Humidity3pm=others,0.4,0.3,bucket_wise,L1_Location=Nuriootpa,True
L1_Location=PearceRAAF|L2_RainToday=rain_today_no|L3_Humidity3pm=others,0.6,0.2,bucket_wise,L1_Location=PearceRAAF|L2_RainToday=rain_today_no,True
L1_Location=Penrith|L2_RainToday=rain_today_no|L3_Humidity3pm=others,0.4,0.2,bucket_wise,ROOT,True
L1_Location=Perth|L2_RainToday=rain_today_no|L3_Humidity3pm=others,0.5,0.2,bucket_wise,L1_Location=Perth|L2_RainToday=rain_today_no,True
L1_Location=Perth|L2_RainToday=rain_today_yes|L3_Humidity3pm=others,0.4,0.2,bucket_wise,L1_Location=Perth,True
L1_Location=PerthAirport|L2_RainToday=rain_today_no|L3_Humidity3pm=others,0.3,0.1,bucket_wise,L1_Location=PerthAirport,True
L1_Location=PerthAirport|L2_RainToday=rain_today_yes|L3_Humidity3pm=hum_mid,0.4,0.3,bucket_wise,L1_Location=PerthAirport|L2_RainToday=rain_today_yes,True
L1_Location=PerthAirport|L2_RainToday=rain_today_yes|L3_Humidity3pm=others,0.4,0.3,bucket_wise,L1_Location=PerthAirport|L2_RainToday=rain_today_yes,True
L1_Location=Portland|L2_RainToday=rain_today_no|L3_Humidity3pm=others,0.3,0.1,bucket_wise,L1_Location=Portland,True
L1_Location=Portland|L2_RainToday=rain_today_yes|L3_Humidity3pm=others,0.3,0.1,bucket_wise,L1_Location=Portland|L2_RainToday=rain_today_yes,True
L1_Location=Richmond|L2_RainToday=rain_today_no|L3_Humidity3pm=others,0.4,0.3,bucket_wise,L1_Location=Richmond,True
L1_Location=Sale|L2_RainToday=rain_today_no|L3_Humidity3pm=hum_low,0.4,0.2,bucket_wise,ROOT,True
L1_Location=Sale|L2_RainToday=rain_today_no|L3_Humidity3pm=others,0.4,0.2,bucket_wise,ROOT,True
L1_Location=Sale|L2_RainToday=rain_today_yes|L3_Humidity3pm=hum_mid,0.4,0.2,bucket_wise,L1_Location=Sale|L2_RainToday=rain_today_yes,True
L1_Location=Sale|L2_RainToday=rain_today_yes|L3_Humidity3pm=others,0.4,0.2,bucket_wise,L1_Location=Sale|L2_RainToday=rain_today_yes,True
L1_Location=SalmonGums|L2_RainToday=rain_today_no|L3_Humidity3pm=others,0.4,0.2,bucket_wise,ROOT,True
L1_Location=Sydney|L2_RainToday=rain_today_no|L3_Humidity3pm=others,0.5,0.3,bucket_wise,L1_Location=Sydney|L2_RainToday=rain_today_no,True
L1_Location=Sydney|L2_RainToday=rain_today_yes|L3_Humidity3pm=others,0.4,0.2,bucket_wise,L1_Location=Sydney|L2_RainToday=rain_today_yes,True
L1_Location=SydneyAirport|L2_RainToday=rain_today_no|L3_Humidity3pm=others,0.5,0.2,bucket_wise,L1_Location=SydneyAirport|L2_RainToday=rain_today_no,True
L1_Location=SydneyAirport|L2_RainToday=rain_today_yes|L3_Humidity3pm=hum_mid,0.4,0.2,bucket_wise,L1_Location=SydneyAirport|L2_RainToday=rain_today_yes,True
L1_Location=SydneyAirport|L2_RainToday=rain_today_yes|L3_Humidity3pm=others,0.4,0.2,bucket_wise,L1_Location=SydneyAirport|L2_RainToday=rain_today_yes,True
L1_Location=Townsville|L2_RainToday=rain_today_no|L3_Humidity3pm=others,0.4,0.2,bucket_wise,L1_Location=Townsville|L2_RainToday=rain_today_no,True
L1_Location=Tuggeranong|L2_RainToday=rain_today_no|L3_Humidity3pm=others,0.4,0.3,bucket_wise,L1_Location=Tuggeranong,True
L1_Location=Uluru|L2_RainToday=rain_today_no|L3_Humidity3pm=others,0.4,0.2,bucket_wise,ROOT,True
L1_Location=WaggaWagga|L2_RainToday=rain_today_no|L3_Humidity3pm=others,0.4,0.2,bucket_wise,L1_Location=WaggaWagga|L2_RainToday=rain_today_no,True
L1_Location=Walpole|L2_RainToday=rain_today_no|L3_Humidity3pm=others,0.4,0.2,bucket_wise,ROOT,True
L1_Location=Walpole|L2_RainToday=rain_today_yes|L3_Humidity3pm=others,0.6,0.2,bucket_wise,L1_Location=Walpole|L2_RainToday=rain_today_yes,True
L1_Location=Watsonia|L2_RainToday=rain_today_no|L3_Humidity3pm=others,0.5,0.3,bucket_wise,L1_Location=Watsonia|L2_RainToday=rain_today_no,True
L1_Location=Watsonia|L2_RainToday=rain_today_yes|L3_Humidity3pm=others,0.4,0.3,bucket_wise,L1_Location=Watsonia,True
L1_Location=Williamtown|L2_RainToday=rain_today_no|L3_Humidity3pm=others,0.4,0.2,bucket_wise,L1_Location=Williamtown|L2_RainToday=rain_today_no,True
L1_Location=Witchcliffe|L2_RainToday=rain_today_no|L3_Humidity3pm=others,0.3,0.1,bucket_wise,L1_Location=Witchcliffe|L2_RainToday=rain_today_no,True
L1_Location=Witchcliffe|L2_RainToday=rain_today_yes|L3_Humidity3pm=others,0.3,0.1,bucket_wise,L1_Location=Witchcliffe|L2_RainToday=rain_today_yes,True
L1_Location=Wollongong|L2_RainToday=rain_today_no|L3_Humidity3pm=others,0.4,0.2,bucket_wise,ROOT,True
L1_Location=Wollongong|L2_RainToday=rain_today_yes|L3_Humidity3pm=hum_high,0.4,0.2,bucket_wise,ROOT,True
L1_Location=Wollongong|L2_RainToday=rain_today_yes|L3_Humidity3pm=others,0.4,0.2,bucket_wise,ROOT,True
L1_Location=Woomera|L2_RainToday=rain_today_no|L3_Humidity3pm=others,0.4,0.2,bucket_wise,ROOT,True
