bucket_id,parent_id,level,split_name,split_type,split_rule,n_samples_total,n_train,n_val,n_test,is_leaf,is_weak,effective_bucket_id
ROOT,ROOT,0,ROOT,ROOT,all,101766,14245,6104,,False,False,ROOT
L1_number_inpatient=few_prev_inpt,ROOT,1,L1_number_inpatient,numeric_bin,few_prev_inpt,10977,1510,914,,False,False,L1_number_inpatient=few_prev_inpt
L1_number_inpatient=many_prev_inpt,ROOT,1,L1_number_inpatient,numeric_bin,many_prev_inpt,3638,513,409,,False,False,L1_number_inpatient=many_prev_inpt
L1_number_inpatient=no_prev_inpt,ROOT,1,L1_number_inpatient,numeric_bin,no_prev_inpt,87151,12221,5207,,False,False,L1_number_inpatient=no_prev_inpt
L1_number_inpatient=few_prev_inpt|L2_number_emergency=multi_prev_er,L1_number_inpatient=few_prev_inpt,2,L2_number_emergency,numeric_bin,multi_prev_er,472,164,143,,False,False,L1_number_inpatient=few_prev_inpt|L2_number_emergency=multi_prev_er
L1_number_inpatient=few_prev_inpt|L2_number_emergency=no_prev_er,L1_number_inpatient=few_prev_inpt,2,L2_number_emergency,numeric_bin,no_prev_er,10033,1577,699,,False,False,L1_number_inpatient=few_prev_inpt|L2_number_emergency=no_prev_er
L1_number_inpatient=few_prev_inpt|L2_number_emergency=one_prev_er,L1_number_inpatient=few_prev_inpt,2,L2_number_emergency,numeric_bin,one_prev_er,472,327,145,,False,False,L1_number_inpatient=few_prev_inpt|L2_number_emergency=one_prev_er
L1_number_inpatient=many_prev_inpt|L2_number_emergency=multi_prev_er,L1_number_inpatient=many_prev_inpt,2,L2_number_emergency,numeric_bin,multi_prev_er,534,184,143,,False,False,L1_number_inpatient=many_prev_inpt|L2_number_emergency=multi_prev_er
L1_number_inpatient=many_prev_inpt|L2_number_emergency=no_prev_er,L1_number_inpatient=many_prev_inpt,2,L2_number_emergency,numeric_bin,no_prev_er,2791,567,243,,False,False,L1_number_inpatient=many_prev_inpt|L2_number_emergency=no_prev_er
L1_number_inpatient=many_prev_inpt|L2_number_emergency=one_prev_er,L1_number_inpatient=many_prev_inpt,2,L2_number_emergency,numeric_bin,one_prev_er,313,212,101,,True,False,L1_number_inpatient=many_prev_inpt|L2_number_emergency=one_prev_er
L1_number_inpatient=no_prev_inpt|L2_number_emergency=multi_prev_er,L1_number_inpatient=no_prev_inpt,2,L2_number_emergency,numeric_bin,multi_prev_er,658,201,202,,False,False,L1_number_inpatient=no_prev_inpt|L2_number_emergency=multi_prev_er
L1_number_inpatient=no_prev_inpt|L2_number_emergency=no_prev_er,L1_number_inpatient=no_prev_inpt,2,L2_number_emergency,numeric_bin,no_prev_er,85236,11952,5207,,False,False,L1_number_inpatient=no_prev_inpt|L2_number_emergency=no_prev_er
L1_number_inpatient=no_prev_inpt|L2_number_emergency=one_prev_er,L1_number_inpatient=no_prev_inpt,2,L2_number_emergency,numeric_bin,one_prev_er,1257,226,206,,False,False,L1_number_inpatient=no_prev_inpt|L2_number_emergency=one_prev_er
L1_number_inpatient=few_prev_inpt|L2_number_emergency=multi_prev_er|L3_discharge_disposition_id=Home,L1_number_inpatient=few_prev_inpt|L2_number_emergency=multi_prev_er,3,L3_discharge_disposition_id,category_group,Home,294,206,88,,True,False,L1_number_inpatient=few_prev_inpt|L2_number_emergency=multi_prev_er|L3_discharge_disposition_id=Home
L1_number_inpatient=few_prev_inpt|L2_number_emergency=multi_prev_er|L3_discharge_disposition_id=others,L1_number_inpatient=few_prev_inpt|L2_number_emergency=multi_prev_er,3,L3_discharge_disposition_id,category_group,others,178,123,55,,True,False,L1_number_inpatient=few_prev_inpt|L2_number_emergency=multi_prev_er|L3_discharge_disposition_id=others
L1_number_inpatient=few_prev_inpt|L2_number_emergency=no_prev_er|L3_discharge_disposition_id=Expired,L1_number_inpatient=few_prev_inpt|L2_number_emergency=no_prev_er,3,L3_discharge_disposition_id,category_group,Expired,252,181,71,,True,False,L1_number_inpatient=few_prev_inpt|L2_number_emergency=no_prev_er|L3_discharge_disposition_id=Expired
L1_number_inpatient=few_prev_inpt|L2_number_emergency=no_prev_er|L3_discharge_disposition_id=Home,L1_number_inpatient=few_prev_inpt|L2_number_emergency=no_prev_er,3,L3_discharge_disposition_id,category_group,Home,4965,3416,1549,,True,False,L1_number_inpatient=few_prev_inpt|L2_number_emergency=no_prev_er|L3_discharge_disposition_id=Home
L1_number_inpatient=few_prev_inpt|L2_number_emergency=no_prev_er|L3_discharge_disposition_id=OtherDisp,L1_number_inpatient=few_prev_inpt|L2_number_emergency=no_prev_er,3,L3_discharge_disposition_id,category_group,OtherDisp,909,631,278,,True,False,L1_number_inpatient=few_prev_inpt|L2_number_emergency=no_prev_er|L3_discharge_disposition_id=OtherDisp
L1_number_inpatient=few_prev_inpt|L2_number_emergency=no_prev_er|L3_discharge_disposition_id=Transfer,L1_number_inpatient=few_prev_inpt|L2_number_emergency=no_prev_er,3,L3_discharge_disposition_id,category_group,Transfer,3819,2610,1209,,True,False,L1_number_inpatient=few_prev_inpt|L2_number_emergency=no_prev_er|L3_discharge_disposition_id=Transfer
L1_number_inpatient=few_prev_inpt|L2_number_emergency=no_prev_er|L3_discharge_disposition_id=others,L1_number_inpatient=few_prev_inpt|L2_number_emergency=no_prev_er,3,L3_discharge_disposition_id,category_group,others,88,65,23,,True,False,L1_number_inpatient=few_prev_inpt|L2_number_emergency=no_prev_er|L3_discharge_disposition_id=others
L1_number_inpatient=few_prev_inpt|L2_number_emergency=one_prev_er|L3_discharge_disposition_id=Home,L1_number_inpatient=few_prev_inpt|L2_number_emergency=one_prev_er,3,L3_discharge_disposition_id,category_group,Home,211,144,67,,True,False,L1_number_inpatient=few_prev_inpt|L2_number_emergency=one_prev_er|L3_discharge_disposition_id=Home
L1_number_inpatient=few_prev_inpt|L2_number_emergency=one_prev_er|L3_discharge_disposition_id=Transfer,L1_number_inpatient=few_prev_inpt|L2_number_emergency=one_prev_er,3,L3_discharge_disposition_id,category_group,Transfer,215,146,69,,True,False,L1_number_inpatient=few_prev_inpt|L2_number_emergency=one_prev_er|L3_discharge_disposition_id=Transfer
L1_number_inpatient=few_prev_inpt|L2_number_emergency=one_prev_er|L3_discharge_disposition_id=others,L1_number_inpatient=few_prev_inpt|L2_number_emergency=one_prev_er,3,L3_discharge_disposition_id,category_group,others,46,37,9,,True,False,L1_number_inpatient=few_prev_inpt|L2_number_emergency=one_prev_er|L3_discharge_disposition_id=others
L1_number_inpatient=many_prev_inpt|L2_number_emergency=multi_prev_er|L3_discharge_disposition_id=Home,L1_number_inpatient=many_prev_inpt|L2_number_emergency=multi_prev_er,3,L3_discharge_disposition_id,category_group,Home,365,258,107,,True,False,L1_number_inpatient=many_prev_inpt|L2_number_emergency=multi_prev_er|L3_discharge_disposition_id=Home
L1_number_inpatient=many_prev_inpt|L2_number_emergency=multi_prev_er|L3_discharge_disposition_id=others,L1_number_inpatient=many_prev_inpt|L2_number_emergency=multi_prev_er,3,L3_discharge_disposition_id,category_group,others,169,133,36,,True,False,L1_number_inpatient=many_prev_inpt|L2_number_emergency=multi_prev_er|L3_discharge_disposition_id=others
L1_number_inpatient=many_prev_inpt|L2_number_emergency=no_prev_er|L3_discharge_disposition_id=Home,L1_number_inpatient=many_prev_inpt|L2_number_emergency=no_prev_er,3,L3_discharge_disposition_id,category_group,Home,1410,1004,406,,True,False,L1_number_inpatient=many_prev_inpt|L2_number_emergency=no_prev_er|L3_discharge_disposition_id=Home
L1_number_inpatient=many_prev_inpt|L2_number_emergency=no_prev_er|L3_discharge_disposition_id=OtherDisp,L1_number_inpatient=many_prev_inpt|L2_number_emergency=no_prev_er,3,L3_discharge_disposition_id,category_group,OtherDisp,232,160,72,,True,False,L1_number_inpatient=many_prev_inpt|L2_number_emergency=no_prev_er|L3_discharge_disposition_id=OtherDisp
L1_number_inpatient=many_prev_inpt|L2_number_emergency=no_prev_er|L3_discharge_disposition_id=Transfer,L1_number_inpatient=many_prev_inpt|L2_number_emergency=no_prev_er,3,L3_discharge_disposition_id,category_group,Transfer,1064,743,321,,True,False,L1_number_inpatient=many_prev_inpt|L2_number_emergency=no_prev_er|L3_discharge_disposition_id=Transfer
L1_number_inpatient=many_prev_inpt|L2_number_emergency=no_prev_er|L3_discharge_disposition_id=others,L1_number_inpatient=many_prev_inpt|L2_number_emergency=no_prev_er,3,L3_discharge_disposition_id,category_group,others,85,59,26,,True,False,L1_number_inpatient=many_prev_inpt|L2_number_emergency=no_prev_er|L3_discharge_disposition_id=others
L1_number_inpatient=no_prev_inpt|L2_number_emergency=multi_prev_er|L3_discharge_disposition_id=Home,L1_number_inpatient=no_prev_inpt|L2_number_emergency=multi_prev_er,3,L3_discharge_disposition_id,category_group,Home,450,318,132,,True,False,L1_number_inpatient=no_prev_inpt|L2_number_emergency=multi_prev_er|L3_discharge_disposition_id=Home
L1_number_inpatient=no_prev_inpt|L2_number_emergency=multi_prev_er|L3_discharge_disposition_id=others,L1_number_inpatient=no_prev_inpt|L2_number_emergency=multi_prev_er,3,L3_discharge_disposition_id,category_group,others,208,138,70,,True,False,L1_number_inpatient=no_prev_inpt|L2_number_emergency=multi_prev_er|L3_discharge_disposition_id=others
L1_number_inpatient=no_prev_inpt|L2_number_emergency=no_prev_er|L3_discharge_disposition_id=Expired,L1_number_inpatient=no_prev_inpt|L2_number_emergency=no_prev_er,3,L3_discharge_disposition_id,category_group,Expired,1282,883,399,,True,False,L1_number_inpatient=no_prev_inpt|L2_number_emergency=no_prev_er|L3_discharge_disposition_id=Expired
L1_number_inpatient=no_prev_inpt|L2_number_emergency=no_prev_er|L3_discharge_disposition_id=Home,L1_number_inpatient=no_prev_inpt|L2_number_emergency=no_prev_er,3,L3_discharge_disposition_id,category_group,Home,51675,36282,15393,,True,False,L1_number_inpatient=no_prev_inpt|L2_number_emergency=no_prev_er|L3_discharge_disposition_id=Home
L1_number_inpatient=no_prev_inpt|L2_number_emergency=no_prev_er|L3_discharge_disposition_id=OtherDisp,L1_number_inpatient=no_prev_inpt|L2_number_emergency=no_prev_er,3,L3_discharge_disposition_id,category_group,OtherDisp,6863,4811,2052,,True,False,L1_number_inpatient=no_prev_inpt|L2_number_emergency=no_prev_er|L3_discharge_disposition_id=OtherDisp
L1_number_inpatient=no_prev_inpt|L2_number_emergency=no_prev_er|L3_discharge_disposition_id=SNF_Rehab,L1_number_inpatient=no_prev_inpt|L2_number_emergency=no_prev_er,3,L3_discharge_disposition_id,category_group,SNF_Rehab,548,402,146,,True,False,L1_number_inpatient=no_prev_inpt|L2_number_emergency=no_prev_er|L3_discharge_disposition_id=SNF_Rehab
L1_number_inpatient=no_prev_inpt|L2_number_emergency=no_prev_er|L3_discharge_disposition_id=Transfer,L1_number_inpatient=no_prev_inpt|L2_number_emergency=no_prev_er,3,L3_discharge_disposition_id,category_group,Transfer,24868,17394,7474,,True,False,L1_number_inpatient=no_prev_inpt|L2_number_emergency=no_prev_er|L3_discharge_disposition_id=Transfer
L1_number_inpatient=no_prev_inpt|L2_number_emergency=one_prev_er|L3_discharge_disposition_id=Home,L1_number_inpatient=no_prev_inpt|L2_number_emergency=one_prev_er,3,L3_discharge_disposition_id,category_group,Home,707,494,213,,True,False,L1_number_inpatient=no_prev_inpt|L2_number_emergency=one_prev_er|L3_discharge_disposition_id=Home
L1_number_inpatient=no_prev_inpt|L2_number_emergency=one_prev_er|L3_discharge_disposition_id=Transfer,L1_number_inpatient=no_prev_inpt|L2_number_emergency=one_prev_er,3,L3_discharge_disposition_id,category_group,Transfer,454,322,132,,True,False,L1_number_inpatient=no_prev_inpt|L2_number_emergency=one_prev_er|L3_discharge_disposition_id=Transfer
L1_number_inpatient=no_prev_inpt|L2_number_emergency=one_prev_er|L3_discharge_disposition_id=others,L1_number_inpatient=no_prev_inpt|L2_number_emergency=one_prev_er,3,L3_discharge_disposition_id,category_group,others,96,64,32,,True,False,L1_number_inpatient=no_prev_inpt|L2_number_emergency=one_prev_er|L3_discharge_disposition_id=others
