bucket_id,layer,parent_bucket_id,n_train,n_val,pos_rate_train,pos_rate_val,alpha,beta,regret_val,F1_val,Precision_val,Recall_val,BND_ratio_val,pos_coverage_val,threshold_n_samples,use_parent_threshold,parent_with_threshold,score_metric,score_value,parent_score_value,gain_value,threshold_source_bucket,is_weak,fold
ROOT,L1,,3360,1439,0.22470238095238096,0.2077831827658096,0.4,0.2,0.415045170257123,0.47079646017699117,0.5,0.44481605351170567,0.20152883947185546,0.18485059068797777,1439,False,,f1_regret_bnd,-0.045013129816059566,-0.406875,0.36186187018394045,ROOT,False,1
L1_ever_delay=has_delay,L1,ROOT,1193,518,0.4383906119027661,0.4362934362934363,0.4,0.2,0.5086872586872587,0.616822429906542,0.5339805825242718,0.7300884955752213,0.37065637065637064,0.5965250965250966,518,True,,f1_regret_bnd,-0.07719301410890203,-0.045013129816059566,-0.032179884292842464,ROOT,True,1
L1_ever_delay=no_delay,L1,ROOT,2236,965,0.12343470483005367,0.11709844559585492,0.4,0.2,0.3417098445595855,0.017391304347826087,0.5,0.008849557522123894,0.024870466321243522,0.002072538860103627,965,True,,f1_regret_bnd,-0.33675377337238116,-0.045013129816059566,-0.29174064355632157,ROOT,True,1
L1_ever_delay=has_delay|L2_max_delay_bin=medium,L2,L1_ever_delay=has_delay,244,239,0.610655737704918,0.6150627615062761,0.2,0.0,0.38284518828451886,0.7636363636363637,0.6176470588235294,1.0,0.0041841004184100415,0.99581589958159,239,False,,f1_regret_bnd,0.3786991251426398,-0.07719301410890203,0.4558921392515418,L1_ever_delay=has_delay|L2_max_delay_bin=medium,False,1
L1_ever_delay=has_delay|L2_max_delay_bin=mild,L2,L1_ever_delay=has_delay,991,415,0.41977800201816345,0.40240963855421685,0.4,0.2,0.5397590361445783,0.531578947368421,0.47417840375586856,0.6047904191616766,0.3542168674698795,0.5132530120481927,415,True,,f1_regret_bnd,-0.18528852251109704,-0.07719301410890203,-0.108095508402195,ROOT,True,1
L1_ever_delay=has_delay|L2_max_delay_bin=others,L2,L1_ever_delay=has_delay,88,56,0.6931818181818182,0.625,0.4,0.2,0.2916666666666667,0.8355555555555556,0.7286821705426356,0.9791666666666666,0.09027777777777778,0.8958333333333334,144,True,,f1_regret_bnd,,-0.07719301410890203,,ROOT,True,1
L1_ever_delay=no_delay|L2_max_delay_bin=none,L2,L1_ever_delay=no_delay,2235,964,0.12080536912751678,0.11514522821576763,0.4,0.2,0.341545643153527,0.017699115044247787,0.5,0.009009009009009009,0.1504149377593361,0.002074688796680498,964,True,,f1_regret_bnd,-0.3990539969889472,-0.33675377337238116,-0.062300223616566064,ROOT,True,1
L1_ever_delay=has_delay|L2_max_delay_bin=medium|L3_LIMIT_BAL=low_limit,L3,L1_ever_delay=has_delay|L2_max_delay_bin=medium,412,169,0.6189320388349514,0.591715976331361,0.2,0.0,0.40236686390532544,0.7452471482889732,0.6012269938650306,0.98,0.029585798816568046,0.9644970414201184,169,True,L1_ever_delay=has_delay|L2_max_delay_bin=medium,f1_regret_bnd,0.3280873849753637,0.3786991251426398,-0.0506117401672761,L1_ever_delay=has_delay|L2_max_delay_bin=medium,True,1
L1_ever_delay=has_delay|L2_max_delay_bin=medium|L3_LIMIT_BAL=others,L3,L1_ever_delay=has_delay|L2_max_delay_bin=medium,162,70,0.6358024691358025,0.6714285714285714,0.2,0.0,0.2963362068965517,0.824858757062147,0.7156862745098039,0.9733333333333334,0.0603448275862069,0.8793103448275862,232,True,L1_ever_delay=has_delay|L2_max_delay_bin=medium,f1_regret_bnd,,0.3786991251426398,,L1_ever_delay=has_delay|L2_max_delay_bin=medium,True,1
L1_ever_delay=has_delay|L2_max_delay_bin=mild|L3_LIMIT_BAL=high_limit,L3,L1_ever_delay=has_delay|L2_max_delay_bin=mild,1087,428,0.31922723091076355,0.35046728971962615,0.4,0.2,0.5712616822429907,0.4057971014492754,0.4444444444444444,0.37333333333333335,0.705607476635514,0.29439252336448596,428,True,,f1_regret_bnd,-0.5182683191114723,-0.18528852251109704,-0.33297979660037524,ROOT,True,1
L1_ever_delay=has_delay|L2_max_delay_bin=mild|L3_LIMIT_BAL=low_limit,L3,L1_ever_delay=has_delay|L2_max_delay_bin=mild,2266,985,0.43777581641659313,0.4355329949238579,0.4,0.2,0.5329949238578681,0.5922509225092251,0.4900763358778626,0.7482517482517482,0.2883248730964467,0.6649746192893401,985,False,,f1_regret_bnd,-0.08490643789686636,-0.18528852251109704,0.10038208461423068,L1_ever_delay=has_delay|L2_max_delay_bin=mild|L3_LIMIT_BAL=low_limit,False,1
L1_ever_delay=has_delay|L2_max_delay_bin=mild|L3_LIMIT_BAL=mid_limit,L3,L1_ever_delay=has_delay|L2_max_delay_bin=mild,1605,666,0.39376947040498445,0.3963963963963964,0.4,0.1,0.5041291291291291,0.5821428571428572,0.5506756756756757,0.6174242424242424,0.5165165165165165,0.4444444444444444,666,False,,f1_regret_bnd,-0.1802445302445302,-0.18528852251109704,0.005043992266566849,L1_ever_delay=has_delay|L2_max_delay_bin=mild|L3_LIMIT_BAL=mid_limit,False,1
L1_ever_delay=no_delay|L2_max_delay_bin=none|L3_LIMIT_BAL=high_limit,L3,L1_ever_delay=no_delay|L2_max_delay_bin=none,4287,1775,0.09587123862841147,0.09408450704225352,0.5,0.3,0.27507042253521125,0.023668639053254437,1.0,0.011976047904191617,0.02028169014084507,0.0011267605633802818,1775,False,,f1_regret_bnd,-0.2615426285523793,-0.3990539969889472,0.13751136843656792,L1_ever_delay=no_delay|L2_max_delay_bin=none|L3_LIMIT_BAL=high_limit,False,1
L1_ever_delay=no_delay|L2_max_delay_bin=none|L3_LIMIT_BAL=low_limit,L3,L1_ever_delay=no_delay|L2_max_delay_bin=none,3310,1477,0.1537764350453172,0.14962762356127285,0.4,0.2,0.4439742721733243,0.0,0.0,0.0,0.03859174001354096,0.0,1477,True,,f1_regret_bnd,-0.46327014218009477,-0.3990539969889472,-0.06421614519114754,ROOT,True,1
L1_ever_delay=no_delay|L2_max_delay_bin=none|L3_LIMIT_BAL=mid_limit,L3,L1_ever_delay=no_delay|L2_max_delay_bin=none,3583,1574,0.11331286631314541,0.11372299872935197,0.5,0.2,0.32512706480304954,0.0,0.0,0.0,0.1181702668360864,0.0,1574,False,,f1_regret_bnd,-0.38421219822109276,-0.3990539969889472,0.014841798767854464,L1_ever_delay=no_delay|L2_max_delay_bin=none|L3_LIMIT_BAL=mid_limit,False,1
ROOT,L1,,3360,1439,0.225,0.2126476719944406,0.4,0.2,0.3728283530229326,0.5025295109612141,0.519163763066202,0.4869281045751634,0.18971507991660877,0.19944405837387075,1439,False,,f1_regret_bnd,0.034843617979977135,-0.4001388888888889,0.434982506868866,ROOT,False,2
L1_ever_delay=has_delay,L1,ROOT,1218,519,0.43103448275862066,0.44701348747591524,0.4,0.2,0.5028901734104047,0.6236162361623616,0.5451612903225806,0.728448275862069,0.3699421965317919,0.5973025048169557,519,True,,f1_regret_bnd,-0.06424503551393898,0.034843617979977135,-0.09908865349391612,ROOT,True,2
L1_ever_delay=no_delay,L1,ROOT,2225,957,0.12134831460674157,0.1044932079414838,0.4,0.2,0.30381400208986414,0.0,0.0,0.0,0.02089864158829676,0.0,957,True,,f1_regret_bnd,-0.31426332288401254,0.034843617979977135,-0.3491069408639897,ROOT,True,2
L1_ever_delay=has_delay|L2_max_delay_bin=medium,L2,L1_ever_delay=has_delay,234,221,0.6581196581196581,0.6108597285067874,0.1,0.0,0.3891402714932127,0.7584269662921349,0.6108597285067874,1.0,0.0,1.0,221,False,,f1_regret_bnd,0.36928669479892223,-0.06424503551393898,0.4335317303128612,L1_ever_delay=has_delay|L2_max_delay_bin=medium,False,2
L1_ever_delay=has_delay|L2_max_delay_bin=mild,L2,L1_ever_delay=has_delay,1001,428,0.3866133866133866,0.4182242990654206,0.4,0.2,0.4941588785046729,0.6037735849056604,0.5224489795918368,0.7150837988826816,0.3177570093457944,0.572429906542056,428,False,,f1_regret_bnd,-0.049263798271909714,-0.06424503551393898,0.014981237242029266,L1_ever_delay=has_delay|L2_max_delay_bin=mild,False,2
L1_ever_delay=has_delay|L2_max_delay_bin=others,L2,L1_ever_delay=has_delay,105,46,0.6095238095238096,0.6739130434782609,0.4,0.2,0.29635761589403975,0.8240740740740741,0.7355371900826446,0.9368421052631579,0.11258278145695365,0.8013245033112583,151,True,,f1_regret_bnd,,-0.06424503551393898,,ROOT,True,2
L1_ever_delay=no_delay|L2_max_delay_bin=none,L2,L1_ever_delay=no_delay,2224,956,0.1223021582733813,0.1108786610878661,0.4,0.3,0.3172071129707113,0.018691588785046728,1.0,0.009433962264150943,0.015690376569037656,0.0010460251046025104,956,False,,f1_regret_bnd,-0.30636071247018337,-0.31426332288401254,0.00790261041382917,L1_ever_delay=no_delay|L2_max_delay_bin=none,False,2
L1_ever_delay=has_delay|L2_max_delay_bin=medium|L3_LIMIT_BAL=low_limit,L3,L1_ever_delay=has_delay|L2_max_delay_bin=medium,406,157,0.6182266009852216,0.5923566878980892,0.1,0.0,0.40445859872611467,0.7469879518072289,0.5961538461538461,1.0,0.006369426751592357,0.9936305732484076,157,True,L1_ever_delay=has_delay|L2_max_delay_bin=medium,f1_regret_bnd,0.33934463970531803,0.36928669479892223,-0.029942055093604203,L1_ever_delay=has_delay|L2_max_delay_bin=medium,True,2
L1_ever_delay=has_delay|L2_max_delay_bin=medium|L3_LIMIT_BAL=others,L3,L1_ever_delay=has_delay|L2_max_delay_bin=medium,153,64,0.6862745098039216,0.65625,0.1,0.0,0.27880184331797236,0.848297213622291,0.7784090909090909,0.9319727891156463,0.12442396313364056,0.8110599078341014,217,True,L1_ever_delay=has_delay|L2_max_delay_bin=medium,f1_regret_bnd,,0.36928669479892223,,L1_ever_delay=has_delay|L2_max_delay_bin=medium,True,2
L1_ever_delay=has_delay|L2_max_delay_bin=mild|L3_LIMIT_BAL=high_limit,L3,L1_ever_delay=has_delay|L2_max_delay_bin=mild,1123,452,0.3045414069456812,0.32964601769911506,0.4,0.2,0.5597345132743363,0.3984375,0.4766355140186916,0.3422818791946309,0.7632743362831859,0.23672566371681417,452,True,L1_ever_delay=has_delay|L2_max_delay_bin=mild,f1_regret_bnd,-0.5429341814159292,-0.049263798271909714,-0.49367038314401945,L1_ever_delay=has_delay|L2_max_delay_bin=mild,True,2
L1_ever_delay=has_delay|L2_max_delay_bin=mild|L3_LIMIT_BAL=low_limit,L3,L1_ever_delay=has_delay|L2_max_delay_bin=mild,2251,996,0.4540204353620613,0.4578313253012048,0.4,0.2,0.4972389558232932,0.6370494551550712,0.5156037991858887,0.8333333333333334,0.21184738955823293,0.7399598393574297,996,False,,f1_regret_bnd,0.033886804552661506,-0.049263798271909714,0.08315060282457122,L1_ever_delay=has_delay|L2_max_delay_bin=mild|L3_LIMIT_BAL=low_limit,False,2
L1_ever_delay=has_delay|L2_max_delay_bin=mild|L3_LIMIT_BAL=mid_limit,L3,L1_ever_delay=has_delay|L2_max_delay_bin=mild,1637,699,0.39034819792302994,0.3791130185979971,0.4,0.2,0.5311158798283262,0.5433333333333333,0.48656716417910445,0.6150943396226415,0.4263233190271817,0.4792560801144492,699,True,L1_ever_delay=has_delay|L2_max_delay_bin=mild,f1_regret_bnd,-0.2009442060085837,-0.049263798271909714,-0.151680407736674,L1_ever_delay=has_delay|L2_max_delay_bin=mild,True,2
L1_ever_delay=no_delay|L2_max_delay_bin=none|L3_LIMIT_BAL=high_limit,L3,L1_ever_delay=no_delay|L2_max_delay_bin=none,4235,1832,0.09610389610389611,0.0982532751091703,0.4,0.2,0.2640556768558952,0.09137055837563451,0.5294117647058824,0.05,0.09443231441048035,0.009279475982532752,1832,False,,f1_regret_bnd,-0.21990127568550086,-0.30636071247018337,0.08645943678468251,L1_ever_delay=no_delay|L2_max_delay_bin=none|L3_LIMIT_BAL=high_limit,False,2
L1_ever_delay=no_delay|L2_max_delay_bin=none|L3_LIMIT_BAL=low_limit,L3,L1_ever_delay=no_delay|L2_max_delay_bin=none,3281,1395,0.1575739103931728,0.14551971326164875,0.4,0.3,0.4243727598566308,0.0,0.0,0.0,0.03870967741935484,0.0,1395,True,L1_ever_delay=no_delay|L2_max_delay_bin=none,f1_regret_bnd,-0.4437275985663082,-0.30636071247018337,-0.13736688609612485,L1_ever_delay=no_delay|L2_max_delay_bin=none,True,2
L1_ever_delay=no_delay|L2_max_delay_bin=none|L3_LIMIT_BAL=mid_limit,L3,L1_ever_delay=no_delay|L2_max_delay_bin=none,3609,1559,0.10224438902743142,0.11161000641436819,0.4,0.3,0.33483001924310457,0.0,0.0,0.0,0.0,0.0,1559,True,L1_ever_delay=no_delay|L2_max_delay_bin=none,f1_regret_bnd,-0.33483001924310457,-0.30636071247018337,-0.0284693067729212,L1_ever_delay=no_delay|L2_max_delay_bin=none,True,2
ROOT,L1,,3359,1439,0.2232807383149747,0.19735927727588604,0.5,0.2,0.3657053509381515,0.3747276688453159,0.49142857142857144,0.3028169014084507,0.2675469075747047,0.12161223071577484,1439,False,,f1_regret_bnd,-0.12475113588018794,-0.4050694444444444,0.2803183085642565,ROOT,False,3
L1_ever_delay=has_delay,L1,ROOT,1200,522,0.43,0.42528735632183906,0.3,0.0,0.532088122605364,0.6170886075949367,0.47560975609756095,0.8783783783783784,0.21455938697318008,0.7854406130268199,522,False,,f1_regret_bnd,-0.022279208497017353,-0.12475113588018794,0.10247192738317058,L1_ever_delay=has_delay,False,3
L1_ever_delay=no_delay,L1,ROOT,2241,952,0.11646586345381527,0.11764705882352941,0.5,0.2,0.3395483193277311,0.06611570247933884,0.4444444444444444,0.03571428571428571,0.01680672268907563,0.009453781512605041,952,True,,f1_regret_bnd,-0.2818359781929301,-0.12475113588018794,-0.15708484231274217,ROOT,True,3
L1_ever_delay=has_delay|L2_max_delay_bin=medium,L2,L1_ever_delay=has_delay,231,270,0.6753246753246753,0.5666666666666667,0.2,0.0,0.43148148148148147,0.7251184834123223,0.5687732342007435,1.0,0.003703703703703704,0.9962962962962963,270,False,,f1_regret_bnd,0.29178515007898903,-0.022279208497017353,0.3140643585760064,L1_ever_delay=has_delay|L2_max_delay_bin=medium,False,3
L1_ever_delay=has_delay|L2_max_delay_bin=mild,L2,L1_ever_delay=has_delay,989,423,0.3993933265925177,0.39243498817966904,0.2,0.1,0.5555555555555556,0.5921787709497206,0.42857142857142855,0.9578313253012049,0.08747044917257683,0.8770685579196218,423,False,,f1_regret_bnd,-0.007112009192123396,-0.022279208497017353,0.015167199304893957,L1_ever_delay=has_delay|L2_max_delay_bin=mild,False,3
L1_ever_delay=has_delay|L2_max_delay_bin=others,L2,L1_ever_delay=has_delay,102,44,0.6274509803921569,0.6363636363636364,0.3,0.0,0.2688356164383562,0.855721393034826,0.7889908256880734,0.9347826086956522,0.1643835616438356,0.7465753424657534,146,True,L1_ever_delay=has_delay,f1_regret_bnd,,-0.022279208497017353,,L1_ever_delay=has_delay,True,3
L1_ever_delay=no_delay|L2_max_delay_bin=none,L2,L1_ever_delay=no_delay,2241,952,0.11289602855867917,0.10189075630252101,0.5,0.2,0.30567226890756305,0.0,0.0,0.0,0.0,0.0,952,True,,f1_regret_bnd,-0.30567226890756305,-0.2818359781929301,-0.023836290714632946,ROOT,True,3
L1_ever_delay=has_delay|L2_max_delay_bin=medium|L3_LIMIT_BAL=low_limit,L3,L1_ever_delay=has_delay|L2_max_delay_bin=medium,388,195,0.6417525773195877,0.5538461538461539,0.2,0.0,0.44358974358974357,0.7152317880794702,0.5567010309278351,1.0,0.005128205128205128,0.9948717948717949,195,True,L1_ever_delay=has_delay|L2_max_delay_bin=medium,f1_regret_bnd,0.26907794192562406,0.29178515007898903,-0.022707208153364966,L1_ever_delay=has_delay|L2_max_delay_bin=medium,True,3
L1_ever_delay=has_delay|L2_max_delay_bin=medium|L3_LIMIT_BAL=others,L3,L1_ever_delay=has_delay|L2_max_delay_bin=medium,154,75,0.6883116883116883,0.6,0.2,0.0,0.31986899563318777,0.8115942028985508,0.7216494845360825,0.9271523178807947,0.14410480349344978,0.8471615720524017,229,True,L1_ever_delay=has_delay|L2_max_delay_bin=medium,f1_regret_bnd,,0.29178515007898903,,L1_ever_delay=has_delay|L2_max_delay_bin=medium,True,3
L1_ever_delay=has_delay|L2_max_delay_bin=mild|L3_LIMIT_BAL=high_limit,L3,L1_ever_delay=has_delay|L2_max_delay_bin=mild,1102,467,0.3157894736842105,0.3147751605995717,0.2,0.1,0.5230192719486081,0.34862385321100914,0.5352112676056338,0.2585034013605442,0.576017130620985,0.15203426124197003,467,True,L1_ever_delay=has_delay|L2_max_delay_bin=mild,f1_regret_bnd,-0.46240398404809147,-0.007112009192123396,-0.45529197485596806,L1_ever_delay=has_delay|L2_max_delay_bin=mild,True,3
L1_ever_delay=has_delay|L2_max_delay_bin=mild|L3_LIMIT_BAL=low_limit,L3,L1_ever_delay=has_delay|L2_max_delay_bin=mild,2251,957,0.4540204353620613,0.45768025078369906,0.2,0.1,0.5292580982236155,0.6061135371179039,0.4908062234794908,0.7922374429223744,0.25287356321839083,0.7387669801462905,957,True,L1_ever_delay=has_delay|L2_max_delay_bin=mild,f1_regret_bnd,-0.04958134271490694,-0.007112009192123396,-0.042469333522783544,L1_ever_delay=has_delay|L2_max_delay_bin=mild,True,3
L1_ever_delay=has_delay|L2_max_delay_bin=mild|L3_LIMIT_BAL=mid_limit,L3,L1_ever_delay=has_delay|L2_max_delay_bin=mild,1597,699,0.3769567939887289,0.39914163090128757,0.2,0.1,0.5550786838340487,0.568758344459279,0.4531914893617021,0.7634408602150538,0.32761087267525035,0.6723891273247496,699,True,L1_ever_delay=has_delay|L2_max_delay_bin=mild,f1_regret_bnd,-0.15012577571239488,-0.007112009192123396,-0.14301376652027148,L1_ever_delay=has_delay|L2_max_delay_bin=mild,True,3
L1_ever_delay=no_delay|L2_max_delay_bin=none|L3_LIMIT_BAL=high_limit,L3,L1_ever_delay=no_delay|L2_max_delay_bin=none,4256,1795,0.09609962406015038,0.09693593314763231,0.5,0.3,0.284958217270195,0.02247191011235955,0.5,0.011494252873563218,0.0233983286908078,0.0022284122562674096,1795,False,,f1_regret_bnd,-0.27418547150323935,-0.30567226890756305,0.031486797404323696,L1_ever_delay=no_delay|L2_max_delay_bin=none|L3_LIMIT_BAL=high_limit,False,3
L1_ever_delay=no_delay|L2_max_delay_bin=none|L3_LIMIT_BAL=low_limit,L3,L1_ever_delay=no_delay|L2_max_delay_bin=none,3320,1367,0.1578313253012048,0.14191660570592537,0.5,0.2,0.42044623262618874,0.0,0.0,0.0,0.23482077542062912,0.0,1367,True,,f1_regret_bnd,-0.5378566203365033,-0.30567226890756305,-0.23218435142894023,ROOT,True,3
L1_ever_delay=no_delay|L2_max_delay_bin=none|L3_LIMIT_BAL=mid_limit,L3,L1_ever_delay=no_delay|L2_max_delay_bin=none,3630,1601,0.10798898071625344,0.11242973141786383,0.5,0.2,0.31964397251717674,0.0,0.0,0.0,0.08494690818238601,0.0,1601,True,,f1_regret_bnd,-0.36211742660836976,-0.30567226890756305,-0.056445157700806714,ROOT,True,3
ROOT,L1,,3359,1439,0.2214944924084549,0.21334259902710215,0.4,0.2,0.43763029881862403,0.4518272425249169,0.4610169491525424,0.44299674267100975,0.18971507991660877,0.2050034746351633,1439,False,,f1_regret_bnd,-0.08066059625201151,-0.4061458333333333,0.3254852370813218,ROOT,False,4
L1_ever_delay=has_delay,L1,ROOT,1214,527,0.44481054365733114,0.4269449715370019,0.4,0.2,0.5175521821631879,0.6083788706739526,0.5154320987654321,0.7422222222222222,0.35294117647058826,0.6148007590132827,527,True,,f1_regret_bnd,-0.08564389972452943,-0.08066059625201151,-0.004983303472517922,ROOT,True,4
L1_ever_delay=no_delay,L1,ROOT,2223,951,0.1214574898785425,0.11251314405888538,0.4,0.2,0.3291272344900105,0.0,0.0,0.0,0.12197686645636173,0.0,951,True,,f1_regret_bnd,-0.3901156677181914,-0.08066059625201151,-0.3094550714661799,ROOT,True,4
L1_ever_delay=has_delay|L2_max_delay_bin=medium,L2,L1_ever_delay=has_delay,248,250,0.6370967741935484,0.64,0.1,0.0,0.36,0.7804878048780487,0.64,1.0,0.0,1.0,250,False,,f1_regret_bnd,0.4204878048780487,-0.08564389972452943,0.5061317046025782,L1_ever_delay=has_delay|L2_max_delay_bin=medium,False,4
L1_ever_delay=has_delay|L2_max_delay_bin=mild,L2,L1_ever_delay=has_delay,999,428,0.3683683683683684,0.3691588785046729,0.4,0.2,0.5660046728971962,0.5053763440860214,0.4392523364485981,0.5949367088607594,0.45794392523364486,0.5,428,True,,f1_regret_bnd,-0.28960029142799726,-0.08564389972452943,-0.20395639170346783,ROOT,True,4
L1_ever_delay=has_delay|L2_max_delay_bin=others,L2,L1_ever_delay=has_delay,99,49,0.6666666666666666,0.5918367346938775,0.4,0.2,0.2989864864864865,0.8400000000000001,0.8,0.8842105263157894,0.20270270270270271,0.7094594594594594,148,True,,f1_regret_bnd,,-0.08564389972452943,,ROOT,True,4
L1_ever_delay=no_delay|L2_max_delay_bin=none,L2,L1_ever_delay=no_delay,2222,950,0.12061206120612061,0.11263157894736842,0.5,0.2,0.3071052631578947,0.018518518518518517,1.0,0.009345794392523364,0.12421052631578948,0.0010526315789473684,950,False,,f1_regret_bnd,-0.3506920077972709,-0.3901156677181914,0.039423659920920506,L1_ever_delay=no_delay|L2_max_delay_bin=none,False,4
L1_ever_delay=has_delay|L2_max_delay_bin=medium|L3_LIMIT_BAL=low_limit,L3,L1_ever_delay=has_delay|L2_max_delay_bin=medium,413,179,0.5980629539951574,0.6368715083798883,0.1,0.0,0.3575418994413408,0.7832167832167831,0.6511627906976745,0.9824561403508771,0.03910614525139665,0.9608938547486033,179,True,L1_ever_delay=has_delay|L2_max_delay_bin=medium,f1_regret_bnd,0.406121811149744,0.4204878048780487,-0.014365993728304716,L1_ever_delay=has_delay|L2_max_delay_bin=medium,True,4
L1_ever_delay=has_delay|L2_max_delay_bin=medium|L3_LIMIT_BAL=others,L3,L1_ever_delay=has_delay|L2_max_delay_bin=medium,166,71,0.6686746987951807,0.647887323943662,0.1,0.0,0.3090717299578059,0.8208092485549132,0.7513227513227513,0.9044585987261147,0.189873417721519,0.7974683544303798,237,True,L1_ever_delay=has_delay|L2_max_delay_bin=medium,f1_regret_bnd,,0.4204878048780487,,L1_ever_delay=has_delay|L2_max_delay_bin=medium,True,4
L1_ever_delay=has_delay|L2_max_delay_bin=mild|L3_LIMIT_BAL=high_limit,L3,L1_ever_delay=has_delay|L2_max_delay_bin=mild,1090,496,0.3100917431192661,0.32056451612903225,0.4,0.2,0.5665322580645161,0.2535211267605634,0.5,0.16981132075471697,0.625,0.10887096774193548,496,True,,f1_regret_bnd,-0.6255111313039527,-0.28960029142799726,-0.3359108398759555,ROOT,True,4
L1_ever_delay=has_delay|L2_max_delay_bin=mild|L3_LIMIT_BAL=low_limit,L3,L1_ever_delay=has_delay|L2_max_delay_bin=mild,2269,946,0.45041868664609963,0.41966173361522197,0.4,0.1,0.561046511627907,0.5605338417540515,0.450920245398773,0.7405541561712846,0.28752642706131076,0.6892177589852009,946,False,,f1_regret_bnd,-0.14427588340451084,-0.28960029142799726,0.14532440802348642,L1_ever_delay=has_delay|L2_max_delay_bin=mild|L3_LIMIT_BAL=low_limit,False,4
L1_ever_delay=has_delay|L2_max_delay_bin=mild|L3_LIMIT_BAL=mid_limit,L3,L1_ever_delay=has_delay|L2_max_delay_bin=mild,1644,700,0.38746958637469586,0.40285714285714286,0.4,0.1,0.5110714285714286,0.5723793677204659,0.5391849529780565,0.6099290780141844,0.5157142857142857,0.45571428571428574,700,False,,f1_regret_bnd,-0.19654920370810552,-0.28960029142799726,0.09305108771989173,L1_ever_delay=has_delay|L2_max_delay_bin=mild|L3_LIMIT_BAL=mid_limit,False,4
L1_ever_delay=no_delay|L2_max_delay_bin=none|L3_LIMIT_BAL=high_limit,L3,L1_ever_delay=no_delay|L2_max_delay_bin=none,4214,1803,0.09065021357380161,0.10260676650027732,0.7,0.2,0.28868552412645593,0.0,0.0,0.0,0.09595119245701608,0.0,1803,False,,f1_regret_bnd,-0.336661120354964,-0.3506920077972709,0.014030887442306905,L1_ever_delay=no_delay|L2_max_delay_bin=none|L3_LIMIT_BAL=high_limit,False,4
L1_ever_delay=no_delay|L2_max_delay_bin=none|L3_LIMIT_BAL=low_limit,L3,L1_ever_delay=no_delay|L2_max_delay_bin=none,3351,1358,0.1539838854073411,0.15758468335787923,0.5,0.2,0.4519513991163476,0.0,0.0,0.0,0.19734904270986744,0.0,1358,True,L1_ever_delay=no_delay|L2_max_delay_bin=none,f1_regret_bnd,-0.5506259204712813,-0.3506920077972709,-0.19993391267401045,L1_ever_delay=no_delay|L2_max_delay_bin=none,True,4
L1_ever_delay=no_delay|L2_max_delay_bin=none|L3_LIMIT_BAL=mid_limit,L3,L1_ever_delay=no_delay|L2_max_delay_bin=none,3554,1598,0.11170512099043331,0.10450563204005006,0.5,0.2,0.3017834793491865,0.0,0.0,0.0,0.10387984981226533,0.0,1598,True,L1_ever_delay=no_delay|L2_max_delay_bin=none,f1_regret_bnd,-0.3537234042553191,-0.3506920077972709,-0.00303139645804823,L1_ever_delay=no_delay|L2_max_delay_bin=none,True,4
ROOT,L1,,3360,1440,0.20625,0.21805555555555556,0.4,0.2,0.3888888888888889,0.5051194539249146,0.5441176470588235,0.4713375796178344,0.20416666666666666,0.18888888888888888,1440,False,,f1_regret_bnd,0.014147231702692414,-0.39739583333333334,0.4115430650360258,ROOT,False,5
L1_ever_delay=has_delay,L1,ROOT,1208,522,0.4271523178807947,0.4425287356321839,0.4,0.2,0.5023946360153256,0.6203007518796992,0.5481727574750831,0.7142857142857143,0.4099616858237548,0.5766283524904214,522,True,,f1_regret_bnd,-0.0870747270475038,0.014147231702692414,-0.10122195875019621,ROOT,True,5
L1_ever_delay=no_delay,L1,ROOT,2237,955,0.10996870809119356,0.10261780104712041,0.4,0.2,0.29842931937172773,0.0,0.0,0.0,0.027225130890052355,0.0,955,True,,f1_regret_bnd,-0.31204188481675393,0.014147231702692414,-0.3261891165194464,ROOT,True,5
L1_ever_delay=has_delay|L2_max_delay_bin=medium,L2,L1_ever_delay=has_delay,243,235,0.6748971193415638,0.6127659574468085,0.4,0.0,0.3829787234042553,0.7629427792915531,0.6278026905829597,0.9722222222222222,0.05106382978723404,0.948936170212766,235,False,,f1_regret_bnd,0.35443214099368076,-0.0870747270475038,0.44150686804118455,L1_ever_delay=has_delay|L2_max_delay_bin=medium,False,5
L1_ever_delay=has_delay|L2_max_delay_bin=mild,L2,L1_ever_delay=has_delay,988,427,0.3937246963562753,0.41217798594847777,0.4,0.2,0.4959016393442623,0.5757575757575757,0.5181818181818182,0.6477272727272727,0.3325526932084309,0.5152224824355972,427,False,,f1_regret_bnd,-0.08642041019090205,-0.0870747270475038,0.0006543168566017499,L1_ever_delay=has_delay|L2_max_delay_bin=mild,False,5
L1_ever_delay=has_delay|L2_max_delay_bin=others,L2,L1_ever_delay=has_delay,108,47,0.6111111111111112,0.6808510638297872,0.4,0.2,0.24838709677419354,0.8571428571428571,0.8035714285714286,0.9183673469387755,0.11612903225806452,0.7225806451612903,155,True,,f1_regret_bnd,,-0.0870747270475038,,ROOT,True,5
L1_ever_delay=no_delay|L2_max_delay_bin=none,L2,L1_ever_delay=no_delay,2236,954,0.1283542039355993,0.10796645702306079,0.4,0.2,0.3238993710691824,0.0,0.0,0.0,0.0,0.0,954,True,,f1_regret_bnd,-0.3238993710691824,-0.31204188481675393,-0.01185748625242844,ROOT,True,5
L1_ever_delay=has_delay|L2_max_delay_bin=medium|L3_LIMIT_BAL=low_limit,L3,L1_ever_delay=has_delay|L2_max_delay_bin=medium,395,166,0.6227848101265823,0.608433734939759,0.1,0.0,0.39156626506024095,0.7565543071161048,0.608433734939759,1.0,0.0,1.0,166,False,,f1_regret_bnd,0.3649880420558639,0.35443214099368076,0.010555901062183126,L1_ever_delay=has_delay|L2_max_delay_bin=medium|L3_LIMIT_BAL=low_limit,False,5
L1_ever_delay=has_delay|L2_max_delay_bin=medium|L3_LIMIT_BAL=others,L3,L1_ever_delay=has_delay|L2_max_delay_bin=medium,164,69,0.6829268292682927,0.6231884057971014,0.4,0.0,0.2875536480686695,0.8352941176470587,0.7675675675675676,0.9161290322580645,0.1072961373390558,0.7939914163090128,233,True,L1_ever_delay=has_delay|L2_max_delay_bin=medium,f1_regret_bnd,,0.35443214099368076,,L1_ever_delay=has_delay|L2_max_delay_bin=medium,True,5
L1_ever_delay=has_delay|L2_max_delay_bin=mild|L3_LIMIT_BAL=high_limit,L3,L1_ever_delay=has_delay|L2_max_delay_bin=mild,1088,479,0.32628676470588236,0.31106471816283926,0.4,0.2,0.5010438413361169,0.4140625,0.4953271028037383,0.35570469798657717,0.4697286012526096,0.22338204592901878,479,True,L1_ever_delay=has_delay|L2_max_delay_bin=mild,f1_regret_bnd,-0.3218456419624217,-0.08642041019090205,-0.23542523177151967,L1_ever_delay=has_delay|L2_max_delay_bin=mild,True,5
L1_ever_delay=has_delay|L2_max_delay_bin=mild|L3_LIMIT_BAL=low_limit,L3,L1_ever_delay=has_delay|L2_max_delay_bin=mild,2256,999,0.44193262411347517,0.46546546546546547,0.3,0.1,0.512012012012012,0.6429112964366945,0.4964871194379391,0.9118279569892473,0.13713713713713713,0.8548548548548549,999,False,,f1_regret_bnd,0.06233071585611401,-0.08642041019090205,0.14875112604701607,L1_ever_delay=has_delay|L2_max_delay_bin=mild|L3_LIMIT_BAL=low_limit,False,5
L1_ever_delay=has_delay|L2_max_delay_bin=mild|L3_LIMIT_BAL=mid_limit,L3,L1_ever_delay=has_delay|L2_max_delay_bin=mild,1604,665,0.3958852867830424,0.3744360902255639,0.4,0.2,0.5345864661654135,0.5214285714285715,0.4694533762057878,0.5863453815261044,0.4045112781954887,0.46766917293233085,665,True,L1_ever_delay=has_delay|L2_max_delay_bin=mild,f1_regret_bnd,-0.2154135338345864,-0.08642041019090205,-0.12899312364368434,L1_ever_delay=has_delay|L2_max_delay_bin=mild,True,5
L1_ever_delay=no_delay|L2_max_delay_bin=none|L3_LIMIT_BAL=high_limit,L3,L1_ever_delay=no_delay|L2_max_delay_bin=none,4268,1795,0.09161199625117152,0.10584958217270195,0.4,0.2,0.3064066852367688,0.0,0.0,0.0,0.10027855153203342,0.0,1795,True,,f1_regret_bnd,-0.3565459610027855,-0.3238993710691824,-0.03264658993360314,ROOT,True,5
L1_ever_delay=no_delay|L2_max_delay_bin=none|L3_LIMIT_BAL=low_limit,L3,L1_ever_delay=no_delay|L2_max_delay_bin=none,3292,1441,0.15157958687727824,0.14920194309507287,0.4,0.2,0.4347675225537821,0.0,0.0,0.0,0.20333102012491325,0.0,1441,True,,f1_regret_bnd,-0.5364330326162388,-0.3238993710691824,-0.21253366154705639,ROOT,True,5
L1_ever_delay=no_delay|L2_max_delay_bin=none|L3_LIMIT_BAL=mid_limit,L3,L1_ever_delay=no_delay|L2_max_delay_bin=none,3625,1539,0.11448275862068966,0.096816114359974,0.6,0.5,0.290448343079922,0.0,0.0,0.0,0.0,0.0,1539,False,,f1_regret_bnd,-0.290448343079922,-0.3238993710691824,0.03345102798926036,L1_ever_delay=no_delay|L2_max_delay_bin=none|L3_LIMIT_BAL=mid_limit,False,5
