bucket_id,layer,parent_bucket_id,n_train,n_val,pos_rate_train,pos_rate_val,alpha,beta,regret_val,F1_val,Precision_val,Recall_val,BND_ratio_val,pos_coverage_val,use_parent_threshold,threshold_n_samples,n_all,pos_rate_all,BAC_val,AUC_val,cost_source,score_metric,score_value,parent_score_value,gain_value,is_weak,threshold_source_bucket,use_gain_weak_backoff,threshold_data_source,parent_with_threshold,n_test,pos_rate_test,BND_ratio_test,POS_Coverage_test,regret_test,fold,pos_rate
ROOT,L1,,3360,1439,0.22470238095238096,0.2077831827658096,0.4,0.2,0.415045170257123,0.47079646017699117,0.5,0.44481605351170567,0.20152883947185546,0.18485059068797777,False,1439,24000,0.22116666666666668,0.5653904828962037,0.7453177257525084,global_default,f1_regret_bnd,-0.045013129816059566,-0.406875,0.36186187018394045,False,ROOT,True,val,,,,,,,1,0.22116666666666668
L1_ever_delay=no_delay,L1,ROOT,2236,965,0.12343470483005367,0.11709844559585492,0.4,0.2,0.3417098445595855,0.017391304347826087,0.5,0.008849557522123894,0.024870466321243522,0.002072538860103627,True,965,16006,0.11826814944395851,0.4938613984793718,0.6407827495949145,global_default,f1_regret_bnd,-0.33675377337238116,-0.045013129816059566,-0.29174064355632157,True,ROOT,True,val,,,,,,,1,0.11826814944395851
L1_ever_delay=no_delay|L2_max_delay_bin=none,L2,L1_ever_delay=no_delay,2235,964,0.12080536912751678,0.11514522821576763,0.4,0.2,0.341545643153527,0.017699115044247787,0.5,0.009009009009009009,0.1504149377593361,0.002074688796680498,True,964,16006,0.11826814944395851,0.4347506944224412,0.6409175881626058,global_default,f1_regret_bnd,-0.3990539969889472,-0.33675377337238116,-0.062300223616566064,True,ROOT,True,val,,,,,,,1,0.11826814944395851
L1_ever_delay=has_delay,L1,ROOT,1193,518,0.4383906119027661,0.4362934362934363,0.4,0.2,0.5086872586872587,0.616822429906542,0.5339805825242718,0.7300884955752213,0.37065637065637064,0.5965250965250966,True,518,7994,0.42719539654741057,0.38901685052733664,0.6221360164868468,global_default,f1_regret_bnd,-0.07719301410890203,-0.045013129816059566,-0.032179884292842464,True,ROOT,True,val,,,,,,,1,0.42719539654741057
L1_ever_delay=has_delay|L2_max_delay_bin=mild,L2,L1_ever_delay=has_delay,991,415,0.41977800201816345,0.40240963855421685,0.4,0.2,0.5397590361445783,0.531578947368421,0.47417840375586856,0.6047904191616766,0.3542168674698795,0.5132530120481927,True,415,7037,0.3998863151911326,0.3971532740969673,0.6365655785203785,global_default,f1_regret_bnd,-0.18528852251109704,-0.07719301410890203,-0.108095508402195,True,ROOT,True,val,,,,,,,1,0.3998863151911326
L1_ever_delay=no_delay|L2_max_delay_bin=none|L3_LIMIT_BAL=high_limit,L3,L1_ever_delay=no_delay|L2_max_delay_bin=none,4287,1775,0.09587123862841147,0.09408450704225352,0.5,0.3,0.27507042253521125,0.023668639053254437,1.0,0.011976047904191617,0.02028169014084507,0.0011267605633802818,False,1775,6062,0.0953480699439129,0.4975925015640361,0.6511864331039413,global_default,f1_regret_bnd,-0.2615426285523793,-0.3990539969889472,0.13751136843656792,False,L1_ever_delay=no_delay|L2_max_delay_bin=none|L3_LIMIT_BAL=high_limit,True,val,,1503.0,0.09713905522288756,0.0,0.001996007984031936,0.2756154357950765,1,0.0953480699439129
L1_ever_delay=no_delay|L2_max_delay_bin=none|L3_LIMIT_BAL=mid_limit,L3,L1_ever_delay=no_delay|L2_max_delay_bin=none,3583,1574,0.11331286631314541,0.11372299872935197,0.5,0.2,0.32512706480304954,0.0,0.0,0.0,0.1181702668360864,0.0,False,1574,5157,0.11343804537521815,0.44874551971326165,0.666388338239122,global_default,f1_regret_bnd,-0.38421219822109276,-0.3990539969889472,0.014841798767854464,False,L1_ever_delay=no_delay|L2_max_delay_bin=none|L3_LIMIT_BAL=mid_limit,True,val,,1311.0,0.09305873379099924,0.0,0.0,0.2744088482074752,1,0.11343804537521815
L1_ever_delay=no_delay|L2_max_delay_bin=none|L3_LIMIT_BAL=low_limit,L3,L1_ever_delay=no_delay|L2_max_delay_bin=none,3310,1477,0.1537764350453172,0.14962762356127285,0.4,0.2,0.4439742721733243,0.0,0.0,0.0,0.03859174001354096,0.0,True,1477,4787,0.15249634426571965,0.482484076433121,0.5677724298930744,global_default,f1_regret_bnd,-0.46327014218009477,-0.3990539969889472,-0.06421614519114754,True,ROOT,True,val,,1111.0,0.1557155715571557,0.0,0.0036003600360036,0.45634563456345634,1,0.15249634426571965
L1_ever_delay=has_delay|L2_max_delay_bin=mild|L3_LIMIT_BAL=low_limit,L3,L1_ever_delay=has_delay|L2_max_delay_bin=mild,2266,985,0.43777581641659313,0.4355329949238579,0.4,0.2,0.5329949238578681,0.5922509225092251,0.4900763358778626,0.7482517482517482,0.2883248730964467,0.6649746192893401,False,985,3251,0.43709627806828666,0.4082985359963777,0.5874628968154149,global_default,f1_regret_bnd,-0.08490643789686636,-0.18528852251109704,0.10038208461423068,False,L1_ever_delay=has_delay|L2_max_delay_bin=mild|L3_LIMIT_BAL=low_limit,True,val,,793.0,0.4905422446406053,0.0,0.6872635561160151,0.510718789407314,1,0.43709627806828666
L1_ever_delay=has_delay|L2_max_delay_bin=mild|L3_LIMIT_BAL=mid_limit,L3,L1_ever_delay=has_delay|L2_max_delay_bin=mild,1605,666,0.39376947040498445,0.3963963963963964,0.4,0.1,0.5041291291291291,0.5821428571428572,0.5506756756756757,0.6174242424242424,0.5165165165165165,0.4444444444444444,False,666,2271,0.3945398502862175,0.3385628674807779,0.6894222071460877,global_default,f1_regret_bnd,-0.1802445302445302,-0.18528852251109704,0.005043992266566849,False,L1_ever_delay=has_delay|L2_max_delay_bin=mild|L3_LIMIT_BAL=mid_limit,True,val,,608.0,0.37006578947368424,0.0,0.4588815789473684,0.5493421052631579,1,0.3945398502862175
L1_ever_delay=has_delay|L2_max_delay_bin=mild|L3_LIMIT_BAL=high_limit,L3,L1_ever_delay=has_delay|L2_max_delay_bin=mild,1087,428,0.31922723091076355,0.35046728971962615,0.4,0.2,0.5712616822429907,0.4057971014492754,0.4444444444444444,0.37333333333333335,0.705607476635514,0.29439252336448596,True,428,1515,0.32805280528052805,0.18666666666666668,0.5965947242206235,global_default,f1_regret_bnd,-0.5182683191114723,-0.18528852251109704,-0.33297979660037524,True,ROOT,True,val,,438.0,0.2831050228310502,0.0,0.2945205479452055,0.5633561643835616,1,0.32805280528052805
L1_ever_delay=has_delay|L2_max_delay_bin=medium,L2,L1_ever_delay=has_delay,244,239,0.610655737704918,0.6150627615062761,0.2,0.0,0.38284518828451886,0.7636363636363637,0.6176470588235294,1.0,0.0041841004184100415,0.99581589958159,False,239,813,0.6211562115621156,0.5,0.5961254066844128,global_default,f1_regret_bnd,0.3786991251426398,-0.07719301410890203,0.4558921392515418,False,L1_ever_delay=has_delay|L2_max_delay_bin=medium,True,val,,,,,,,1,0.6211562115621156
L1_ever_delay=has_delay|L2_max_delay_bin=medium|L3_LIMIT_BAL=low_limit,L3,L1_ever_delay=has_delay|L2_max_delay_bin=medium,412,169,0.6189320388349514,0.591715976331361,0.2,0.0,0.40236686390532544,0.7452471482889732,0.6012269938650306,0.98,0.029585798816568046,0.9644970414201184,True,169,581,0.6110154905335629,0.49724637681159417,0.5782608695652174,global_default,f1_regret_bnd,0.3280873849753637,0.3786991251426398,-0.0506117401672761,True,L1_ever_delay=has_delay|L2_max_delay_bin=medium,True,val,L1_ever_delay=has_delay|L2_max_delay_bin=medium,139.0,0.6187050359712231,0.0,1.0,0.381294964028777,1,0.6110154905335629
L1_ever_delay=has_delay|L2_max_delay_bin=medium|L3_LIMIT_BAL=others,L3,L1_ever_delay=has_delay|L2_max_delay_bin=medium,162,70,0.6358024691358025,0.6714285714285714,0.2,0.0,0.2963362068965517,0.824858757062147,0.7156862745098039,0.9733333333333334,0.0603448275862069,0.8793103448275862,True,232,232,0.646551724137931,0.5659349593495935,0.796910569105691,global_default,f1_regret_bnd,,0.3786991251426398,,True,L1_ever_delay=has_delay|L2_max_delay_bin=medium,True,all,L1_ever_delay=has_delay|L2_max_delay_bin=medium,,,,,,1,0.646551724137931
L1_ever_delay=has_delay|L2_max_delay_bin=others,L2,L1_ever_delay=has_delay,88,56,0.6931818181818182,0.625,0.4,0.2,0.2916666666666667,0.8355555555555556,0.7286821705426356,0.9791666666666666,0.09027777777777778,0.8958333333333334,True,144,144,0.6666666666666666,0.5104166666666666,0.8057725694444444,global_default,f1_regret_bnd,,-0.07719301410890203,,True,ROOT,True,all,,,,,,,1,0.6666666666666666
ROOT,L1,,3360,1439,0.225,0.2126476719944406,0.4,0.2,0.3728283530229326,0.5025295109612141,0.519163763066202,0.4869281045751634,0.18971507991660877,0.19944405837387075,False,1439,24000,0.22120833333333334,0.5956264529936717,0.7809289352693121,global_default,f1_regret_bnd,0.034843617979977135,-0.4001388888888889,0.434982506868866,False,ROOT,True,val,,,,,,,2,0.22120833333333334
L1_ever_delay=no_delay,L1,ROOT,2225,957,0.12134831460674157,0.1044932079414838,0.4,0.2,0.30381400208986414,0.0,0.0,0.0,0.02089864158829676,0.0,True,957,15911,0.11627176167431337,0.49241540256709454,0.6210151691948659,global_default,f1_regret_bnd,-0.31426332288401254,0.034843617979977135,-0.3491069408639897,True,ROOT,True,val,,,,,,,2,0.11627176167431337
L1_ever_delay=no_delay|L2_max_delay_bin=none,L2,L1_ever_delay=no_delay,2224,956,0.1223021582733813,0.1108786610878661,0.4,0.3,0.3172071129707113,0.018691588785046728,1.0,0.009433962264150943,0.015690376569037656,0.0010460251046025104,False,956,15911,0.11627176167431337,0.5000110987791343,0.6855826859045505,global_default,f1_regret_bnd,-0.30636071247018337,-0.31426332288401254,0.00790261041382917,False,L1_ever_delay=no_delay|L2_max_delay_bin=none,True,val,,,,,,,2,0.11627176167431337
L1_ever_delay=has_delay,L1,ROOT,1218,519,0.43103448275862066,0.44701348747591524,0.4,0.2,0.5028901734104047,0.6236162361623616,0.5451612903225806,0.728448275862069,0.3699421965317919,0.5973025048169557,True,519,8089,0.4276177525033997,0.3886143818334735,0.6711972846329448,global_default,f1_regret_bnd,-0.06424503551393898,0.034843617979977135,-0.09908865349391612,True,ROOT,True,val,,,,,,,2,0.4276177525033997
L1_ever_delay=has_delay|L2_max_delay_bin=mild,L2,L1_ever_delay=has_delay,1001,428,0.3866133866133866,0.4182242990654206,0.4,0.2,0.4941588785046729,0.6037735849056604,0.5224489795918368,0.7150837988826816,0.3177570093457944,0.572429906542056,False,428,7158,0.4013690975132719,0.44187924883893115,0.6508604249399834,global_default,f1_regret_bnd,-0.049263798271909714,-0.06424503551393898,0.014981237242029266,False,L1_ever_delay=has_delay|L2_max_delay_bin=mild,True,val,,,,,,,2,0.4013690975132719
L1_ever_delay=no_delay|L2_max_delay_bin=none|L3_LIMIT_BAL=high_limit,L3,L1_ever_delay=no_delay|L2_max_delay_bin=none,4235,1832,0.09610389610389611,0.0982532751091703,0.4,0.2,0.2640556768558952,0.09137055837563451,0.5294117647058824,0.05,0.09443231441048035,0.009279475982532752,False,1832,6067,0.09675292566342508,0.48383777239709447,0.7093943368307776,global_default,f1_regret_bnd,-0.21990127568550086,-0.30636071247018337,0.08645943678468251,False,L1_ever_delay=no_delay|L2_max_delay_bin=none|L3_LIMIT_BAL=high_limit,True,val,,1498.0,0.09145527369826435,0.0,0.004672897196261682,0.27386515353805074,2,0.09675292566342508
L1_ever_delay=no_delay|L2_max_delay_bin=none|L3_LIMIT_BAL=mid_limit,L3,L1_ever_delay=no_delay|L2_max_delay_bin=none,3609,1559,0.10224438902743142,0.11161000641436819,0.4,0.3,0.33483001924310457,0.0,0.0,0.0,0.0,0.0,True,1559,5168,0.10506965944272446,0.5,0.6034254533383129,global_default,f1_regret_bnd,-0.33483001924310457,-0.30636071247018337,-0.0284693067729212,True,L1_ever_delay=no_delay|L2_max_delay_bin=none,True,val,L1_ever_delay=no_delay|L2_max_delay_bin=none,1300.0,0.12615384615384614,0.0,0.002307692307692308,0.3721153846153846,2,0.10506965944272446
L1_ever_delay=no_delay|L2_max_delay_bin=none|L3_LIMIT_BAL=low_limit,L3,L1_ever_delay=no_delay|L2_max_delay_bin=none,3281,1395,0.1575739103931728,0.14551971326164875,0.4,0.3,0.4243727598566308,0.0,0.0,0.0,0.03870967741935484,0.0,True,1395,4676,0.15397775876817793,0.48406040268456374,0.5563981551889444,global_default,f1_regret_bnd,-0.4437275985663082,-0.30636071247018337,-0.13736688609612485,True,L1_ever_delay=no_delay|L2_max_delay_bin=none,True,val,L1_ever_delay=no_delay|L2_max_delay_bin=none,1222.0,0.1497545008183306,0.0,0.0016366612111292963,0.4455810147299509,2,0.15397775876817793
L1_ever_delay=has_delay|L2_max_delay_bin=mild|L3_LIMIT_BAL=low_limit,L3,L1_ever_delay=has_delay|L2_max_delay_bin=mild,2251,996,0.4540204353620613,0.4578313253012048,0.4,0.2,0.4972389558232932,0.6370494551550712,0.5156037991858887,0.8333333333333334,0.21184738955823293,0.7399598393574297,False,996,3247,0.455189405605174,0.4564814814814815,0.6200718810916179,global_default,f1_regret_bnd,0.033886804552661506,-0.049263798271909714,0.08315060282457122,False,L1_ever_delay=has_delay|L2_max_delay_bin=mild|L3_LIMIT_BAL=low_limit,True,val,,797.0,0.41656210790464243,0.0,0.7277289836888331,0.5445420326223338,2,0.455189405605174
L1_ever_delay=has_delay|L2_max_delay_bin=mild|L3_LIMIT_BAL=mid_limit,L3,L1_ever_delay=has_delay|L2_max_delay_bin=mild,1637,699,0.39034819792302994,0.3791130185979971,0.4,0.2,0.5311158798283262,0.5433333333333333,0.48656716417910445,0.6150943396226415,0.4263233190271817,0.4792560801144492,True,699,2336,0.386986301369863,0.37321537257629767,0.6379097469785237,global_default,f1_regret_bnd,-0.2009442060085837,-0.049263798271909714,-0.151680407736674,True,L1_ever_delay=has_delay|L2_max_delay_bin=mild,True,val,L1_ever_delay=has_delay|L2_max_delay_bin=mild,543.0,0.3996316758747698,0.0,0.4198895027624309,0.5520257826887661,2,0.386986301369863
L1_ever_delay=has_delay|L2_max_delay_bin=mild|L3_LIMIT_BAL=high_limit,L3,L1_ever_delay=has_delay|L2_max_delay_bin=mild,1123,452,0.3045414069456812,0.32964601769911506,0.4,0.2,0.5597345132743363,0.3984375,0.4766355140186916,0.3422818791946309,0.7632743362831859,0.23672566371681417,True,452,1575,0.31174603174603177,0.17114093959731544,0.6197532504928346,global_default,f1_regret_bnd,-0.5429341814159292,-0.049263798271909714,-0.49367038314401945,True,L1_ever_delay=has_delay|L2_max_delay_bin=mild,True,val,L1_ever_delay=has_delay|L2_max_delay_bin=mild,378.0,0.3439153439153439,0.0,0.25132275132275134,0.5317460317460317,2,0.31174603174603177
L1_ever_delay=has_delay|L2_max_delay_bin=medium,L2,L1_ever_delay=has_delay,234,221,0.6581196581196581,0.6108597285067874,0.1,0.0,0.3891402714932127,0.7584269662921349,0.6108597285067874,1.0,0.0,1.0,False,221,780,0.6294871794871795,0.5,0.5101636520241171,global_default,f1_regret_bnd,0.36928669479892223,-0.06424503551393898,0.4335317303128612,False,L1_ever_delay=has_delay|L2_max_delay_bin=medium,True,val,,,,,,,2,0.6294871794871795
L1_ever_delay=has_delay|L2_max_delay_bin=medium|L3_LIMIT_BAL=low_limit,L3,L1_ever_delay=has_delay|L2_max_delay_bin=medium,406,157,0.6182266009852216,0.5923566878980892,0.1,0.0,0.40445859872611467,0.7469879518072289,0.5961538461538461,1.0,0.006369426751592357,0.9936305732484076,True,157,563,0.61101243339254,0.5,0.46051747311827956,global_default,f1_regret_bnd,0.33934463970531803,0.36928669479892223,-0.029942055093604203,True,L1_ever_delay=has_delay|L2_max_delay_bin=medium,True,val,L1_ever_delay=has_delay|L2_max_delay_bin=medium,157.0,0.6178343949044586,0.0,1.0,0.3821656050955414,2,0.61101243339254
L1_ever_delay=has_delay|L2_max_delay_bin=medium|L3_LIMIT_BAL=others,L3,L1_ever_delay=has_delay|L2_max_delay_bin=medium,153,64,0.6862745098039216,0.65625,0.1,0.0,0.27880184331797236,0.848297213622291,0.7784090909090909,0.9319727891156463,0.12442396313364056,0.8110599078341014,True,217,217,0.6774193548387096,0.5517006802721088,0.8410106899902818,global_default,f1_regret_bnd,,0.36928669479892223,,True,L1_ever_delay=has_delay|L2_max_delay_bin=medium,True,all,L1_ever_delay=has_delay|L2_max_delay_bin=medium,,,,,,2,0.6774193548387096
L1_ever_delay=has_delay|L2_max_delay_bin=others,L2,L1_ever_delay=has_delay,105,46,0.6095238095238096,0.6739130434782609,0.4,0.2,0.29635761589403975,0.8240740740740741,0.7355371900826446,0.9368421052631579,0.11258278145695365,0.8013245033112583,True,151,151,0.6291390728476821,0.575563909774436,0.8065789473684211,global_default,f1_regret_bnd,,-0.06424503551393898,,True,ROOT,True,all,,,,,,,2,0.6291390728476821
ROOT,L1,,3359,1439,0.2232807383149747,0.19735927727588604,0.5,0.2,0.3657053509381515,0.3747276688453159,0.49142857142857144,0.3028169014084507,0.2675469075747047,0.12161223071577484,False,1439,24000,0.22120833333333334,0.5011920004877751,0.7757758673251632,global_default,f1_regret_bnd,-0.12475113588018794,-0.4050694444444444,0.2803183085642565,False,ROOT,True,val,,,,,,,3,0.22120833333333334
L1_ever_delay=no_delay,L1,ROOT,2241,952,0.11646586345381527,0.11764705882352941,0.5,0.2,0.3395483193277311,0.06611570247933884,0.4444444444444444,0.03571428571428571,0.01680672268907563,0.009453781512605041,True,952,15969,0.1172897488884714,0.5083333333333333,0.6570684523809524,global_default,f1_regret_bnd,-0.2818359781929301,-0.12475113588018794,-0.15708484231274217,True,ROOT,True,val,,,,,,,3,0.1172897488884714
L1_ever_delay=no_delay|L2_max_delay_bin=none,L2,L1_ever_delay=no_delay,2241,952,0.11289602855867917,0.10189075630252101,0.5,0.2,0.30567226890756305,0.0,0.0,0.0,0.0,0.0,True,952,15969,0.1172897488884714,0.5,0.6232893229637668,global_default,f1_regret_bnd,-0.30567226890756305,-0.2818359781929301,-0.023836290714632946,True,ROOT,True,val,,,,,,,3,0.1172897488884714
L1_ever_delay=has_delay,L1,ROOT,1200,522,0.43,0.42528735632183906,0.3,0.0,0.532088122605364,0.6170886075949367,0.47560975609756095,0.8783783783783784,0.21455938697318008,0.7854406130268199,False,522,8031,0.4278421118167102,0.4391891891891892,0.6416516516516517,global_default,f1_regret_bnd,-0.022279208497017353,-0.12475113588018794,0.10247192738317058,False,L1_ever_delay=has_delay,True,val,,,,,,,3,0.4278421118167102
L1_ever_delay=has_delay|L2_max_delay_bin=mild,L2,L1_ever_delay=has_delay,989,423,0.3993933265925177,0.39243498817966904,0.2,0.1,0.5555555555555556,0.5921787709497206,0.42857142857142855,0.9578313253012049,0.08747044917257683,0.8770685579196218,False,423,7073,0.4009614025166125,0.5061530167362055,0.5800712577938212,global_default,f1_regret_bnd,-0.007112009192123396,-0.022279208497017353,0.015167199304893957,False,L1_ever_delay=has_delay|L2_max_delay_bin=mild,True,val,,,,,,,3,0.4009614025166125
L1_ever_delay=no_delay|L2_max_delay_bin=none|L3_LIMIT_BAL=high_limit,L3,L1_ever_delay=no_delay|L2_max_delay_bin=none,4256,1795,0.09609962406015038,0.09693593314763231,0.5,0.3,0.284958217270195,0.02247191011235955,0.5,0.011494252873563218,0.0233983286908078,0.0022284122562674096,False,1795,6051,0.09634771112212857,0.4952597729512788,0.657047941174385,global_default,f1_regret_bnd,-0.27418547150323935,-0.30567226890756305,0.031486797404323696,False,L1_ever_delay=no_delay|L2_max_delay_bin=none|L3_LIMIT_BAL=high_limit,True,val,,1514.0,0.09313077939233817,0.0,0.001321003963011889,0.27427344782034346,3,0.09634771112212857
L1_ever_delay=no_delay|L2_max_delay_bin=none|L3_LIMIT_BAL=mid_limit,L3,L1_ever_delay=no_delay|L2_max_delay_bin=none,3630,1601,0.10798898071625344,0.11242973141786383,0.5,0.2,0.31964397251717674,0.0,0.0,0.0,0.08494690818238601,0.0,True,1601,5231,0.10934811699483846,0.4644616467276566,0.6531296426616624,global_default,f1_regret_bnd,-0.36211742660836976,-0.30567226890756305,-0.056445157700806714,True,ROOT,True,val,,1237.0,0.10913500404203719,0.0,0.0008084074373484236,0.3292239288601455,3,0.10934811699483846
L1_ever_delay=no_delay|L2_max_delay_bin=none|L3_LIMIT_BAL=low_limit,L3,L1_ever_delay=no_delay|L2_max_delay_bin=none,3320,1367,0.1578313253012048,0.14191660570592537,0.5,0.2,0.42044623262618874,0.0,0.0,0.0,0.23482077542062912,0.0,True,1367,4687,0.1531896735651803,0.38917306052855927,0.5726483332015011,global_default,f1_regret_bnd,-0.5378566203365033,-0.30567226890756305,-0.23218435142894023,True,ROOT,True,val,,1211.0,0.152766308835673,0.0,0.0008257638315441783,0.4395127993393889,3,0.1531896735651803
L1_ever_delay=has_delay|L2_max_delay_bin=mild|L3_LIMIT_BAL=low_limit,L3,L1_ever_delay=has_delay|L2_max_delay_bin=mild,2251,957,0.4540204353620613,0.45768025078369906,0.2,0.1,0.5292580982236155,0.6061135371179039,0.4908062234794908,0.7922374429223744,0.25287356321839083,0.7387669801462905,True,957,3208,0.4551122194513716,0.402862459418798,0.5626864095864017,global_default,f1_regret_bnd,-0.04958134271490694,-0.007112009192123396,-0.042469333522783544,True,L1_ever_delay=has_delay|L2_max_delay_bin=mild,True,val,L1_ever_delay=has_delay|L2_max_delay_bin=mild,836.0,0.41866028708133973,0.0,0.9401913875598086,0.5601076555023924,3,0.4551122194513716
L1_ever_delay=has_delay|L2_max_delay_bin=mild|L3_LIMIT_BAL=mid_limit,L3,L1_ever_delay=has_delay|L2_max_delay_bin=mild,1597,699,0.3769567939887289,0.39914163090128757,0.2,0.1,0.5550786838340487,0.568758344459279,0.4531914893617021,0.7634408602150538,0.32761087267525035,0.6723891273247496,True,699,2296,0.3837108013937282,0.3817204301075269,0.5951442225635774,global_default,f1_regret_bnd,-0.15012577571239488,-0.007112009192123396,-0.14301376652027148,True,L1_ever_delay=has_delay|L2_max_delay_bin=mild,True,val,L1_ever_delay=has_delay|L2_max_delay_bin=mild,583.0,0.411663807890223,0.0,0.8867924528301887,0.5544596912521441,3,0.3837108013937282
L1_ever_delay=has_delay|L2_max_delay_bin=mild|L3_LIMIT_BAL=high_limit,L3,L1_ever_delay=has_delay|L2_max_delay_bin=mild,1102,467,0.3157894736842105,0.3147751605995717,0.2,0.1,0.5230192719486081,0.34862385321100914,0.5352112676056338,0.2585034013605442,0.576017130620985,0.15203426124197003,True,467,1569,0.3154875717017208,0.2995642006802721,0.6607993197278912,global_default,f1_regret_bnd,-0.46240398404809147,-0.007112009192123396,-0.45529197485596806,True,L1_ever_delay=has_delay|L2_max_delay_bin=mild,True,val,L1_ever_delay=has_delay|L2_max_delay_bin=mild,384.0,0.328125,0.0,0.7473958333333334,0.59375,3,0.3154875717017208
L1_ever_delay=has_delay|L2_max_delay_bin=medium,L2,L1_ever_delay=has_delay,231,270,0.6753246753246753,0.5666666666666667,0.2,0.0,0.43148148148148147,0.7251184834123223,0.5687732342007435,1.0,0.003703703703703704,0.9962962962962963,False,270,812,0.625615763546798,0.5,0.5512541198815709,global_default,f1_regret_bnd,0.29178515007898903,-0.022279208497017353,0.3140643585760064,False,L1_ever_delay=has_delay|L2_max_delay_bin=medium,True,val,,,,,,,3,0.625615763546798
L1_ever_delay=has_delay|L2_max_delay_bin=medium|L3_LIMIT_BAL=low_limit,L3,L1_ever_delay=has_delay|L2_max_delay_bin=medium,388,195,0.6417525773195877,0.5538461538461539,0.2,0.0,0.44358974358974357,0.7152317880794702,0.5567010309278351,1.0,0.005128205128205128,0.9948717948717949,True,195,583,0.6123499142367067,0.5,0.5492762877820349,global_default,f1_regret_bnd,0.26907794192562406,0.29178515007898903,-0.022707208153364966,True,L1_ever_delay=has_delay|L2_max_delay_bin=medium,True,val,L1_ever_delay=has_delay|L2_max_delay_bin=medium,137.0,0.6131386861313869,0.0,1.0,0.38686131386861317,3,0.6123499142367067
L1_ever_delay=has_delay|L2_max_delay_bin=medium|L3_LIMIT_BAL=others,L3,L1_ever_delay=has_delay|L2_max_delay_bin=medium,154,75,0.6883116883116883,0.6,0.2,0.0,0.31986899563318777,0.8115942028985508,0.7216494845360825,0.9271523178807947,0.14410480349344978,0.8471615720524017,True,229,229,0.6593886462882096,0.47639667176091016,0.7687213448802853,global_default,f1_regret_bnd,,0.29178515007898903,,True,L1_ever_delay=has_delay|L2_max_delay_bin=medium,True,all,L1_ever_delay=has_delay|L2_max_delay_bin=medium,,,,,,3,0.6593886462882096
L1_ever_delay=has_delay|L2_max_delay_bin=others,L2,L1_ever_delay=has_delay,102,44,0.6274509803921569,0.6363636363636364,0.3,0.0,0.2688356164383562,0.855721393034826,0.7889908256880734,0.9347826086956522,0.1643835616438356,0.7465753424657534,True,146,146,0.6301369863013698,0.5785024154589372,0.8615136876006442,global_default,f1_regret_bnd,,-0.022279208497017353,,True,L1_ever_delay=has_delay,True,all,L1_ever_delay=has_delay,,,,,,3,0.6301369863013698
ROOT,L1,,3359,1439,0.2214944924084549,0.21334259902710215,0.4,0.2,0.43763029881862403,0.4518272425249169,0.4610169491525424,0.44299674267100975,0.18971507991660877,0.2050034746351633,False,1439,24000,0.22120833333333334,0.5593958978372717,0.7166828765783083,global_default,f1_regret_bnd,-0.08066059625201151,-0.4061458333333333,0.3254852370813218,False,ROOT,True,val,,,,,,,4,0.22120833333333334
L1_ever_delay=no_delay,L1,ROOT,2223,951,0.1214574898785425,0.11251314405888538,0.4,0.2,0.3291272344900105,0.0,0.0,0.0,0.12197686645636173,0.0,True,951,15878,0.11720619725406223,0.44549763033175355,0.6345838685387784,global_default,f1_regret_bnd,-0.3901156677181914,-0.08066059625201151,-0.3094550714661799,True,ROOT,True,val,,,,,,,4,0.11720619725406223
L1_ever_delay=no_delay|L2_max_delay_bin=none,L2,L1_ever_delay=no_delay,2222,950,0.12061206120612061,0.11263157894736842,0.5,0.2,0.3071052631578947,0.018518518518518517,1.0,0.009345794392523364,0.12421052631578948,0.0010526315789473684,False,950,15878,0.11720619725406223,0.4530714737087172,0.6668440482921476,global_default,f1_regret_bnd,-0.3506920077972709,-0.3901156677181914,0.039423659920920506,False,L1_ever_delay=no_delay|L2_max_delay_bin=none,True,val,,,,,,,4,0.11720619725406223
L1_ever_delay=has_delay,L1,ROOT,1214,527,0.44481054365733114,0.4269449715370019,0.4,0.2,0.5175521821631879,0.6083788706739526,0.5154320987654321,0.7422222222222222,0.35294117647058826,0.6148007590132827,True,527,8122,0.42452597882295,0.394289919058131,0.6586166298749081,global_default,f1_regret_bnd,-0.08564389972452943,-0.08066059625201151,-0.004983303472517922,True,ROOT,True,val,,,,,,,4,0.42452597882295
L1_ever_delay=has_delay|L2_max_delay_bin=mild,L2,L1_ever_delay=has_delay,999,428,0.3683683683683684,0.3691588785046729,0.4,0.2,0.5660046728971962,0.5053763440860214,0.4392523364485981,0.5949367088607594,0.45794392523364486,0.5,True,428,7145,0.3967809657102869,0.3252461322081575,0.5780825128926395,global_default,f1_regret_bnd,-0.28960029142799726,-0.08564389972452943,-0.20395639170346783,True,ROOT,True,val,,,,,,,4,0.3967809657102869
L1_ever_delay=no_delay|L2_max_delay_bin=none|L3_LIMIT_BAL=high_limit,L3,L1_ever_delay=no_delay|L2_max_delay_bin=none,4214,1803,0.09065021357380161,0.10260676650027732,0.7,0.2,0.28868552412645593,0.0,0.0,0.0,0.09595119245701608,0.0,False,1803,6017,0.09423300648163536,0.46013597033374537,0.6683793806167108,global_default,f1_regret_bnd,-0.336661120354964,-0.3506920077972709,0.014030887442306905,False,L1_ever_delay=no_delay|L2_max_delay_bin=none|L3_LIMIT_BAL=high_limit,True,val,,1548.0,0.10142118863049096,0.0,0.0,0.28875968992248063,4,0.09423300648163536
L1_ever_delay=no_delay|L2_max_delay_bin=none|L3_LIMIT_BAL=mid_limit,L3,L1_ever_delay=no_delay|L2_max_delay_bin=none,3554,1598,0.11170512099043331,0.10450563204005006,0.5,0.2,0.3017834793491865,0.0,0.0,0.0,0.10387984981226533,0.0,True,1598,5152,0.10947204968944099,0.4549266247379455,0.6637584370043978,global_default,f1_regret_bnd,-0.3537234042553191,-0.3506920077972709,-0.00303139645804823,True,L1_ever_delay=no_delay|L2_max_delay_bin=none,True,val,L1_ever_delay=no_delay|L2_max_delay_bin=none,1316.0,0.10866261398176291,0.0,0.003799392097264438,0.32617781155015196,4,0.10947204968944099
L1_ever_delay=no_delay|L2_max_delay_bin=none|L3_LIMIT_BAL=low_limit,L3,L1_ever_delay=no_delay|L2_max_delay_bin=none,3351,1358,0.1539838854073411,0.15758468335787923,0.5,0.2,0.4519513991163476,0.0,0.0,0.0,0.19734904270986744,0.0,True,1358,4709,0.15502229772775536,0.40865384615384615,0.5748276256453827,global_default,f1_regret_bnd,-0.5506259204712813,-0.3506920077972709,-0.19993391267401045,True,L1_ever_delay=no_delay|L2_max_delay_bin=none,True,val,L1_ever_delay=no_delay|L2_max_delay_bin=none,1189.0,0.1455004205214466,0.0,0.0008410428931875525,0.42830109335576116,4,0.15502229772775536
L1_ever_delay=has_delay|L2_max_delay_bin=mild|L3_LIMIT_BAL=low_limit,L3,L1_ever_delay=has_delay|L2_max_delay_bin=mild,2269,946,0.45041868664609963,0.41966173361522197,0.4,0.1,0.561046511627907,0.5605338417540515,0.450920245398773,0.7405541561712846,0.28752642706131076,0.6892177589852009,False,946,3215,0.4413685847589425,0.38667052070859315,0.568897881653384,global_default,f1_regret_bnd,-0.14427588340451084,-0.28960029142799726,0.14532440802348642,False,L1_ever_delay=has_delay|L2_max_delay_bin=mild|L3_LIMIT_BAL=low_limit,True,val,,829.0,0.47165259348612787,0.0,0.7189384800965019,0.5138721351025332,4,0.4413685847589425
L1_ever_delay=has_delay|L2_max_delay_bin=mild|L3_LIMIT_BAL=mid_limit,L3,L1_ever_delay=has_delay|L2_max_delay_bin=mild,1644,700,0.38746958637469586,0.40285714285714286,0.4,0.1,0.5110714285714286,0.5723793677204659,0.5391849529780565,0.6099290780141844,0.5157142857142857,0.45571428571428574,False,700,2344,0.39206484641638223,0.3276918117343649,0.6629933150089925,global_default,f1_regret_bnd,-0.19654920370810552,-0.28960029142799726,0.09305108771989173,False,L1_ever_delay=has_delay|L2_max_delay_bin=mild|L3_LIMIT_BAL=mid_limit,True,val,,535.0,0.3775700934579439,0.0,0.44299065420560746,0.5593457943925234,4,0.39206484641638223
L1_ever_delay=has_delay|L2_max_delay_bin=mild|L3_LIMIT_BAL=high_limit,L3,L1_ever_delay=has_delay|L2_max_delay_bin=mild,1090,496,0.3100917431192661,0.32056451612903225,0.4,0.2,0.5665322580645161,0.2535211267605634,0.5,0.16981132075471697,0.625,0.10887096774193548,True,496,1586,0.3133669609079445,0.24514304910139412,0.6237052796595935,global_default,f1_regret_bnd,-0.6255111313039527,-0.28960029142799726,-0.3359108398759555,True,ROOT,True,val,,367.0,0.33787465940054495,0.0,0.23433242506811988,0.5790190735694822,4,0.3133669609079445
L1_ever_delay=has_delay|L2_max_delay_bin=medium,L2,L1_ever_delay=has_delay,248,250,0.6370967741935484,0.64,0.1,0.0,0.36,0.7804878048780487,0.64,1.0,0.0,1.0,False,250,829,0.6248492159227985,0.5,0.5041666666666667,global_default,f1_regret_bnd,0.4204878048780487,-0.08564389972452943,0.5061317046025782,False,L1_ever_delay=has_delay|L2_max_delay_bin=medium,True,val,,,,,,,4,0.6248492159227985
L1_ever_delay=has_delay|L2_max_delay_bin=medium|L3_LIMIT_BAL=low_limit,L3,L1_ever_delay=has_delay|L2_max_delay_bin=medium,413,179,0.5980629539951574,0.6368715083798883,0.1,0.0,0.3575418994413408,0.7832167832167831,0.6511627906976745,0.9824561403508771,0.03910614525139665,0.9608938547486033,True,179,592,0.6097972972972973,0.49122807017543857,0.5395411605937921,global_default,f1_regret_bnd,0.406121811149744,0.4204878048780487,-0.014365993728304716,True,L1_ever_delay=has_delay|L2_max_delay_bin=medium,True,val,L1_ever_delay=has_delay|L2_max_delay_bin=medium,128.0,0.625,0.0,1.0,0.375,4,0.6097972972972973
L1_ever_delay=has_delay|L2_max_delay_bin=medium|L3_LIMIT_BAL=others,L3,L1_ever_delay=has_delay|L2_max_delay_bin=medium,166,71,0.6686746987951807,0.647887323943662,0.1,0.0,0.3090717299578059,0.8208092485549132,0.7513227513227513,0.9044585987261147,0.189873417721519,0.7974683544303798,True,237,237,0.6624472573839663,0.4709792993630573,0.7730095541401273,global_default,f1_regret_bnd,,0.4204878048780487,,True,L1_ever_delay=has_delay|L2_max_delay_bin=medium,True,all,L1_ever_delay=has_delay|L2_max_delay_bin=medium,,,,,,4,0.6624472573839663
L1_ever_delay=has_delay|L2_max_delay_bin=others,L2,L1_ever_delay=has_delay,99,49,0.6666666666666666,0.5918367346938775,0.4,0.2,0.2989864864864865,0.8400000000000001,0.8,0.8842105263157894,0.20270270270270271,0.7094594594594594,True,148,148,0.6418918918918919,0.5458788480635551,0.8425024826216485,global_default,f1_regret_bnd,,-0.08564389972452943,,True,ROOT,True,all,,,,,,,4,0.6418918918918919
ROOT,L1,,3360,1440,0.20625,0.21805555555555556,0.4,0.2,0.3888888888888889,0.5051194539249146,0.5441176470588235,0.4713375796178344,0.20416666666666666,0.18888888888888888,False,1440,24000,0.22120833333333334,0.5838037809279225,0.7664609519068682,global_default,f1_regret_bnd,0.014147231702692414,-0.39739583333333334,0.4115430650360258,False,ROOT,True,val,,,,,,,5,0.22120833333333334
L1_ever_delay=no_delay,L1,ROOT,2237,955,0.10996870809119356,0.10261780104712041,0.4,0.2,0.29842931937172773,0.0,0.0,0.0,0.027225130890052355,0.0,True,955,15960,0.11647869674185464,0.4894982497082847,0.638796942347534,global_default,f1_regret_bnd,-0.31204188481675393,0.014147231702692414,-0.3261891165194464,True,ROOT,True,val,,,,,,,5,0.11647869674185464
L1_ever_delay=no_delay|L2_max_delay_bin=none,L2,L1_ever_delay=no_delay,2236,954,0.1283542039355993,0.10796645702306079,0.4,0.2,0.3238993710691824,0.0,0.0,0.0,0.0,0.0,True,954,15960,0.11647869674185464,0.5,0.6132705098513456,global_default,f1_regret_bnd,-0.3238993710691824,-0.31204188481675393,-0.01185748625242844,True,ROOT,True,val,,,,,,,5,0.11647869674185464
L1_ever_delay=has_delay,L1,ROOT,1208,522,0.4271523178807947,0.4425287356321839,0.4,0.2,0.5023946360153256,0.6203007518796992,0.5481727574750831,0.7142857142857143,0.4099616858237548,0.5766283524904214,True,522,8040,0.4291044776119403,0.36745213549337263,0.6684815756980705,global_default,f1_regret_bnd,-0.0870747270475038,0.014147231702692414,-0.10122195875019621,True,ROOT,True,val,,,,,,,5,0.4291044776119403
L1_ever_delay=has_delay|L2_max_delay_bin=mild,L2,L1_ever_delay=has_delay,988,427,0.3937246963562753,0.41217798594847777,0.4,0.2,0.4959016393442623,0.5757575757575757,0.5181818181818182,0.6477272727272727,0.3325526932084309,0.5152224824355972,False,427,7091,0.4019179241291778,0.43940148496921405,0.6481120970662804,global_default,f1_regret_bnd,-0.08642041019090205,-0.0870747270475038,0.0006543168566017499,False,L1_ever_delay=has_delay|L2_max_delay_bin=mild,True,val,,,,,,,5,0.4019179241291778
L1_ever_delay=no_delay|L2_max_delay_bin=none|L3_LIMIT_BAL=high_limit,L3,L1_ever_delay=no_delay|L2_max_delay_bin=none,4268,1795,0.09161199625117152,0.10584958217270195,0.4,0.2,0.3064066852367688,0.0,0.0,0.0,0.10027855153203342,0.0,True,1795,6063,0.09582714827643081,0.45638629283489096,0.642475815707493,global_default,f1_regret_bnd,-0.3565459610027855,-0.3238993710691824,-0.03264658993360314,True,ROOT,True,val,,1502.0,0.0952063914780293,0.0,0.012649800266311585,0.2801264980026631,5,0.09582714827643081
L1_ever_delay=no_delay|L2_max_delay_bin=none|L3_LIMIT_BAL=mid_limit,L3,L1_ever_delay=no_delay|L2_max_delay_bin=none,3625,1539,0.11448275862068966,0.096816114359974,0.6,0.5,0.290448343079922,0.0,0.0,0.0,0.0,0.0,False,1539,5164,0.10921766072811774,0.5,0.6243155810921732,global_default,f1_regret_bnd,-0.290448343079922,-0.3238993710691824,0.03345102798926036,False,L1_ever_delay=no_delay|L2_max_delay_bin=none|L3_LIMIT_BAL=mid_limit,True,val,,1304.0,0.10966257668711657,0.0,0.0,0.3289877300613497,5,0.10921766072811774
L1_ever_delay=no_delay|L2_max_delay_bin=none|L3_LIMIT_BAL=low_limit,L3,L1_ever_delay=no_delay|L2_max_delay_bin=none,3292,1441,0.15157958687727824,0.14920194309507287,0.4,0.2,0.4347675225537821,0.0,0.0,0.0,0.20333102012491325,0.0,True,1441,4733,0.15085569406296218,0.4049755301794454,0.5796084828711257,global_default,f1_regret_bnd,-0.5364330326162388,-0.3238993710691824,-0.21253366154705639,True,ROOT,True,val,,1165.0,0.16223175965665235,0.0,0.0008583690987124463,0.47360515021459226,5,0.15085569406296218
L1_ever_delay=has_delay|L2_max_delay_bin=mild|L3_LIMIT_BAL=low_limit,L3,L1_ever_delay=has_delay|L2_max_delay_bin=mild,2256,999,0.44193262411347517,0.46546546546546547,0.3,0.1,0.512012012012012,0.6429112964366945,0.4964871194379391,0.9118279569892473,0.13713713713713713,0.8548548548548549,False,999,3255,0.44915514592933947,0.46246828561072856,0.5891949579155088,global_default,f1_regret_bnd,0.06233071585611401,-0.08642041019090205,0.14875112604701607,False,L1_ever_delay=has_delay|L2_max_delay_bin=mild|L3_LIMIT_BAL=low_limit,True,val,,789.0,0.44106463878326996,0.0,0.8795944233206591,0.5370722433460076,5,0.44915514592933947
L1_ever_delay=has_delay|L2_max_delay_bin=mild|L3_LIMIT_BAL=mid_limit,L3,L1_ever_delay=has_delay|L2_max_delay_bin=mild,1604,665,0.3958852867830424,0.3744360902255639,0.4,0.2,0.5345864661654135,0.5214285714285715,0.4694533762057878,0.5863453815261044,0.4045112781954887,0.46766917293233085,True,665,2269,0.3895989422653151,0.3821149984553599,0.6261488260735248,global_default,f1_regret_bnd,-0.2154135338345864,-0.08642041019090205,-0.12899312364368434,True,L1_ever_delay=has_delay|L2_max_delay_bin=mild,True,val,L1_ever_delay=has_delay|L2_max_delay_bin=mild,610.0,0.3885245901639344,0.0,0.4934426229508197,0.5450819672131147,5,0.3895989422653151
L1_ever_delay=has_delay|L2_max_delay_bin=mild|L3_LIMIT_BAL=high_limit,L3,L1_ever_delay=has_delay|L2_max_delay_bin=mild,1088,479,0.32628676470588236,0.31106471816283926,0.4,0.2,0.5010438413361169,0.4140625,0.4953271028037383,0.35570469798657717,0.4697286012526096,0.22338204592901878,True,479,1567,0.32163369495851946,0.37330689444783405,0.6989831197884889,global_default,f1_regret_bnd,-0.3218456419624217,-0.08642041019090205,-0.23542523177151967,True,L1_ever_delay=has_delay|L2_max_delay_bin=mild,True,val,L1_ever_delay=has_delay|L2_max_delay_bin=mild,386.0,0.30310880829015546,0.0,0.2538860103626943,0.5906735751295337,5,0.32163369495851946
L1_ever_delay=has_delay|L2_max_delay_bin=medium,L2,L1_ever_delay=has_delay,243,235,0.6748971193415638,0.6127659574468085,0.4,0.0,0.3829787234042553,0.7629427792915531,0.6278026905829597,0.9722222222222222,0.05106382978723404,0.948936170212766,False,235,794,0.6322418136020151,0.4861111111111111,0.5708180708180708,global_default,f1_regret_bnd,0.35443214099368076,-0.0870747270475038,0.44150686804118455,False,L1_ever_delay=has_delay|L2_max_delay_bin=medium,True,val,,,,,,,5,0.6322418136020151
L1_ever_delay=has_delay|L2_max_delay_bin=medium|L3_LIMIT_BAL=low_limit,L3,L1_ever_delay=has_delay|L2_max_delay_bin=medium,395,166,0.6227848101265823,0.608433734939759,0.1,0.0,0.39156626506024095,0.7565543071161048,0.608433734939759,1.0,0.0,1.0,False,166,561,0.6185383244206774,0.5,0.5600913937547601,global_default,f1_regret_bnd,0.3649880420558639,0.35443214099368076,0.010555901062183126,False,L1_ever_delay=has_delay|L2_max_delay_bin=medium|L3_LIMIT_BAL=low_limit,True,val,,159.0,0.5911949685534591,0.0,1.0,0.4088050314465409,5,0.6185383244206774
L1_ever_delay=has_delay|L2_max_delay_bin=medium|L3_LIMIT_BAL=others,L3,L1_ever_delay=has_delay|L2_max_delay_bin=medium,164,69,0.6829268292682927,0.6231884057971014,0.4,0.0,0.2875536480686695,0.8352941176470587,0.7675675675675676,0.9161290322580645,0.1072961373390558,0.7939914163090128,True,233,233,0.6652360515021459,0.5862696443341604,0.7914805624483043,global_default,f1_regret_bnd,,0.35443214099368076,,True,L1_ever_delay=has_delay|L2_max_delay_bin=medium,True,all,L1_ever_delay=has_delay|L2_max_delay_bin=medium,,,,,,5,0.6652360515021459
L1_ever_delay=has_delay|L2_max_delay_bin=others,L2,L1_ever_delay=has_delay,108,47,0.6111111111111112,0.6808510638297872,0.4,0.2,0.24838709677419354,0.8571428571428571,0.8035714285714286,0.9183673469387755,0.11612903225806452,0.7225806451612903,True,155,155,0.632258064516129,0.6609380594343001,0.8938417472252058,global_default,f1_regret_bnd,,-0.0870747270475038,,True,ROOT,True,all,,,,,,,5,0.632258064516129
