bucket_id,layer,parent_bucket_id,n_train,n_val,pos_rate_train,pos_rate_val,alpha,beta,regret_val,F1_val,Precision_val,Recall_val,BND_ratio_val,pos_coverage_val,threshold_n_samples,use_parent_threshold,parent_with_threshold,score_metric,score_value,parent_score_value,gain_value,threshold_source_bucket,is_weak,fold
ROOT,L1,,5474,2345,0.10595542564852027,0.09680170575692963,0.4,0.2,0.25970149253731345,0.3978779840848806,0.5,0.3303964757709251,0.10831556503198295,0.06396588486140725,2345,False,,f1_regret_bnd,0.0840187090315757,-0.2578184916915211,0.3418372007230968,ROOT,False,1
L1_neighbourhood_group=bronx,L1,ROOT,141,61,0.014184397163120567,0.01639344262295082,0.4,0.2,0.06557377049180328,0.0,0.0,0.0,0.0,0.0,61,True,,f1_regret_bnd,-0.06557377049180328,0.0840187090315757,-0.14959247952337898,ROOT,True,1
L1_neighbourhood_group=brooklyn,L1,ROOT,2232,967,0.07123655913978495,0.0734229576008273,0.2,0.1,0.19751809720785937,0.45390070921985815,0.45714285714285713,0.4507042253521127,0.11168562564632885,0.07238883143743537,967,False,,f1_regret_bnd,0.20053979918883433,0.0840187090315757,0.11652109015725863,L1_neighbourhood_group=brooklyn,False,1
L1_neighbourhood_group=manhattan,L1,ROOT,2435,1036,0.17371663244353183,0.17277992277992277,0.4,0.2,0.3735521235521235,0.5153374233128835,0.5714285714285714,0.4692737430167598,0.18725868725868725,0.14189189189189189,1036,True,,f1_regret_bnd,0.04815595613141631,0.0840187090315757,-0.03586275290015939,ROOT,True,1
L1_neighbourhood_group=queens,L1,ROOT,643,309,0.03421461897356143,0.032362459546925564,0.4,0.2,0.12459546925566344,0.15384615384615383,0.3333333333333333,0.1,0.061488673139158574,0.009708737864077669,309,True,,f1_regret_bnd,-0.0014936519790888954,0.0840187090315757,-0.08551236101066459,ROOT,True,1
L1_neighbourhood_group=staten_island,L1,ROOT,204,92,0.049019607843137254,0.043478260869565216,0.4,0.2,0.17391304347826086,0.0,0.0,0.0,0.0,0.0,92,True,,f1_regret_bnd,-0.17391304347826086,0.0840187090315757,-0.2579317525098366,ROOT,True,1
L1_neighbourhood_group=bronx|L2_room_type=entire_home,L2,L1_neighbourhood_group=bronx,212,86,0.06132075471698113,0.10465116279069768,0.4,0.2,0.3081395348837209,0.19999999999999998,1.0,0.1111111111111111,0.1511627906976744,0.011627906976744186,86,True,,f1_regret_bnd,-0.18372093023255814,-0.06557377049180328,-0.11814715974075486,ROOT,True,1
L1_neighbourhood_group=bronx|L2_room_type=private_room,L2,L1_neighbourhood_group=bronx,72,51,0.027777777777777776,0.0,0.4,0.2,,,,,,,0,True,,f1_regret_bnd,,-0.06557377049180328,,ROOT,True,1
L1_neighbourhood_group=bronx|L2_room_type=others,L2,L1_neighbourhood_group=bronx,27,14,0.0,0.07142857142857142,0.4,0.2,,,,,,,0,True,,f1_regret_bnd,,-0.06557377049180328,,ROOT,True,1
L1_neighbourhood_group=brooklyn|L2_room_type=entire_home,L2,L1_neighbourhood_group=brooklyn,1060,459,0.1169811320754717,0.1111111111111111,0.2,0.1,0.35294117647058826,0.2295081967213115,0.7,0.13725490196078433,0.14814814814814814,0.02178649237472767,459,True,L1_neighbourhood_group=brooklyn,f1_regret_bnd,-0.19750705382335082,0.20053979918883433,-0.3980468530121851,L1_neighbourhood_group=brooklyn,True,1
L1_neighbourhood_group=brooklyn|L2_room_type=private_room,L2,L1_neighbourhood_group=brooklyn,1124,488,0.006227758007117438,0.00819672131147541,0.2,0.1,0.03278688524590164,0.0,0.0,0.0,0.0,0.0,488,True,L1_neighbourhood_group=brooklyn,f1_regret_bnd,-0.03278688524590164,0.20053979918883433,-0.23332668443473598,L1_neighbourhood_group=brooklyn,True,1
L1_neighbourhood_group=brooklyn|L2_room_type=shared_room,L2,L1_neighbourhood_group=brooklyn,244,90,0.004098360655737705,0.011111111111111112,0.2,0.1,0.044444444444444446,0.0,0.0,0.0,0.0,0.0,90,True,L1_neighbourhood_group=brooklyn,f1_regret_bnd,-0.044444444444444446,0.20053979918883433,-0.24498424363327878,L1_neighbourhood_group=brooklyn,True,1
L1_neighbourhood_group=manhattan|L2_room_type=entire_home,L2,L1_neighbourhood_group=manhattan,1481,636,0.2451046590141796,0.2720125786163522,0.4,0.2,0.5267295597484277,0.5721649484536082,0.5162790697674419,0.6416184971098265,0.4276729559748428,0.3380503144654088,636,True,,f1_regret_bnd,-0.1684010892822409,0.04815595613141631,-0.21655704541365722,ROOT,True,1
L1_neighbourhood_group=manhattan|L2_room_type=private_room,L2,L1_neighbourhood_group=manhattan,903,374,0.048726467331118496,0.0374331550802139,0.4,0.2,0.10695187165775401,0.36363636363636365,0.5,0.2857142857142857,0.026737967914438502,0.0213903743315508,374,False,,f1_regret_bnd,0.2433155080213904,0.04815595613141631,0.19515955188997408,L1_neighbourhood_group=manhattan|L2_room_type=private_room,False,1
L1_neighbourhood_group=manhattan|L2_room_type=shared_room,L2,L1_neighbourhood_group=manhattan,254,124,0.047244094488188976,0.024193548387096774,0.4,0.2,0.0967741935483871,0.0,0.0,0.0,0.0,0.0,124,True,,f1_regret_bnd,-0.0967741935483871,0.04815595613141631,-0.1449301496798034,ROOT,True,1
L1_neighbourhood_group=queens|L2_room_type=entire_home,L2,L1_neighbourhood_group=queens,240,100,0.075,0.07,0.4,0.3,0.195,0.36363636363636365,0.5,0.2857142857142857,0.01,0.04,100,False,,f1_regret_bnd,0.16363636363636364,-0.0014936519790888954,0.16513001561545254,L1_neighbourhood_group=queens|L2_room_type=entire_home,False,1
L1_neighbourhood_group=queens|L2_room_type=private_room,L2,L1_neighbourhood_group=queens,381,162,0.010498687664041995,0.0,0.4,0.2,,,,,,,0,True,,f1_regret_bnd,,-0.0014936519790888954,,ROOT,True,1
L1_neighbourhood_group=queens|L2_room_type=shared_room,L2,L1_neighbourhood_group=queens,61,45,0.01639344262295082,0.022222222222222223,0.4,0.2,0.08888888888888889,0.0,0.0,0.0,0.0,0.0,45,True,,f1_regret_bnd,-0.08888888888888889,-0.0014936519790888954,-0.0873952369098,ROOT,True,1
L1_neighbourhood_group=staten_island|L2_room_type=entire_home,L2,L1_neighbourhood_group=staten_island,56,41,0.10714285714285714,0.07317073170731707,0.4,0.2,0.2926829268292683,0.0,0.0,0.0,0.0,0.0,41,True,,f1_regret_bnd,-0.2926829268292683,-0.17391304347826086,-0.11876988335100741,ROOT,True,1
L1_neighbourhood_group=staten_island|L2_room_type=private_room,L2,L1_neighbourhood_group=staten_island,53,46,0.0,0.021739130434782608,0.4,0.3,0.08695652173913043,0.0,0.0,0.0,0.0,0.0,46,False,,f1_regret_bnd,-0.08695652173913043,-0.17391304347826086,0.08695652173913043,L1_neighbourhood_group=staten_island|L2_room_type=private_room,False,1
L1_neighbourhood_group=staten_island|L2_room_type=others,L2,L1_neighbourhood_group=staten_island,3,5,0.0,0.0,0.4,0.2,,,,,,,0,True,,f1_regret_bnd,,-0.17391304347826086,,ROOT,True,1
L1_neighbourhood_group=bronx|L2_room_type=entire_home|L3_availability_365=long_term,L3,L1_neighbourhood_group=bronx|L2_room_type=entire_home,78,37,0.10256410256410256,0.08108108108108109,0.4,0.2,0.2702702702702703,0.0,0.0,0.0,0.05405405405405406,0.0,37,True,,f1_regret_bnd,-0.2972972972972973,-0.18372093023255814,-0.11357636706473917,ROOT,True,1
L1_neighbourhood_group=bronx|L2_room_type=entire_home|L3_availability_365=mid_term,L3,L1_neighbourhood_group=bronx|L2_room_type=entire_home,77,29,0.03896103896103896,0.1724137931034483,0.2,0.1,0.43103448275862066,0.5454545454545454,0.5,0.6,0.10344827586206896,0.20689655172413793,29,False,,f1_regret_bnd,0.06269592476489028,-0.18372093023255814,0.24641685499744842,L1_neighbourhood_group=bronx|L2_room_type=entire_home|L3_availability_365=mid_term,False,1
L1_neighbourhood_group=bronx|L2_room_type=entire_home|L3_availability_365=rare,L3,L1_neighbourhood_group=bronx|L2_room_type=entire_home,57,20,0.03508771929824561,0.05,0.4,0.2,0.2,0.0,0.0,0.0,0.0,0.0,20,True,,f1_regret_bnd,-0.2,-0.18372093023255814,-0.016279069767441867,ROOT,True,1
L1_neighbourhood_group=bronx|L2_room_type=private_room|L3_availability_365=long_term,L3,L1_neighbourhood_group=bronx|L2_room_type=private_room,156,64,0.01282051282051282,0.015625,0.4,0.2,0.0625,0.0,0.0,0.0,0.0,0.0,64,False,,f1_regret_bnd,-0.0625,-0.2578184916915211,0.1953184916915211,L1_neighbourhood_group=bronx|L2_room_type=private_room|L3_availability_365=long_term,False,1
L1_neighbourhood_group=bronx|L2_room_type=private_room|L3_availability_365=mid_term,L3,L1_neighbourhood_group=bronx|L2_room_type=private_room,127,61,0.007874015748031496,0.0,0.4,0.2,,,,,,,0,True,,f1_regret_bnd,,-0.2578184916915211,,ROOT,True,1
L1_neighbourhood_group=bronx|L2_room_type=private_room|L3_availability_365=rare,L3,L1_neighbourhood_group=bronx|L2_room_type=private_room,80,27,0.0125,0.0,0.4,0.2,,,,,,,0,True,,f1_regret_bnd,,-0.2578184916915211,,ROOT,True,1
L1_neighbourhood_group=brooklyn|L2_room_type=entire_home|L3_availability_365=long_term,L3,L1_neighbourhood_group=brooklyn|L2_room_type=entire_home,1346,607,0.1775631500742942,0.1416803953871499,0.4,0.2,0.36655683690280066,0.43137254901960786,0.4925373134328358,0.38372093023255816,0.18945634266886327,0.11037891268533773,607,False,,f1_regret_bnd,-0.029912459217624435,-0.19750705382335082,0.1675945946057264,L1_neighbourhood_group=brooklyn|L2_room_type=entire_home|L3_availability_365=long_term,False,1
L1_neighbourhood_group=brooklyn|L2_room_type=entire_home|L3_availability_365=mid_term,L3,L1_neighbourhood_group=brooklyn|L2_room_type=entire_home,1260,532,0.13253968253968254,0.10526315789473684,0.2,0.1,0.337406015037594,0.1791044776119403,0.5454545454545454,0.10714285714285714,0.16353383458646617,0.020676691729323307,532,True,L1_neighbourhood_group=brooklyn,f1_regret_bnd,-0.24006845471888677,-0.19750705382335082,-0.04256140089553595,L1_neighbourhood_group=brooklyn,True,1
L1_neighbourhood_group=brooklyn|L2_room_type=entire_home|L3_availability_365=rare,L3,L1_neighbourhood_group=brooklyn|L2_room_type=entire_home,2697,1160,0.08045977011494253,0.09310344827586207,0.2,0.1,0.34913793103448276,0.05357142857142857,0.75,0.027777777777777776,0.05517241379310345,0.0034482758620689655,1160,True,L1_neighbourhood_group=brooklyn,f1_regret_bnd,-0.32315270935960594,-0.19750705382335082,-0.12564565553625512,L1_neighbourhood_group=brooklyn,True,1
L1_neighbourhood_group=brooklyn|L2_room_type=private_room|L3_availability_365=long_term,L3,L1_neighbourhood_group=brooklyn|L2_room_type=private_room,1395,594,0.008602150537634409,0.008417508417508417,0.2,0.1,0.03198653198653199,0.0,0.0,0.0,0.006734006734006734,0.0,594,True,L1_neighbourhood_group=brooklyn,f1_regret_bnd,-0.03535353535353535,-0.03278688524590164,-0.002566650107633711,L1_neighbourhood_group=brooklyn,True,1
L1_neighbourhood_group=brooklyn|L2_room_type=private_room|L3_availability_365=mid_term,L3,L1_neighbourhood_group=brooklyn|L2_room_type=private_room,1351,604,0.013323464100666173,0.019867549668874173,0.2,0.1,0.07947019867549669,0.0,0.0,0.0,0.0,0.0,604,True,L1_neighbourhood_group=brooklyn,f1_regret_bnd,-0.07947019867549669,-0.03278688524590164,-0.04668331342959505,L1_neighbourhood_group=brooklyn,True,1
L1_neighbourhood_group=brooklyn|L2_room_type=private_room|L3_availability_365=rare,L3,L1_neighbourhood_group=brooklyn|L2_room_type=private_room,2875,1253,0.0052173913043478265,0.007182761372705506,0.4,0.2,0.028731045490822026,0.0,0.0,0.0,0.0,0.0,1253,False,,f1_regret_bnd,-0.028731045490822026,-0.03278688524590164,0.0040558397550796155,L1_neighbourhood_group=brooklyn|L2_room_type=private_room|L3_availability_365=rare,False,1
L1_neighbourhood_group=brooklyn|L2_room_type=shared_room|L3_availability_365=long_term,L3,L1_neighbourhood_group=brooklyn|L2_room_type=shared_room,108,38,0.0,0.0,0.2,0.1,,,,,,,0,True,L1_neighbourhood_group=brooklyn,f1_regret_bnd,,-0.044444444444444446,,L1_neighbourhood_group=brooklyn,True,1
L1_neighbourhood_group=brooklyn|L2_room_type=shared_room|L3_availability_365=mid_term,L3,L1_neighbourhood_group=brooklyn|L2_room_type=shared_room,55,24,0.0,0.0,0.2,0.1,,,,,,,0,True,L1_neighbourhood_group=brooklyn,f1_regret_bnd,,-0.044444444444444446,,L1_neighbourhood_group=brooklyn,True,1
L1_neighbourhood_group=brooklyn|L2_room_type=shared_room|L3_availability_365=rare,L3,L1_neighbourhood_group=brooklyn|L2_room_type=shared_room,81,28,0.012345679012345678,0.03571428571428571,0.2,0.1,0.14285714285714285,0.0,0.0,0.0,0.0,0.0,28,True,L1_neighbourhood_group=brooklyn,f1_regret_bnd,-0.14285714285714285,-0.044444444444444446,-0.0984126984126984,L1_neighbourhood_group=brooklyn,True,1
L1_neighbourhood_group=manhattan|L2_room_type=entire_home|L3_availability_365=long_term,L3,L1_neighbourhood_group=manhattan|L2_room_type=entire_home,2401,1030,0.334027488546439,0.3446601941747573,0.2,0.1,0.545631067961165,0.6029850746268657,0.46615384615384614,0.8535211267605634,0.21165048543689322,0.6310679611650486,1030,False,,f1_regret_bnd,-0.048471236052745933,-0.1684010892822409,0.11992985322949497,L1_neighbourhood_group=manhattan|L2_room_type=entire_home|L3_availability_365=long_term,False,1
L1_neighbourhood_group=manhattan|L2_room_type=entire_home|L3_availability_365=mid_term,L3,L1_neighbourhood_group=manhattan|L2_room_type=entire_home,1460,648,0.29041095890410956,0.32253086419753085,0.2,0.1,0.5069444444444444,0.5935483870967743,0.44768856447688565,0.8803827751196173,0.18981481481481483,0.6342592592592593,648,False,,f1_regret_bnd,-0.008303464755077566,-0.1684010892822409,0.16009762452716333,L1_neighbourhood_group=manhattan|L2_room_type=entire_home|L3_availability_365=mid_term,False,1
L1_neighbourhood_group=manhattan|L2_room_type=entire_home|L3_availability_365=rare,L3,L1_neighbourhood_group=manhattan|L2_room_type=entire_home,3548,1507,0.1798196166854566,0.1678832116788321,0.4,0.2,0.4794293297942933,0.31728045325779036,0.56,0.22134387351778656,0.28069011280690115,0.06635700066357,1507,True,,f1_regret_bnd,-0.3024939329399535,-0.1684010892822409,-0.13409284365771262,ROOT,True,1
L1_neighbourhood_group=manhattan|L2_room_type=private_room|L3_availability_365=long_term,L3,L1_neighbourhood_group=manhattan|L2_room_type=private_room,1134,491,0.08994708994708994,0.08757637474541752,0.4,0.2,0.21792260692464357,0.4888888888888889,0.46808510638297873,0.5116279069767442,0.10183299389002037,0.09572301425661914,491,True,L1_neighbourhood_group=manhattan|L2_room_type=private_room,f1_regret_bnd,0.22004978501923514,0.2433155080213904,-0.023265723002155264,L1_neighbourhood_group=manhattan|L2_room_type=private_room,True,1
L1_neighbourhood_group=manhattan|L2_room_type=private_room|L3_availability_365=mid_term,L3,L1_neighbourhood_group=manhattan|L2_room_type=private_room,1078,448,0.030612244897959183,0.03794642857142857,0.4,0.2,0.1015625,0.4347826086956522,0.8333333333333334,0.29411764705882354,0.011160714285714286,0.013392857142857142,448,False,,f1_regret_bnd,0.32763975155279507,0.2433155080213904,0.08432424353140466,L1_neighbourhood_group=manhattan|L2_room_type=private_room|L3_availability_365=mid_term,False,1
L1_neighbourhood_group=manhattan|L2_room_type=private_room|L3_availability_365=rare,L3,L1_neighbourhood_group=manhattan|L2_room_type=private_room,2310,936,0.025974025974025976,0.022435897435897436,0.2,0.1,0.06463675213675214,0.4444444444444444,0.5333333333333333,0.38095238095238093,0.016025641025641024,0.016025641025641024,936,False,,f1_regret_bnd,0.3717948717948718,0.2433155080213904,0.1284793637734814,L1_neighbourhood_group=manhattan|L2_room_type=private_room|L3_availability_365=rare,False,1
L1_neighbourhood_group=manhattan|L2_room_type=shared_room|L3_availability_365=long_term,L3,L1_neighbourhood_group=manhattan|L2_room_type=shared_room,87,50,0.022988505747126436,0.04,0.4,0.2,0.16,0.0,0.0,0.0,0.0,0.0,50,True,,f1_regret_bnd,-0.16,-0.0967741935483871,-0.06322580645161291,ROOT,True,1
L1_neighbourhood_group=manhattan|L2_room_type=shared_room|L3_availability_365=mid_term,L3,L1_neighbourhood_group=manhattan|L2_room_type=shared_room,53,25,0.09433962264150944,0.0,0.4,0.2,,,,,,,0,True,,f1_regret_bnd,,-0.0967741935483871,,ROOT,True,1
L1_neighbourhood_group=manhattan|L2_room_type=shared_room|L3_availability_365=rare,L3,L1_neighbourhood_group=manhattan|L2_room_type=shared_room,114,49,0.043859649122807015,0.02040816326530612,0.4,0.3,0.08163265306122448,0.0,0.0,0.0,0.0,0.0,49,False,,f1_regret_bnd,-0.08163265306122448,-0.0967741935483871,0.01514154048716261,L1_neighbourhood_group=manhattan|L2_room_type=shared_room|L3_availability_365=rare,False,1
L1_neighbourhood_group=queens|L2_room_type=entire_home|L3_availability_365=long_term,L3,L1_neighbourhood_group=queens|L2_room_type=entire_home,395,180,0.14936708860759493,0.13333333333333333,0.4,0.3,0.43333333333333335,0.30303030303030304,0.5555555555555556,0.20833333333333334,0.34444444444444444,0.05,180,True,L1_neighbourhood_group=queens|L2_room_type=entire_home,f1_regret_bnd,-0.30252525252525253,0.16363636363636364,-0.46616161616161617,L1_neighbourhood_group=queens|L2_room_type=entire_home,True,1
L1_neighbourhood_group=queens|L2_room_type=entire_home|L3_availability_365=mid_term,L3,L1_neighbourhood_group=queens|L2_room_type=entire_home,389,144,0.061696658097686374,0.04861111111111111,0.4,0.3,0.19444444444444445,0.0,0.0,0.0,0.0,0.0,144,True,L1_neighbourhood_group=queens|L2_room_type=entire_home,f1_regret_bnd,-0.19444444444444445,0.16363636363636364,-0.3580808080808081,L1_neighbourhood_group=queens|L2_room_type=entire_home,True,1
L1_neighbourhood_group=queens|L2_room_type=entire_home|L3_availability_365=rare,L3,L1_neighbourhood_group=queens|L2_room_type=entire_home,422,182,0.02843601895734597,0.02197802197802198,0.4,0.3,0.08241758241758242,0.0,0.0,0.0,0.02197802197802198,0.0,182,True,L1_neighbourhood_group=queens|L2_room_type=entire_home,f1_regret_bnd,-0.09340659340659341,0.16363636363636364,-0.25704295704295704,L1_neighbourhood_group=queens|L2_room_type=entire_home,True,1
L1_neighbourhood_group=queens|L2_room_type=private_room|L3_availability_365=long_term,L3,L1_neighbourhood_group=queens|L2_room_type=private_room,687,318,0.008733624454148471,0.006289308176100629,0.2,0.1,0.025157232704402517,0.0,0.0,0.0,0.0,0.0,318,False,,f1_regret_bnd,-0.025157232704402517,-0.2578184916915211,0.2326612589871186,L1_neighbourhood_group=queens|L2_room_type=private_room|L3_availability_365=long_term,False,1
L1_neighbourhood_group=queens|L2_room_type=private_room|L3_availability_365=mid_term,L3,L1_neighbourhood_group=queens|L2_room_type=private_room,620,260,0.004838709677419355,0.011538461538461539,0.2,0.1,0.046153846153846156,0.0,0.0,0.0,0.0,0.0,260,False,,f1_regret_bnd,-0.046153846153846156,-0.2578184916915211,0.21166464553767494,L1_neighbourhood_group=queens|L2_room_type=private_room|L3_availability_365=mid_term,False,1
L1_neighbourhood_group=queens|L2_room_type=private_room|L3_availability_365=rare,L3,L1_neighbourhood_group=queens|L2_room_type=private_room,600,238,0.01,0.004201680672268907,0.2,0.1,0.01680672268907563,0.0,0.0,0.0,0.0,0.0,238,False,,f1_regret_bnd,-0.01680672268907563,-0.2578184916915211,0.24101176900244548,L1_neighbourhood_group=queens|L2_room_type=private_room|L3_availability_365=rare,False,1
L1_neighbourhood_group=queens|L2_room_type=shared_room|L3_availability_365=long_term,L3,L1_neighbourhood_group=queens|L2_room_type=shared_room,49,29,0.0,0.034482758620689655,0.4,0.2,0.13793103448275862,0.0,0.0,0.0,0.0,0.0,29,True,,f1_regret_bnd,-0.13793103448275862,-0.08888888888888889,-0.049042145593869726,ROOT,True,1
L1_neighbourhood_group=queens|L2_room_type=shared_room|L3_availability_365=others,L3,L1_neighbourhood_group=queens|L2_room_type=shared_room,60,16,0.06666666666666667,0.0,0.4,0.2,,,,,,,0,True,,f1_regret_bnd,,-0.08888888888888889,,ROOT,True,1
L1_neighbourhood_group=staten_island|L2_room_type=entire_home|L3_availability_365=long_term,L3,L1_neighbourhood_group=staten_island|L2_room_type=entire_home,51,19,0.09803921568627451,0.05263157894736842,0.4,0.2,,,,,,,0,True,,f1_regret_bnd,,-0.2926829268292683,,ROOT,True,1
L1_neighbourhood_group=staten_island|L2_room_type=entire_home|L3_availability_365=others,L3,L1_neighbourhood_group=staten_island|L2_room_type=entire_home,46,22,0.10869565217391304,0.09090909090909091,0.4,0.2,,,,,,,0,True,,f1_regret_bnd,,-0.2926829268292683,,ROOT,True,1
L1_neighbourhood_group=staten_island|L2_room_type=private_room|L3_availability_365=long_term,L3,L1_neighbourhood_group=staten_island|L2_room_type=private_room,63,27,0.0,0.0,0.4,0.3,,,,,,,0,True,L1_neighbourhood_group=staten_island|L2_room_type=private_room,f1_regret_bnd,,-0.08695652173913043,,L1_neighbourhood_group=staten_island|L2_room_type=private_room,True,1
L1_neighbourhood_group=staten_island|L2_room_type=private_room|L3_availability_365=others,L3,L1_neighbourhood_group=staten_island|L2_room_type=private_room,41,19,0.0,0.05263157894736842,0.4,0.3,,,,,,,0,True,L1_neighbourhood_group=staten_island|L2_room_type=private_room,f1_regret_bnd,,-0.08695652173913043,,L1_neighbourhood_group=staten_island|L2_room_type=private_room,True,1
ROOT,L1,,5473,2345,0.09830074913210306,0.09509594882729211,0.4,0.2,0.24157782515991472,0.423728813559322,0.5725190839694656,0.336322869955157,0.10959488272921108,0.055863539445628996,2345,False,,f1_regret_bnd,0.12735354703480176,-0.2475500639113762,0.37490361094617797,ROOT,False,2
L1_neighbourhood_group=bronx,L1,ROOT,139,71,0.050359712230215826,0.028169014084507043,0.4,0.2,0.07746478873239436,0.0,0.0,0.0,0.014084507042253521,0.0,71,True,,f1_regret_bnd,-0.08450704225352113,0.12735354703480176,-0.21186058928832288,ROOT,True,2
L1_neighbourhood_group=brooklyn,L1,ROOT,2249,949,0.05913739439751001,0.06743940990516333,0.2,0.1,0.20337197049525815,0.406015037593985,0.391304347826087,0.421875,0.14541622760800843,0.07270811380400422,949,False,,f1_regret_bnd,0.12993495329472263,0.12735354703480176,0.002581406259920871,L1_neighbourhood_group=brooklyn,False,2
L1_neighbourhood_group=manhattan,L1,ROOT,2427,1053,0.17428924598269468,0.17188983855650522,0.4,0.2,0.335707502374169,0.5393939393939394,0.5973154362416108,0.49171270718232046,0.17758784425451093,0.14150047483380818,1053,True,,f1_regret_bnd,0.11489251489251494,0.12735354703480176,-0.012461032142286818,ROOT,True,2
L1_neighbourhood_group=queens,L1,ROOT,636,303,0.029874213836477988,0.019801980198019802,0.4,0.3,0.05115511551155116,0.4444444444444444,0.6666666666666666,0.3333333333333333,0.009900990099009901,0.009900990099009901,303,False,,f1_regret_bnd,0.3883388338833883,0.12735354703480176,0.2609852868485866,L1_neighbourhood_group=queens,False,2
L1_neighbourhood_group=staten_island,L1,ROOT,206,96,0.07281553398058252,0.020833333333333332,0.4,0.2,0.07291666666666667,0.0,0.0,0.0,0.10416666666666667,0.0,96,True,,f1_regret_bnd,-0.125,0.12735354703480176,-0.25235354703480173,ROOT,True,2
L1_neighbourhood_group=bronx|L2_room_type=entire_home,L2,L1_neighbourhood_group=bronx,219,92,0.0639269406392694,0.06521739130434782,0.4,0.2,0.23369565217391305,0.0,0.0,0.0,0.07608695652173914,0.0,92,True,,f1_regret_bnd,-0.2717391304347826,-0.08450704225352113,-0.18723208818126147,ROOT,True,2
L1_neighbourhood_group=bronx|L2_room_type=private_room,L2,L1_neighbourhood_group=bronx,69,62,0.014492753623188406,0.03225806451612903,0.4,0.2,0.12903225806451613,0.0,0.0,0.0,0.0,0.0,62,True,,f1_regret_bnd,-0.12903225806451613,-0.08450704225352113,-0.044525215810995,ROOT,True,2
L1_neighbourhood_group=bronx|L2_room_type=others,L2,L1_neighbourhood_group=bronx,26,22,0.038461538461538464,0.0,0.4,0.2,,,,,,,0,True,,f1_regret_bnd,,-0.08450704225352113,,ROOT,True,2
L1_neighbourhood_group=brooklyn|L2_room_type=entire_home,L2,L1_neighbourhood_group=brooklyn,1068,447,0.10861423220973783,0.12080536912751678,0.2,0.1,0.33557046979865773,0.2647058823529412,0.6428571428571429,0.16666666666666666,0.13870246085011187,0.03131991051454139,447,True,L1_neighbourhood_group=brooklyn,f1_regret_bnd,-0.14021581787077247,0.12993495329472263,-0.27015077116549513,L1_neighbourhood_group=brooklyn,True,2
L1_neighbourhood_group=brooklyn|L2_room_type=private_room,L2,L1_neighbourhood_group=brooklyn,1135,481,0.007048458149779736,0.010395010395010396,0.2,0.1,0.0395010395010395,0.0,0.0,0.0,0.008316008316008316,0.0,481,True,L1_neighbourhood_group=brooklyn,f1_regret_bnd,-0.04365904365904366,0.12993495329472263,-0.1735939969537663,L1_neighbourhood_group=brooklyn,True,2
L1_neighbourhood_group=brooklyn|L2_room_type=shared_room,L2,L1_neighbourhood_group=brooklyn,83,97,0.012048192771084338,0.0,0.2,0.1,,,,,,,0,True,L1_neighbourhood_group=brooklyn,f1_regret_bnd,,0.12993495329472263,,L1_neighbourhood_group=brooklyn,True,2
L1_neighbourhood_group=manhattan|L2_room_type=entire_home,L2,L1_neighbourhood_group=manhattan,1457,653,0.2601235415236788,0.24042879019908117,0.4,0.2,0.4793261868300153,0.5491525423728815,0.5869565217391305,0.5159235668789809,0.27565084226646247,0.2113323124042879,653,True,,f1_regret_bnd,-0.06799906559036509,0.11489251489251494,-0.18289158048288,ROOT,True,2
L1_neighbourhood_group=manhattan|L2_room_type=private_room,L2,L1_neighbourhood_group=manhattan,914,375,0.04157549234135667,0.029333333333333333,0.4,0.2,0.06666666666666667,0.5,0.5555555555555556,0.45454545454545453,0.016,0.024,375,False,,f1_regret_bnd,0.42533333333333334,0.11489251489251494,0.3104408184408184,L1_neighbourhood_group=manhattan|L2_room_type=private_room,False,2
L1_neighbourhood_group=manhattan|L2_room_type=shared_room,L2,L1_neighbourhood_group=manhattan,54,72,0.037037037037037035,0.06944444444444445,0.4,0.2,0.2361111111111111,0.0,0.0,0.0,0.08333333333333333,0.0,72,True,,f1_regret_bnd,-0.2777777777777778,0.11489251489251494,-0.39267029267029274,ROOT,True,2
L1_neighbourhood_group=queens|L2_room_type=entire_home,L2,L1_neighbourhood_group=queens,238,97,0.07983193277310924,0.061855670103092786,0.4,0.3,0.16494845360824742,0.5,1.0,0.3333333333333333,0.0,0.020618556701030927,97,True,L1_neighbourhood_group=queens,f1_regret_bnd,0.3350515463917526,0.3883388338833883,-0.05328728749163569,L1_neighbourhood_group=queens,True,2
L1_neighbourhood_group=queens|L2_room_type=private_room,L2,L1_neighbourhood_group=queens,373,161,0.005361930294906166,0.0,0.4,0.3,,,,,,,0,True,L1_neighbourhood_group=queens,f1_regret_bnd,,0.3883388338833883,,L1_neighbourhood_group=queens,True,2
L1_neighbourhood_group=queens|L2_room_type=shared_room,L2,L1_neighbourhood_group=queens,116,43,0.02586206896551724,0.0,0.4,0.3,,,,,,,0,True,L1_neighbourhood_group=queens,f1_regret_bnd,,0.3883388338833883,,L1_neighbourhood_group=queens,True,2
L1_neighbourhood_group=staten_island|L2_room_type=entire_home,L2,L1_neighbourhood_group=staten_island,91,47,0.15384615384615385,0.0425531914893617,0.4,0.2,0.13829787234042554,0.0,0.0,0.0,0.19148936170212766,0.0,47,True,,f1_regret_bnd,-0.23404255319148937,-0.125,-0.10904255319148937,ROOT,True,2
L1_neighbourhood_group=staten_island|L2_room_type=private_room,L2,L1_neighbourhood_group=staten_island,57,47,0.017543859649122806,0.0,0.4,0.2,,,,,,,0,True,,f1_regret_bnd,,-0.125,,ROOT,True,2
L1_neighbourhood_group=staten_island|L2_room_type=others,L2,L1_neighbourhood_group=staten_island,6,2,0.0,0.0,0.4,0.2,,,,,,,0,True,,f1_regret_bnd,,-0.125,,ROOT,True,2
L1_neighbourhood_group=bronx|L2_room_type=entire_home|L3_availability_365=long_term,L3,L1_neighbourhood_group=bronx|L2_room_type=entire_home,80,47,0.0875,0.10638297872340426,0.4,0.2,0.35106382978723405,0.0,0.0,0.0,0.10638297872340426,0.0,47,True,,f1_regret_bnd,-0.4042553191489362,-0.2717391304347826,-0.1325161887141536,ROOT,True,2
L1_neighbourhood_group=bronx|L2_room_type=entire_home|L3_availability_365=mid_term,L3,L1_neighbourhood_group=bronx|L2_room_type=entire_home,84,26,0.07142857142857142,0.0,0.4,0.2,,,,,,,0,True,,f1_regret_bnd,,-0.2717391304347826,,ROOT,True,2
L1_neighbourhood_group=bronx|L2_room_type=entire_home|L3_availability_365=rare,L3,L1_neighbourhood_group=bronx|L2_room_type=entire_home,55,19,0.01818181818181818,0.05263157894736842,0.4,0.2,,,,,,,0,True,,f1_regret_bnd,,-0.2717391304347826,,ROOT,True,2
L1_neighbourhood_group=bronx|L2_room_type=private_room|L3_availability_365=long_term,L3,L1_neighbourhood_group=bronx|L2_room_type=private_room,142,65,0.014084507042253521,0.015384615384615385,0.4,0.2,0.06153846153846154,0.0,0.0,0.0,0.0,0.0,65,False,,f1_regret_bnd,-0.06153846153846154,-0.12903225806451613,0.06749379652605458,L1_neighbourhood_group=bronx|L2_room_type=private_room|L3_availability_365=long_term,False,2
L1_neighbourhood_group=bronx|L2_room_type=private_room|L3_availability_365=mid_term,L3,L1_neighbourhood_group=bronx|L2_room_type=private_room,143,52,0.006993006993006993,0.0,0.4,0.2,,,,,,,0,True,,f1_regret_bnd,,-0.12903225806451613,,ROOT,True,2
L1_neighbourhood_group=bronx|L2_room_type=private_room|L3_availability_365=rare,L3,L1_neighbourhood_group=bronx|L2_room_type=private_room,69,39,0.028985507246376812,0.02564102564102564,0.2,0.1,0.10256410256410256,0.0,0.0,0.0,0.0,0.0,39,False,,f1_regret_bnd,-0.10256410256410256,-0.12903225806451613,0.026468155500413565,L1_neighbourhood_group=bronx|L2_room_type=private_room|L3_availability_365=rare,False,2
L1_neighbourhood_group=brooklyn|L2_room_type=entire_home|L3_availability_365=long_term,L3,L1_neighbourhood_group=brooklyn|L2_room_type=entire_home,1386,579,0.1608946608946609,0.18998272884283246,0.2,0.1,0.422279792746114,0.5054151624548737,0.41916167664670656,0.6363636363636364,0.23661485319516407,0.28842832469775476,579,False,,f1_regret_bnd,-0.0351720568888223,-0.14021581787077247,0.10504376098195017,L1_neighbourhood_group=brooklyn|L2_room_type=entire_home|L3_availability_365=long_term,False,2
L1_neighbourhood_group=brooklyn|L2_room_type=entire_home|L3_availability_365=mid_term,L3,L1_neighbourhood_group=brooklyn|L2_room_type=entire_home,1250,522,0.1264,0.12452107279693486,0.2,0.1,0.3726053639846743,0.36893203883495146,0.5,0.2923076923076923,0.39272030651340994,0.07279693486590039,522,True,L1_neighbourhood_group=brooklyn,f1_regret_bnd,-0.20003347840642782,-0.14021581787077247,-0.05981766053565535,L1_neighbourhood_group=brooklyn,True,2
L1_neighbourhood_group=brooklyn|L2_room_type=entire_home|L3_availability_365=rare,L3,L1_neighbourhood_group=brooklyn|L2_room_type=entire_home,2706,1140,0.09201773835920177,0.07719298245614035,0.2,0.1,0.2868421052631579,0.06593406593406592,1.0,0.03409090909090909,0.06666666666666667,0.002631578947368421,1140,True,L1_neighbourhood_group=brooklyn,f1_regret_bnd,-0.2542413726624253,-0.14021581787077247,-0.11402555479165283,L1_neighbourhood_group=brooklyn,True,2
L1_neighbourhood_group=brooklyn|L2_room_type=private_room|L3_availability_365=long_term,L3,L1_neighbourhood_group=brooklyn|L2_room_type=private_room,1408,548,0.009943181818181818,0.0072992700729927005,0.3,0.1,0.025547445255474453,0.0,0.0,0.0,0.014598540145985401,0.0,548,False,,f1_regret_bnd,-0.032846715328467155,-0.04365904365904366,0.010812328330576507,L1_neighbourhood_group=brooklyn|L2_room_type=private_room|L3_availability_365=long_term,False,2
L1_neighbourhood_group=brooklyn|L2_room_type=private_room|L3_availability_365=mid_term,L3,L1_neighbourhood_group=brooklyn|L2_room_type=private_room,1366,611,0.013177159590043924,0.014729950900163666,0.2,0.1,0.058919803600654665,0.0,0.0,0.0,0.0,0.0,611,True,L1_neighbourhood_group=brooklyn,f1_regret_bnd,-0.058919803600654665,-0.04365904365904366,-0.015260759941611003,L1_neighbourhood_group=brooklyn,True,2
L1_neighbourhood_group=brooklyn|L2_room_type=private_room|L3_availability_365=rare,L3,L1_neighbourhood_group=brooklyn|L2_room_type=private_room,2906,1254,0.005849965588437715,0.006379585326953748,0.2,0.1,0.025518341307814992,0.0,0.0,0.0,0.0,0.0,1254,False,,f1_regret_bnd,-0.025518341307814992,-0.04365904365904366,0.01814070235122867,L1_neighbourhood_group=brooklyn|L2_room_type=private_room|L3_availability_365=rare,False,2
L1_neighbourhood_group=brooklyn|L2_room_type=shared_room|L3_availability_365=long_term,L3,L1_neighbourhood_group=brooklyn|L2_room_type=shared_room,109,41,0.009174311926605505,0.0,0.2,0.1,,,,,,,0,True,L1_neighbourhood_group=brooklyn,f1_regret_bnd,,-0.2475500639113762,,L1_neighbourhood_group=brooklyn,True,2
L1_neighbourhood_group=brooklyn|L2_room_type=shared_room|L3_availability_365=mid_term,L3,L1_neighbourhood_group=brooklyn|L2_room_type=shared_room,49,23,0.0,0.0,0.2,0.1,,,,,,,0,True,L1_neighbourhood_group=brooklyn,f1_regret_bnd,,-0.2475500639113762,,L1_neighbourhood_group=brooklyn,True,2
L1_neighbourhood_group=brooklyn|L2_room_type=shared_room|L3_availability_365=rare,L3,L1_neighbourhood_group=brooklyn|L2_room_type=shared_room,69,33,0.014492753623188406,0.0,0.2,0.1,,,,,,,0,True,L1_neighbourhood_group=brooklyn,f1_regret_bnd,,-0.2475500639113762,,L1_neighbourhood_group=brooklyn,True,2
L1_neighbourhood_group=manhattan|L2_room_type=entire_home|L3_availability_365=long_term,L3,L1_neighbourhood_group=manhattan|L2_room_type=entire_home,2407,1054,0.3302866638969672,0.33396584440227706,0.3,0.1,0.5033206831119544,0.639618138424821,0.551440329218107,0.7613636363636364,0.40512333965844405,0.46110056925996207,1054,False,,f1_regret_bnd,-0.0662642145163555,-0.06799906559036509,0.0017348510740095857,L1_neighbourhood_group=manhattan|L2_room_type=entire_home|L3_availability_365=long_term,False,2
L1_neighbourhood_group=manhattan|L2_room_type=entire_home|L3_availability_365=mid_term,L3,L1_neighbourhood_group=manhattan|L2_room_type=entire_home,1428,644,0.29901960784313725,0.33540372670807456,0.2,0.1,0.5023291925465838,0.6027820710973726,0.45243619489559167,0.9027777777777778,0.17857142857142858,0.6692546583850931,644,False,,f1_regret_bnd,0.011167164265074483,-0.06799906559036509,0.07916622985543957,L1_neighbourhood_group=manhattan|L2_room_type=entire_home|L3_availability_365=mid_term,False,2
L1_neighbourhood_group=manhattan|L2_room_type=entire_home|L3_availability_365=rare,L3,L1_neighbourhood_group=manhattan|L2_room_type=entire_home,3457,1578,0.17124674573329476,0.16096324461343473,0.4,0.2,0.46989860583016474,0.2724458204334365,0.6376811594202898,0.1732283464566929,0.261723700887199,0.043726235741444866,1578,True,,f1_regret_bnd,-0.3283146358403277,-0.06799906559036509,-0.26031557024996266,ROOT,True,2
L1_neighbourhood_group=manhattan|L2_room_type=private_room|L3_availability_365=long_term,L3,L1_neighbourhood_group=manhattan|L2_room_type=private_room,1158,519,0.1001727115716753,0.07707129094412331,0.4,0.2,0.18015414258188825,0.5294117647058824,0.6428571428571429,0.45,0.06358381502890173,0.05394990366088632,519,True,L1_neighbourhood_group=manhattan|L2_room_type=private_room,f1_regret_bnd,0.31746571460954326,0.42533333333333334,-0.10786761872379008,L1_neighbourhood_group=manhattan|L2_room_type=private_room,True,2
L1_neighbourhood_group=manhattan|L2_room_type=private_room|L3_availability_365=mid_term,L3,L1_neighbourhood_group=manhattan|L2_room_type=private_room,1104,435,0.036231884057971016,0.03908045977011494,0.4,0.2,0.10344827586206896,0.5,0.8571428571428571,0.35294117647058826,0.0,0.016091954022988506,435,True,L1_neighbourhood_group=manhattan|L2_room_type=private_room,f1_regret_bnd,0.39655172413793105,0.42533333333333334,-0.02878160919540229,L1_neighbourhood_group=manhattan|L2_room_type=private_room,True,2
L1_neighbourhood_group=manhattan|L2_room_type=private_room|L3_availability_365=rare,L3,L1_neighbourhood_group=manhattan|L2_room_type=private_room,2315,926,0.027645788336933045,0.016198704103671708,0.4,0.2,0.04913606911447084,0.3809523809523809,0.6666666666666666,0.26666666666666666,0.005399568034557235,0.0064794816414686825,926,True,L1_neighbourhood_group=manhattan|L2_room_type=private_room,f1_regret_bnd,0.32911652782063144,0.42533333333333334,-0.0962168055127019,L1_neighbourhood_group=manhattan|L2_room_type=private_room,True,2
L1_neighbourhood_group=manhattan|L2_room_type=shared_room|L3_availability_365=long_term,L3,L1_neighbourhood_group=manhattan|L2_room_type=shared_room,102,39,0.029411764705882353,0.02564102564102564,0.4,0.3,0.10256410256410256,0.0,0.0,0.0,0.0,0.0,39,False,,f1_regret_bnd,-0.10256410256410256,-0.2777777777777778,0.17521367521367523,L1_neighbourhood_group=manhattan|L2_room_type=shared_room|L3_availability_365=long_term,False,2
L1_neighbourhood_group=manhattan|L2_room_type=shared_room|L3_availability_365=mid_term,L3,L1_neighbourhood_group=manhattan|L2_room_type=shared_room,62,23,0.11290322580645161,0.08695652173913043,0.2,0.1,0.08695652173913043,0.8,0.6666666666666666,1.0,0.08695652173913043,0.13043478260869565,23,False,,f1_regret_bnd,0.6695652173913045,-0.2777777777777778,0.9473429951690823,L1_neighbourhood_group=manhattan|L2_room_type=shared_room|L3_availability_365=mid_term,False,2
L1_neighbourhood_group=manhattan|L2_room_type=shared_room|L3_availability_365=rare,L3,L1_neighbourhood_group=manhattan|L2_room_type=shared_room,110,51,0.01818181818181818,0.058823529411764705,0.4,0.3,0.23529411764705882,0.0,0.0,0.0,0.0,0.0,51,False,,f1_regret_bnd,-0.23529411764705882,-0.2777777777777778,0.04248366013071897,L1_neighbourhood_group=manhattan|L2_room_type=shared_room|L3_availability_365=rare,False,2
L1_neighbourhood_group=queens|L2_room_type=entire_home|L3_availability_365=long_term,L3,L1_neighbourhood_group=queens|L2_room_type=entire_home,396,167,0.1590909090909091,0.1377245508982036,0.4,0.3,0.3592814371257485,0.5,0.6923076923076923,0.391304347826087,0.0718562874251497,0.07784431137724551,167,True,L1_neighbourhood_group=queens,f1_regret_bnd,0.10479041916167664,0.3350515463917526,-0.23026112723007597,L1_neighbourhood_group=queens,True,2
L1_neighbourhood_group=queens|L2_room_type=entire_home|L3_availability_365=mid_term,L3,L1_neighbourhood_group=queens|L2_room_type=entire_home,367,154,0.04904632152588556,0.07792207792207792,0.4,0.3,0.3116883116883117,0.0,0.0,0.0,0.0,0.0,154,True,L1_neighbourhood_group=queens,f1_regret_bnd,-0.3116883116883117,0.3350515463917526,-0.6467398580800643,L1_neighbourhood_group=queens,True,2
L1_neighbourhood_group=queens|L2_room_type=entire_home|L3_availability_365=rare,L3,L1_neighbourhood_group=queens|L2_room_type=entire_home,433,173,0.03695150115473441,0.017341040462427744,0.4,0.3,0.06936416184971098,0.0,0.0,0.0,0.0,0.0,173,True,L1_neighbourhood_group=queens,f1_regret_bnd,-0.06936416184971098,0.3350515463917526,-0.40441570824146356,L1_neighbourhood_group=queens,True,2
L1_neighbourhood_group=queens|L2_room_type=private_room|L3_availability_365=long_term,L3,L1_neighbourhood_group=queens|L2_room_type=private_room,678,302,0.011799410029498525,0.006622516556291391,0.4,0.2,0.026490066225165563,0.0,0.0,0.0,0.0,0.0,302,False,,f1_regret_bnd,-0.026490066225165563,-0.2475500639113762,0.22105999768621065,L1_neighbourhood_group=queens|L2_room_type=private_room|L3_availability_365=long_term,False,2
L1_neighbourhood_group=queens|L2_room_type=private_room|L3_availability_365=mid_term,L3,L1_neighbourhood_group=queens|L2_room_type=private_room,614,291,0.011400651465798045,0.0,0.4,0.3,,,,,,,0,True,L1_neighbourhood_group=queens,f1_regret_bnd,,-0.2475500639113762,,L1_neighbourhood_group=queens,True,2
L1_neighbourhood_group=queens|L2_room_type=private_room|L3_availability_365=rare,L3,L1_neighbourhood_group=queens|L2_room_type=private_room,580,219,0.005172413793103448,0.0045662100456621,0.2,0.1,0.0182648401826484,0.0,0.0,0.0,0.0,0.0,219,False,,f1_regret_bnd,-0.0182648401826484,-0.2475500639113762,0.2292852237287278,L1_neighbourhood_group=queens|L2_room_type=private_room|L3_availability_365=rare,False,2
L1_neighbourhood_group=queens|L2_room_type=shared_room|L3_availability_365=long_term,L3,L1_neighbourhood_group=queens|L2_room_type=shared_room,55,20,0.01818181818181818,0.0,0.4,0.3,,,,,,,0,True,L1_neighbourhood_group=queens,f1_regret_bnd,,-0.2475500639113762,,L1_neighbourhood_group=queens,True,2
L1_neighbourhood_group=queens|L2_room_type=shared_room|L3_availability_365=others,L3,L1_neighbourhood_group=queens|L2_room_type=shared_room,61,23,0.03278688524590164,0.0,0.4,0.3,,,,,,,0,True,L1_neighbourhood_group=queens,f1_regret_bnd,,-0.2475500639113762,,L1_neighbourhood_group=queens,True,2
L1_neighbourhood_group=staten_island|L2_room_type=entire_home|L3_availability_365=long_term,L3,L1_neighbourhood_group=staten_island|L2_room_type=entire_home,46,21,0.17391304347826086,0.0,0.4,0.2,,,,,,,0,True,,f1_regret_bnd,,-0.23404255319148937,,ROOT,True,2
L1_neighbourhood_group=staten_island|L2_room_type=entire_home|L3_availability_365=others,L3,L1_neighbourhood_group=staten_island|L2_room_type=entire_home,45,26,0.13333333333333333,0.07692307692307693,0.4,0.2,,,,,,,0,True,,f1_regret_bnd,,-0.23404255319148937,,ROOT,True,2
L1_neighbourhood_group=staten_island|L2_room_type=private_room|L3_availability_365=long_term,L3,L1_neighbourhood_group=staten_island|L2_room_type=private_room,64,32,0.0,0.0,0.4,0.2,,,,,,,0,True,,f1_regret_bnd,,-0.2475500639113762,,ROOT,True,2
L1_neighbourhood_group=staten_island|L2_room_type=private_room|L3_availability_365=others,L3,L1_neighbourhood_group=staten_island|L2_room_type=private_room,45,15,0.022222222222222223,0.0,0.4,0.2,,,,,,,0,True,,f1_regret_bnd,,-0.2475500639113762,,ROOT,True,2
ROOT,L1,,5473,2346,0.10085876119130276,0.1082693947144075,0.4,0.2,0.26641091219096336,0.4181360201511335,0.5804195804195804,0.32677165354330706,0.10315430520034101,0.06095481670929241,2346,False,,f1_regret_bnd,0.10014795535999962,-0.26344269279931826,0.36359064815931785,ROOT,False,3
L1_neighbourhood_group=bronx,L1,ROOT,149,64,0.026845637583892617,0.046875,0.4,0.2,0.1875,0.0,0.0,0.0,0.0,0.0,64,True,,f1_regret_bnd,-0.1875,0.10014795535999962,-0.28764795535999965,ROOT,True,3
L1_neighbourhood_group=brooklyn,L1,ROOT,2266,956,0.06045895851721095,0.060669456066945605,0.4,0.2,0.20868200836820083,0.30927835051546393,0.38461538461538464,0.25862068965517243,0.1579497907949791,0.04079497907949791,956,True,,f1_regret_bnd,0.02162144674977355,0.10014795535999962,-0.07852650861022607,ROOT,True,3
L1_neighbourhood_group=manhattan,L1,ROOT,2421,1040,0.17224287484510534,0.16634615384615384,0.4,0.2,0.3293269230769231,0.5668449197860963,0.527363184079602,0.6127167630057804,0.30673076923076925,0.19326923076923078,1040,True,,f1_regret_bnd,0.0841526120937886,0.10014795535999962,-0.01599534326621102,ROOT,True,3
L1_neighbourhood_group=queens,L1,ROOT,621,306,0.033816425120772944,0.016339869281045753,0.4,0.2,0.06535947712418301,0.0,0.0,0.0,0.0,0.0,306,True,,f1_regret_bnd,-0.06535947712418301,0.10014795535999962,-0.16550743248418265,ROOT,True,3
L1_neighbourhood_group=staten_island,L1,ROOT,213,90,0.03286384976525822,0.044444444444444446,0.4,0.2,0.16111111111111112,0.0,0.0,0.0,0.03333333333333333,0.0,90,True,,f1_regret_bnd,-0.17777777777777778,0.10014795535999962,-0.2779257331377774,ROOT,True,3
L1_neighbourhood_group=bronx|L2_room_type=entire_home,L2,L1_neighbourhood_group=bronx,81,94,0.06172839506172839,0.06382978723404255,0.4,0.3,0.18085106382978725,0.4444444444444444,0.6666666666666666,0.3333333333333333,0.0,0.031914893617021274,94,False,,f1_regret_bnd,0.2635933806146572,-0.1875,0.4510933806146572,L1_neighbourhood_group=bronx|L2_room_type=entire_home,False,3
L1_neighbourhood_group=bronx|L2_room_type=private_room,L2,L1_neighbourhood_group=bronx,73,62,0.0136986301369863,0.016129032258064516,0.2,0.1,0.06451612903225806,0.0,0.0,0.0,0.0,0.0,62,False,,f1_regret_bnd,-0.06451612903225806,-0.1875,0.12298387096774194,L1_neighbourhood_group=bronx|L2_room_type=private_room,False,3
L1_neighbourhood_group=bronx|L2_room_type=others,L2,L1_neighbourhood_group=bronx,34,14,0.0,0.07142857142857142,0.4,0.2,,,,,,,0,True,,f1_regret_bnd,,-0.1875,,ROOT,True,3
L1_neighbourhood_group=brooklyn|L2_room_type=entire_home,L2,L1_neighbourhood_group=brooklyn,1083,454,0.11449676823638043,0.1277533039647577,0.4,0.2,0.42400881057268724,0.17647058823529413,0.6,0.10344827586206896,0.13876651982378854,0.022026431718061675,454,True,,f1_regret_bnd,-0.3169214822492874,0.02162144674977355,-0.33854292899906097,ROOT,True,3
L1_neighbourhood_group=brooklyn|L2_room_type=private_room,L2,L1_neighbourhood_group=brooklyn,1133,482,0.009708737864077669,0.008298755186721992,0.4,0.2,0.03319502074688797,0.0,0.0,0.0,0.0,0.0,482,True,,f1_regret_bnd,-0.03319502074688797,0.02162144674977355,-0.05481646749666152,ROOT,True,3
L1_neighbourhood_group=brooklyn|L2_room_type=shared_room,L2,L1_neighbourhood_group=brooklyn,241,93,0.008298755186721992,0.010752688172043012,0.4,0.2,0.043010752688172046,0.0,0.0,0.0,0.0,0.0,93,True,,f1_regret_bnd,-0.043010752688172046,0.02162144674977355,-0.0646321994379456,ROOT,True,3
L1_neighbourhood_group=manhattan|L2_room_type=entire_home,L2,L1_neighbourhood_group=manhattan,1470,640,0.23673469387755103,0.2453125,0.4,0.2,0.54609375,0.5195402298850575,0.4064748201438849,0.7197452229299363,0.3078125,0.434375,640,True,,f1_regret_bnd,-0.1804597701149425,0.0841526120937886,-0.26461238220873107,ROOT,True,3
L1_neighbourhood_group=manhattan|L2_room_type=private_room,L2,L1_neighbourhood_group=manhattan,897,376,0.05351170568561873,0.03723404255319149,0.4,0.3,0.09441489361702128,0.5,0.8333333333333334,0.35714285714285715,0.007978723404255319,0.015957446808510637,376,False,,f1_regret_bnd,0.4015957446808511,0.0841526120937886,0.31744313258706247,L1_neighbourhood_group=manhattan|L2_room_type=private_room,False,3
L1_neighbourhood_group=manhattan|L2_room_type=shared_room,L2,L1_neighbourhood_group=manhattan,53,111,0.0,0.04504504504504504,0.4,0.2,0.18018018018018017,0.0,0.0,0.0,0.0,0.0,111,True,,f1_regret_bnd,-0.18018018018018017,0.0841526120937886,-0.2643327922739688,ROOT,True,3
L1_neighbourhood_group=queens|L2_room_type=entire_home,L2,L1_neighbourhood_group=queens,223,102,0.07174887892376682,0.06862745098039216,0.4,0.3,0.20098039215686275,0.4444444444444445,1.0,0.2857142857142857,0.00980392156862745,0.0196078431372549,102,False,,f1_regret_bnd,0.238562091503268,-0.06535947712418301,0.303921568627451,L1_neighbourhood_group=queens|L2_room_type=entire_home,False,3
L1_neighbourhood_group=queens|L2_room_type=private_room,L2,L1_neighbourhood_group=queens,372,166,0.005376344086021506,0.0,0.4,0.2,,,,,,,0,True,,f1_regret_bnd,,-0.06535947712418301,,ROOT,True,3
L1_neighbourhood_group=queens|L2_room_type=shared_room,L2,L1_neighbourhood_group=queens,123,37,0.024390243902439025,0.0,0.4,0.2,,,,,,,0,True,,f1_regret_bnd,,-0.06535947712418301,,ROOT,True,3
L1_neighbourhood_group=staten_island|L2_room_type=entire_home,L2,L1_neighbourhood_group=staten_island,98,45,0.061224489795918366,0.08888888888888889,0.4,0.2,0.32222222222222224,0.0,0.0,0.0,0.06666666666666667,0.0,45,True,,f1_regret_bnd,-0.35555555555555557,-0.17777777777777778,-0.17777777777777778,ROOT,True,3
L1_neighbourhood_group=staten_island|L2_room_type=private_room,L2,L1_neighbourhood_group=staten_island,50,43,0.02,0.0,0.4,0.2,,,,,,,0,True,,f1_regret_bnd,,-0.17777777777777778,,ROOT,True,3
L1_neighbourhood_group=staten_island|L2_room_type=others,L2,L1_neighbourhood_group=staten_island,6,2,0.0,0.0,0.4,0.2,,,,,,,0,True,,f1_regret_bnd,,-0.17777777777777778,,ROOT,True,3
L1_neighbourhood_group=bronx|L2_room_type=entire_home|L3_availability_365=long_term,L3,L1_neighbourhood_group=bronx|L2_room_type=entire_home,84,37,0.13095238095238096,0.05405405405405406,0.4,0.3,0.13513513513513514,0.5,0.5,0.5,0.0,0.05405405405405406,37,False,,f1_regret_bnd,0.36486486486486486,0.2635933806146572,0.10127148425020766,L1_neighbourhood_group=bronx|L2_room_type=entire_home|L3_availability_365=long_term,False,3
L1_neighbourhood_group=bronx|L2_room_type=entire_home|L3_availability_365=mid_term,L3,L1_neighbourhood_group=bronx|L2_room_type=entire_home,77,35,0.05194805194805195,0.08571428571428572,0.4,0.3,0.2,0.5,1.0,0.3333333333333333,0.11428571428571428,0.02857142857142857,35,True,L1_neighbourhood_group=bronx|L2_room_type=entire_home,f1_regret_bnd,0.24285714285714285,0.2635933806146572,-0.020736237757514348,L1_neighbourhood_group=bronx|L2_room_type=entire_home,True,3
L1_neighbourhood_group=bronx|L2_room_type=entire_home|L3_availability_365=rare,L3,L1_neighbourhood_group=bronx|L2_room_type=entire_home,50,22,0.0,0.045454545454545456,0.4,0.3,0.18181818181818182,0.0,0.0,0.0,0.0,0.0,22,True,L1_neighbourhood_group=bronx|L2_room_type=entire_home,f1_regret_bnd,-0.18181818181818182,0.2635933806146572,-0.445411562432839,L1_neighbourhood_group=bronx|L2_room_type=entire_home,True,3
L1_neighbourhood_group=bronx|L2_room_type=private_room|L3_availability_365=long_term,L3,L1_neighbourhood_group=bronx|L2_room_type=private_room,160,64,0.0125,0.0,0.2,0.1,,,,,,,0,True,L1_neighbourhood_group=bronx|L2_room_type=private_room,f1_regret_bnd,,-0.06451612903225806,,L1_neighbourhood_group=bronx|L2_room_type=private_room,True,3
L1_neighbourhood_group=bronx|L2_room_type=private_room|L3_availability_365=mid_term,L3,L1_neighbourhood_group=bronx|L2_room_type=private_room,132,57,0.0,0.0,0.2,0.1,,,,,,,0,True,L1_neighbourhood_group=bronx|L2_room_type=private_room,f1_regret_bnd,,-0.06451612903225806,,L1_neighbourhood_group=bronx|L2_room_type=private_room,True,3
L1_neighbourhood_group=bronx|L2_room_type=private_room|L3_availability_365=rare,L3,L1_neighbourhood_group=bronx|L2_room_type=private_room,75,39,0.02666666666666667,0.02564102564102564,0.2,0.1,0.10256410256410256,0.0,0.0,0.0,0.0,0.0,39,True,L1_neighbourhood_group=bronx|L2_room_type=private_room,f1_regret_bnd,-0.10256410256410256,-0.06451612903225806,-0.0380479735318445,L1_neighbourhood_group=bronx|L2_room_type=private_room,True,3
L1_neighbourhood_group=brooklyn|L2_room_type=entire_home|L3_availability_365=long_term,L3,L1_neighbourhood_group=brooklyn|L2_room_type=entire_home,1382,608,0.1772793053545586,0.15296052631578946,0.3,0.1,0.41694078947368424,0.46534653465346537,0.43119266055045874,0.5053763440860215,0.3305921052631579,0.17927631578947367,608,False,,f1_regret_bnd,-0.11689030745179782,-0.3169214822492874,0.20003117479748958,L1_neighbourhood_group=brooklyn|L2_room_type=entire_home|L3_availability_365=long_term,False,3
L1_neighbourhood_group=brooklyn|L2_room_type=entire_home|L3_availability_365=mid_term,L3,L1_neighbourhood_group=brooklyn|L2_room_type=entire_home,1265,512,0.12173913043478261,0.1328125,0.2,0.1,0.4189453125,0.39766081871345027,0.3300970873786408,0.5,0.201171875,0.201171875,512,False,,f1_regret_bnd,-0.12187043128654973,-0.3169214822492874,0.19505105096273767,L1_neighbourhood_group=brooklyn|L2_room_type=entire_home|L3_availability_365=mid_term,False,3
L1_neighbourhood_group=brooklyn|L2_room_type=entire_home|L3_availability_365=rare,L3,L1_neighbourhood_group=brooklyn|L2_room_type=entire_home,2770,1156,0.08628158844765343,0.09083044982698962,0.4,0.2,0.3551038062283737,0.03539823008849558,0.25,0.01904761904761905,0.012975778546712802,0.006920415224913495,1156,True,,f1_regret_bnd,-0.3261934654132345,-0.3169214822492874,-0.009271983163947117,ROOT,True,3
L1_neighbourhood_group=brooklyn|L2_room_type=private_room|L3_availability_365=long_term,L3,L1_neighbourhood_group=brooklyn|L2_room_type=private_room,1423,586,0.009135628952916374,0.01877133105802048,0.4,0.2,0.07337883959044368,0.0,0.0,0.0,0.017064846416382253,0.0,586,True,,f1_regret_bnd,-0.08191126279863481,-0.03319502074688797,-0.04871624205174684,ROOT,True,3
L1_neighbourhood_group=brooklyn|L2_room_type=private_room|L3_availability_365=mid_term,L3,L1_neighbourhood_group=brooklyn|L2_room_type=private_room,1359,584,0.013980868285504048,0.008561643835616438,0.4,0.2,0.03424657534246575,0.0,0.0,0.0,0.0,0.0,584,True,,f1_regret_bnd,-0.03424657534246575,-0.03319502074688797,-0.0010515545955777847,ROOT,True,3
L1_neighbourhood_group=brooklyn|L2_room_type=private_room|L3_availability_365=rare,L3,L1_neighbourhood_group=brooklyn|L2_room_type=private_room,2894,1247,0.0048375950241879755,0.0056134723336006415,0.2,0.1,0.022453889334402566,0.0,0.0,0.0,0.0,0.0,1247,False,,f1_regret_bnd,-0.022453889334402566,-0.03319502074688797,0.010741131412485401,L1_neighbourhood_group=brooklyn|L2_room_type=private_room|L3_availability_365=rare,False,3
L1_neighbourhood_group=brooklyn|L2_room_type=shared_room|L3_availability_365=long_term,L3,L1_neighbourhood_group=brooklyn|L2_room_type=shared_room,115,42,0.008695652173913044,0.0,0.4,0.2,,,,,,,0,True,,f1_regret_bnd,,-0.043010752688172046,,ROOT,True,3
L1_neighbourhood_group=brooklyn|L2_room_type=shared_room|L3_availability_365=mid_term,L3,L1_neighbourhood_group=brooklyn|L2_room_type=shared_room,55,22,0.0,0.0,0.4,0.2,,,,,,,0,True,,f1_regret_bnd,,-0.043010752688172046,,ROOT,True,3
L1_neighbourhood_group=brooklyn|L2_room_type=shared_room|L3_availability_365=rare,L3,L1_neighbourhood_group=brooklyn|L2_room_type=shared_room,71,29,0.014084507042253521,0.034482758620689655,0.4,0.2,0.13793103448275862,0.0,0.0,0.0,0.0,0.0,29,True,,f1_regret_bnd,-0.13793103448275862,-0.043010752688172046,-0.09492028179458657,ROOT,True,3
L1_neighbourhood_group=manhattan|L2_room_type=entire_home|L3_availability_365=long_term,L3,L1_neighbourhood_group=manhattan|L2_room_type=entire_home,2476,1024,0.3295638126009693,0.333984375,0.4,0.2,0.50146484375,0.6334310850439883,0.6352941176470588,0.631578947368421,0.3095703125,0.33203125,1024,False,,f1_regret_bnd,-0.022818914956011738,-0.1804597701149425,0.15764085515893075,L1_neighbourhood_group=manhattan|L2_room_type=entire_home|L3_availability_365=long_term,False,3
L1_neighbourhood_group=manhattan|L2_room_type=entire_home|L3_availability_365=mid_term,L3,L1_neighbourhood_group=manhattan|L2_room_type=entire_home,1439,623,0.30437804030576787,0.31942215088282505,0.2,0.1,0.5296950240770465,0.5780141843971632,0.4465753424657534,0.8190954773869347,0.22792937399678972,0.5858747993579454,623,False,,f1_regret_bnd,-0.06564552667827812,-0.1804597701149425,0.11481424343666437,L1_neighbourhood_group=manhattan|L2_room_type=entire_home|L3_availability_365=mid_term,False,3
L1_neighbourhood_group=manhattan|L2_room_type=entire_home|L3_availability_365=rare,L3,L1_neighbourhood_group=manhattan|L2_room_type=entire_home,3441,1560,0.16623074687590816,0.18205128205128204,0.4,0.2,0.5294871794871795,0.42441054091539526,0.3501144164759725,0.5387323943661971,0.3923076923076923,0.28012820512820513,1560,True,,f1_regret_bnd,-0.3012304847256304,-0.1804597701149425,-0.12077071461068792,ROOT,True,3
L1_neighbourhood_group=manhattan|L2_room_type=private_room|L3_availability_365=long_term,L3,L1_neighbourhood_group=manhattan|L2_room_type=private_room,1164,478,0.10481099656357389,0.06903765690376569,0.4,0.3,0.151673640167364,0.5714285714285715,0.6956521739130435,0.48484848484848486,0.014644351464435146,0.04811715481171548,478,False,,f1_regret_bnd,0.41243275552898995,0.4015957446808511,0.010837010848138873,L1_neighbourhood_group=manhattan|L2_room_type=private_room|L3_availability_365=long_term,False,3
L1_neighbourhood_group=manhattan|L2_room_type=private_room|L3_availability_365=mid_term,L3,L1_neighbourhood_group=manhattan|L2_room_type=private_room,1065,454,0.036619718309859155,0.028634361233480177,0.5,0.1,0.06938325991189427,0.5555555555555556,1.0,0.38461538461538464,0.037444933920704845,0.011013215859030838,454,False,,f1_regret_bnd,0.4674498286833089,0.4015957446808511,0.06585408400245785,L1_neighbourhood_group=manhattan|L2_room_type=private_room|L3_availability_365=mid_term,False,3
L1_neighbourhood_group=manhattan|L2_room_type=private_room|L3_availability_365=rare,L3,L1_neighbourhood_group=manhattan|L2_room_type=private_room,2260,955,0.02831858407079646,0.014659685863874346,0.4,0.2,0.03717277486910995,0.45454545454545453,0.625,0.35714285714285715,0.011518324607329843,0.008376963350785341,955,False,,f1_regret_bnd,0.41161351737267965,0.4015957446808511,0.010017772691828575,L1_neighbourhood_group=manhattan|L2_room_type=private_room|L3_availability_365=rare,False,3
L1_neighbourhood_group=manhattan|L2_room_type=shared_room|L3_availability_365=long_term,L3,L1_neighbourhood_group=manhattan|L2_room_type=shared_room,101,34,0.0297029702970297,0.0,0.4,0.2,,,,,,,0,True,,f1_regret_bnd,,-0.18018018018018017,,ROOT,True,3
L1_neighbourhood_group=manhattan|L2_room_type=shared_room|L3_availability_365=mid_term,L3,L1_neighbourhood_group=manhattan|L2_room_type=shared_room,58,30,0.06896551724137931,0.1,0.4,0.2,0.35,0.0,0.0,0.0,0.1,0.0,30,True,,f1_regret_bnd,-0.39999999999999997,-0.18018018018018017,-0.2198198198198198,ROOT,True,3
L1_neighbourhood_group=manhattan|L2_room_type=shared_room|L3_availability_365=rare,L3,L1_neighbourhood_group=manhattan|L2_room_type=shared_room,110,47,0.045454545454545456,0.0425531914893617,0.5,0.4,0.1702127659574468,0.0,0.0,0.0,0.0,0.0,47,False,,f1_regret_bnd,-0.1702127659574468,-0.18018018018018017,0.009967414222733367,L1_neighbourhood_group=manhattan|L2_room_type=shared_room|L3_availability_365=rare,False,3
L1_neighbourhood_group=queens|L2_room_type=entire_home|L3_availability_365=long_term,L3,L1_neighbourhood_group=queens|L2_room_type=entire_home,387,158,0.13953488372093023,0.13291139240506328,0.4,0.3,0.4240506329113924,0.2857142857142857,0.5714285714285714,0.19047619047619047,0.13924050632911392,0.04430379746835443,158,True,L1_neighbourhood_group=queens|L2_room_type=entire_home,f1_regret_bnd,-0.20795660036166363,0.238562091503268,-0.44651869186493165,L1_neighbourhood_group=queens|L2_room_type=entire_home,True,3
L1_neighbourhood_group=queens|L2_room_type=entire_home|L3_availability_365=mid_term,L3,L1_neighbourhood_group=queens|L2_room_type=entire_home,338,162,0.0621301775147929,0.07407407407407407,0.4,0.3,0.2962962962962963,0.0,0.0,0.0,0.0,0.0,162,True,L1_neighbourhood_group=queens|L2_room_type=entire_home,f1_regret_bnd,-0.2962962962962963,0.238562091503268,-0.5348583877995643,L1_neighbourhood_group=queens|L2_room_type=entire_home,True,3
L1_neighbourhood_group=queens|L2_room_type=entire_home|L3_availability_365=rare,L3,L1_neighbourhood_group=queens|L2_room_type=entire_home,395,197,0.027848101265822784,0.030456852791878174,0.4,0.3,0.11928934010152284,0.0,0.0,0.0,0.05583756345177665,0.0,197,True,L1_neighbourhood_group=queens|L2_room_type=entire_home,f1_regret_bnd,-0.14720812182741116,0.238562091503268,-0.3857702133306792,L1_neighbourhood_group=queens|L2_room_type=entire_home,True,3
L1_neighbourhood_group=queens|L2_room_type=private_room|L3_availability_365=long_term,L3,L1_neighbourhood_group=queens|L2_room_type=private_room,664,300,0.009036144578313253,0.01,0.4,0.2,0.04,0.0,0.0,0.0,0.0,0.0,300,False,,f1_regret_bnd,-0.04,-0.26344269279931826,0.22344269279931825,L1_neighbourhood_group=queens|L2_room_type=private_room|L3_availability_365=long_term,False,3
L1_neighbourhood_group=queens|L2_room_type=private_room|L3_availability_365=mid_term,L3,L1_neighbourhood_group=queens|L2_room_type=private_room,620,270,0.0064516129032258064,0.003703703703703704,0.2,0.1,0.014814814814814815,0.0,0.0,0.0,0.0,0.0,270,False,,f1_regret_bnd,-0.014814814814814815,-0.26344269279931826,0.24862787798450345,L1_neighbourhood_group=queens|L2_room_type=private_room|L3_availability_365=mid_term,False,3
L1_neighbourhood_group=queens|L2_room_type=private_room|L3_availability_365=rare,L3,L1_neighbourhood_group=queens|L2_room_type=private_room,581,262,0.010327022375215147,0.0,0.4,0.2,,,,,,,0,True,,f1_regret_bnd,,-0.26344269279931826,,ROOT,True,3
L1_neighbourhood_group=queens|L2_room_type=shared_room|L3_availability_365=long_term,L3,L1_neighbourhood_group=queens|L2_room_type=shared_room,62,15,0.0,0.0,0.4,0.2,,,,,,,0,True,,f1_regret_bnd,,-0.26344269279931826,,ROOT,True,3
L1_neighbourhood_group=queens|L2_room_type=shared_room|L3_availability_365=others,L3,L1_neighbourhood_group=queens|L2_room_type=shared_room,61,22,0.04918032786885246,0.0,0.4,0.2,,,,,,,0,True,,f1_regret_bnd,,-0.26344269279931826,,ROOT,True,3
L1_neighbourhood_group=staten_island|L2_room_type=entire_home|L3_availability_365=long_term,L3,L1_neighbourhood_group=staten_island|L2_room_type=entire_home,48,20,0.08333333333333333,0.15,0.4,0.2,0.5,0.0,0.0,0.0,0.1,0.0,20,True,,f1_regret_bnd,-0.55,-0.35555555555555557,-0.19444444444444448,ROOT,True,3
L1_neighbourhood_group=staten_island|L2_room_type=entire_home|L3_availability_365=others,L3,L1_neighbourhood_group=staten_island|L2_room_type=entire_home,50,25,0.04,0.04,0.4,0.2,,,,,,,0,True,,f1_regret_bnd,,-0.35555555555555557,,ROOT,True,3
L1_neighbourhood_group=staten_island|L2_room_type=private_room|L3_availability_365=long_term,L3,L1_neighbourhood_group=staten_island|L2_room_type=private_room,73,22,0.0,0.0,0.4,0.2,,,,,,,0,True,,f1_regret_bnd,,-0.26344269279931826,,ROOT,True,3
L1_neighbourhood_group=staten_island|L2_room_type=private_room|L3_availability_365=others,L3,L1_neighbourhood_group=staten_island|L2_room_type=private_room,36,21,0.027777777777777776,0.0,0.4,0.2,,,,,,,0,True,,f1_regret_bnd,,-0.26344269279931826,,ROOT,True,3
ROOT,L1,,5475,2345,0.108675799086758,0.10319829424307037,0.4,0.2,0.26865671641791045,0.41688654353562005,0.5766423357664233,0.32644628099173556,0.11599147121535182,0.058422174840085286,2345,False,,f1_regret_bnd,0.0902340915100337,-0.26382616105666806,0.35406025256670176,ROOT,False,4
L1_neighbourhood_group=bronx,L1,ROOT,143,70,0.04895104895104895,0.014285714285714285,0.4,0.2,0.05714285714285714,0.0,0.0,0.0,0.0,0.0,70,True,,f1_regret_bnd,-0.05714285714285714,0.0902340915100337,-0.14737694865289083,ROOT,True,4
L1_neighbourhood_group=brooklyn,L1,ROOT,2282,946,0.061787905346187555,0.05708245243128964,0.4,0.2,0.17019027484143764,0.273972602739726,0.5263157894736842,0.18518518518518517,0.05708245243128964,0.0200845665961945,946,True,,f1_regret_bnd,0.07524110168264354,0.0902340915100337,-0.014992989827390155,ROOT,True,4
L1_neighbourhood_group=manhattan,L1,ROOT,2393,1058,0.1625574592561638,0.17391304347826086,0.4,0.2,0.36342155009451793,0.5450121654501217,0.4933920704845815,0.6086956521739131,0.2996219281663516,0.21455576559546313,1058,True,,f1_regret_bnd,0.03177965127242793,0.0902340915100337,-0.058454440237605765,ROOT,True,4
L1_neighbourhood_group=queens,L1,ROOT,635,270,0.03464566929133858,0.05555555555555555,0.4,0.2,0.22037037037037038,0.0,0.0,0.0,0.06296296296296296,0.0,270,True,,f1_regret_bnd,-0.2518518518518519,0.0902340915100337,-0.3420859433618856,ROOT,True,4
L1_neighbourhood_group=staten_island,L1,ROOT,220,80,0.045454545454545456,0.075,0.4,0.2,0.25,0.2857142857142857,1.0,0.16666666666666666,0.0,0.0125,80,True,,f1_regret_bnd,0.0357142857142857,0.0902340915100337,-0.054519805795748,ROOT,True,4
L1_neighbourhood_group=bronx|L2_room_type=entire_home,L2,L1_neighbourhood_group=bronx,202,95,0.08415841584158416,0.031578947368421054,0.4,0.2,0.12631578947368421,0.0,0.0,0.0,0.0,0.0,95,True,,f1_regret_bnd,-0.12631578947368421,-0.05714285714285714,-0.06917293233082708,ROOT,True,4
L1_neighbourhood_group=bronx|L2_room_type=private_room,L2,L1_neighbourhood_group=bronx,72,59,0.013888888888888888,0.01694915254237288,0.4,0.2,0.06779661016949153,0.0,0.0,0.0,0.0,0.0,59,True,,f1_regret_bnd,-0.06779661016949153,-0.05714285714285714,-0.010653753026634384,ROOT,True,4
L1_neighbourhood_group=bronx|L2_room_type=shared_room,L2,L1_neighbourhood_group=bronx,31,20,0.03225806451612903,0.0,0.4,0.2,,,,,,,0,True,,f1_regret_bnd,,-0.05714285714285714,,ROOT,True,4
L1_neighbourhood_group=brooklyn|L2_room_type=entire_home,L2,L1_neighbourhood_group=brooklyn,1084,450,0.11808118081180811,0.11333333333333333,0.4,0.2,0.3811111111111111,0.23728813559322037,0.875,0.13725490196078433,0.12222222222222222,0.017777777777777778,450,True,,f1_regret_bnd,-0.20493408662900187,0.07524110168264354,-0.2801751883116454,ROOT,True,4
L1_neighbourhood_group=brooklyn|L2_room_type=private_room,L2,L1_neighbourhood_group=brooklyn,1149,476,0.007832898172323759,0.012605042016806723,0.4,0.2,0.05042016806722689,0.0,0.0,0.0,0.0,0.0,476,True,,f1_regret_bnd,-0.05042016806722689,0.07524110168264354,-0.12566126974987044,ROOT,True,4
L1_neighbourhood_group=brooklyn|L2_room_type=shared_room,L2,L1_neighbourhood_group=brooklyn,232,91,0.01293103448275862,0.0,0.4,0.2,,,,,,,0,True,,f1_regret_bnd,,0.07524110168264354,,ROOT,True,4
L1_neighbourhood_group=manhattan|L2_room_type=entire_home,L2,L1_neighbourhood_group=manhattan,1460,647,0.2595890410958904,0.23183925811437403,0.4,0.2,0.500772797527048,0.5555555555555556,0.4947916666666667,0.6333333333333333,0.43894899536321486,0.29675425038639874,647,True,,f1_regret_bnd,-0.1646917396530998,0.03177965127242793,-0.19647139092552773,ROOT,True,4
L1_neighbourhood_group=manhattan|L2_room_type=private_room,L2,L1_neighbourhood_group=manhattan,881,385,0.05561861520998865,0.03116883116883117,0.4,0.3,0.07792207792207792,0.4210526315789474,0.5714285714285714,0.3333333333333333,0.005194805194805195,0.01818181818181818,385,False,,f1_regret_bnd,0.3405331510594669,0.03177965127242793,0.308753499787039,L1_neighbourhood_group=manhattan|L2_room_type=private_room,False,4
L1_neighbourhood_group=manhattan|L2_room_type=shared_room,L2,L1_neighbourhood_group=manhattan,52,117,0.057692307692307696,0.03418803418803419,0.4,0.2,0.1111111111111111,0.0,0.0,0.0,0.10256410256410256,0.0,117,True,,f1_regret_bnd,-0.16239316239316237,0.03177965127242793,-0.1941728136655903,ROOT,True,4
L1_neighbourhood_group=queens|L2_room_type=entire_home,L2,L1_neighbourhood_group=queens,230,103,0.06521739130434782,0.0970873786407767,0.4,0.1,0.27184466019417475,0.4285714285714285,0.75,0.3,0.21359223300970873,0.038834951456310676,103,False,,f1_regret_bnd,0.04993065187239938,-0.2518518518518519,0.30178250372425125,L1_neighbourhood_group=queens|L2_room_type=entire_home,False,4
L1_neighbourhood_group=queens|L2_room_type=private_room,L2,L1_neighbourhood_group=queens,382,154,0.007853403141361256,0.006493506493506494,0.2,0.1,0.025974025974025976,0.0,0.0,0.0,0.0,0.0,154,False,,f1_regret_bnd,-0.025974025974025976,-0.2518518518518519,0.2258778258778259,L1_neighbourhood_group=queens|L2_room_type=private_room,False,4
L1_neighbourhood_group=queens|L2_room_type=shared_room,L2,L1_neighbourhood_group=queens,110,51,0.02727272727272727,0.0196078431372549,0.4,0.2,0.0784313725490196,0.0,0.0,0.0,0.0,0.0,51,False,,f1_regret_bnd,-0.0784313725490196,-0.2518518518518519,0.17342047930283228,L1_neighbourhood_group=queens|L2_room_type=shared_room,False,4
L1_neighbourhood_group=staten_island|L2_room_type=entire_home,L2,L1_neighbourhood_group=staten_island,59,47,0.0847457627118644,0.1276595744680851,0.4,0.2,0.425531914893617,0.2857142857142857,1.0,0.16666666666666666,0.0,0.02127659574468085,47,True,,f1_regret_bnd,-0.13981762917933133,0.0357142857142857,-0.17553191489361702,ROOT,True,4
L1_neighbourhood_group=staten_island|L2_room_type=private_room,L2,L1_neighbourhood_group=staten_island,55,31,0.01818181818181818,0.0,0.4,0.2,,,,,,,0,True,,f1_regret_bnd,,0.0357142857142857,,ROOT,True,4
L1_neighbourhood_group=staten_island|L2_room_type=others,L2,L1_neighbourhood_group=staten_island,3,2,0.0,0.0,0.4,0.2,,,,,,,0,True,,f1_regret_bnd,,0.0357142857142857,,ROOT,True,4
L1_neighbourhood_group=bronx|L2_room_type=entire_home|L3_availability_365=long_term,L3,L1_neighbourhood_group=bronx|L2_room_type=entire_home,77,37,0.14285714285714285,0.02702702702702703,0.5,0.4,0.10810810810810811,0.0,0.0,0.0,0.0,0.0,37,False,,f1_regret_bnd,-0.10810810810810811,-0.12631578947368421,0.0182076813655761,L1_neighbourhood_group=bronx|L2_room_type=entire_home|L3_availability_365=long_term,False,4
L1_neighbourhood_group=bronx|L2_room_type=entire_home|L3_availability_365=mid_term,L3,L1_neighbourhood_group=bronx|L2_room_type=entire_home,73,32,0.0547945205479452,0.03125,0.4,0.2,0.125,0.0,0.0,0.0,0.0,0.0,32,False,,f1_regret_bnd,-0.125,-0.12631578947368421,0.0013157894736842146,L1_neighbourhood_group=bronx|L2_room_type=entire_home|L3_availability_365=mid_term,False,4
L1_neighbourhood_group=bronx|L2_room_type=entire_home|L3_availability_365=rare,L3,L1_neighbourhood_group=bronx|L2_room_type=entire_home,52,26,0.038461538461538464,0.038461538461538464,0.4,0.2,0.15384615384615385,0.0,0.0,0.0,0.0,0.0,26,True,,f1_regret_bnd,-0.15384615384615385,-0.12631578947368421,-0.02753036437246964,ROOT,True,4
L1_neighbourhood_group=bronx|L2_room_type=private_room|L3_availability_365=long_term,L3,L1_neighbourhood_group=bronx|L2_room_type=private_room,141,68,0.0070921985815602835,0.014705882352941176,0.2,0.1,0.058823529411764705,0.0,0.0,0.0,0.0,0.0,68,False,,f1_regret_bnd,-0.058823529411764705,-0.06779661016949153,0.00897308075772682,L1_neighbourhood_group=bronx|L2_room_type=private_room|L3_availability_365=long_term,False,4
L1_neighbourhood_group=bronx|L2_room_type=private_room|L3_availability_365=mid_term,L3,L1_neighbourhood_group=bronx|L2_room_type=private_room,135,56,0.007407407407407408,0.0,0.4,0.2,,,,,,,0,True,,f1_regret_bnd,,-0.06779661016949153,,ROOT,True,4
L1_neighbourhood_group=bronx|L2_room_type=private_room|L3_availability_365=rare,L3,L1_neighbourhood_group=bronx|L2_room_type=private_room,88,35,0.022727272727272728,0.02857142857142857,0.4,0.2,0.11428571428571428,0.0,0.0,0.0,0.0,0.0,35,True,,f1_regret_bnd,-0.11428571428571428,-0.06779661016949153,-0.04648910411622276,ROOT,True,4
L1_neighbourhood_group=brooklyn|L2_room_type=entire_home|L3_availability_365=long_term,L3,L1_neighbourhood_group=brooklyn|L2_room_type=entire_home,1409,574,0.16749467707594037,0.16550522648083624,0.2,0.1,0.3885017421602787,0.5078124999999999,0.40372670807453415,0.6842105263157895,0.20209059233449478,0.2804878048780488,574,False,,f1_regret_bnd,0.01826546167247378,-0.20493408662900187,0.22319954830147565,L1_neighbourhood_group=brooklyn|L2_room_type=entire_home|L3_availability_365=long_term,False,4
L1_neighbourhood_group=brooklyn|L2_room_type=entire_home|L3_availability_365=mid_term,L3,L1_neighbourhood_group=brooklyn|L2_room_type=entire_home,1239,535,0.12267958030669895,0.15327102803738318,0.2,0.1,0.4504672897196262,0.38918918918918916,0.34951456310679613,0.43902439024390244,0.2542056074766355,0.1925233644859813,535,False,,f1_regret_bnd,-0.18838090426875478,-0.20493408662900187,0.016553182360247082,L1_neighbourhood_group=brooklyn|L2_room_type=entire_home|L3_availability_365=mid_term,False,4
L1_neighbourhood_group=brooklyn|L2_room_type=entire_home|L3_availability_365=rare,L3,L1_neighbourhood_group=brooklyn|L2_room_type=entire_home,2782,1146,0.0884255930984903,0.08027923211169284,0.4,0.2,0.29450261780104714,0.02150537634408602,1.0,0.010869565217391304,0.05846422338568935,0.0008726003490401396,1146,True,,f1_regret_bnd,-0.3022293531498058,-0.20493408662900187,-0.09729526652080395,ROOT,True,4
L1_neighbourhood_group=brooklyn|L2_room_type=private_room|L3_availability_365=long_term,L3,L1_neighbourhood_group=brooklyn|L2_room_type=private_room,1439,596,0.009728978457261988,0.01174496644295302,0.4,0.3,0.04697986577181208,0.0,0.0,0.0,0.0,0.0,596,False,,f1_regret_bnd,-0.04697986577181208,-0.05042016806722689,0.00344030229541481,L1_neighbourhood_group=brooklyn|L2_room_type=private_room|L3_availability_365=long_term,False,4
L1_neighbourhood_group=brooklyn|L2_room_type=private_room|L3_availability_365=mid_term,L3,L1_neighbourhood_group=brooklyn|L2_room_type=private_room,1380,583,0.015217391304347827,0.012006861063464836,0.4,0.3,0.048027444253859346,0.0,0.0,0.0,0.0,0.0,583,False,,f1_regret_bnd,-0.048027444253859346,-0.05042016806722689,0.0023927238133675463,L1_neighbourhood_group=brooklyn|L2_room_type=private_room|L3_availability_365=mid_term,False,4
L1_neighbourhood_group=brooklyn|L2_room_type=private_room|L3_availability_365=rare,L3,L1_neighbourhood_group=brooklyn|L2_room_type=private_room,2933,1209,0.004432321854756222,0.007444168734491315,0.2,0.1,0.027708850289495452,0.0,0.0,0.0,0.0008271298593879239,0.0,1209,False,,f1_regret_bnd,-0.028122415219189414,-0.05042016806722689,0.022297752848037478,L1_neighbourhood_group=brooklyn|L2_room_type=private_room|L3_availability_365=rare,False,4
L1_neighbourhood_group=brooklyn|L2_room_type=shared_room|L3_availability_365=long_term,L3,L1_neighbourhood_group=brooklyn|L2_room_type=shared_room,97,46,0.010309278350515464,0.0,0.4,0.2,,,,,,,0,True,,f1_regret_bnd,,-0.26382616105666806,,ROOT,True,4
L1_neighbourhood_group=brooklyn|L2_room_type=shared_room|L3_availability_365=mid_term,L3,L1_neighbourhood_group=brooklyn|L2_room_type=shared_room,57,20,0.0,0.0,0.4,0.2,,,,,,,0,True,,f1_regret_bnd,,-0.26382616105666806,,ROOT,True,4
L1_neighbourhood_group=brooklyn|L2_room_type=shared_room|L3_availability_365=rare,L3,L1_neighbourhood_group=brooklyn|L2_room_type=shared_room,78,25,0.02564102564102564,0.0,0.4,0.2,,,,,,,0,True,,f1_regret_bnd,,-0.26382616105666806,,ROOT,True,4
L1_neighbourhood_group=manhattan|L2_room_type=entire_home|L3_availability_365=long_term,L3,L1_neighbourhood_group=manhattan|L2_room_type=entire_home,2381,1038,0.32969340613187736,0.33236994219653176,0.3,0.1,0.5245664739884393,0.6305882352941177,0.5306930693069307,0.7768115942028986,0.36897880539499034,0.4865125240847784,1038,False,,f1_regret_bnd,-0.07846764139181675,-0.1646917396530998,0.08622409826128305,L1_neighbourhood_group=manhattan|L2_room_type=entire_home|L3_availability_365=long_term,False,4
L1_neighbourhood_group=manhattan|L2_room_type=entire_home|L3_availability_365=mid_term,L3,L1_neighbourhood_group=manhattan|L2_room_type=entire_home,1470,656,0.3,0.3079268292682927,0.2,0.1,0.5617378048780488,0.548172757475083,0.4125,0.8168316831683168,0.2301829268292683,0.6097560975609756,656,False,,f1_regret_bnd,-0.1286565108176,-0.1646917396530998,0.03603522883549981,L1_neighbourhood_group=manhattan|L2_room_type=entire_home|L3_availability_365=mid_term,False,4
L1_neighbourhood_group=manhattan|L2_room_type=entire_home|L3_availability_365=rare,L3,L1_neighbourhood_group=manhattan|L2_room_type=entire_home,3450,1546,0.17768115942028986,0.16041397153945666,0.4,0.2,0.48253557567917205,0.2654320987654321,0.5657894736842105,0.17338709677419356,0.2690815006468305,0.04915912031047866,1546,True,,f1_regret_bnd,-0.35164422723715516,-0.1646917396530998,-0.18695248758405536,ROOT,True,4
L1_neighbourhood_group=manhattan|L2_room_type=private_room|L3_availability_365=long_term,L3,L1_neighbourhood_group=manhattan|L2_room_type=private_room,1193,484,0.09136630343671416,0.07851239669421488,0.4,0.3,0.2024793388429752,0.46153846153846156,0.5555555555555556,0.39473684210526316,0.012396694214876033,0.05578512396694215,484,True,L1_neighbourhood_group=manhattan|L2_room_type=private_room,f1_regret_bnd,0.25286077558804837,0.3405331510594669,-0.08767237547141854,L1_neighbourhood_group=manhattan|L2_room_type=private_room,True,4
L1_neighbourhood_group=manhattan|L2_room_type=private_room|L3_availability_365=mid_term,L3,L1_neighbourhood_group=manhattan|L2_room_type=private_room,1025,499,0.03219512195121951,0.04008016032064128,0.4,0.3,0.1062124248496994,0.4324324324324324,0.47058823529411764,0.4,0.04408817635270541,0.03406813627254509,499,True,L1_neighbourhood_group=manhattan|L2_room_type=private_room,f1_regret_bnd,0.3041759194063803,0.3405331510594669,-0.03635723165308663,L1_neighbourhood_group=manhattan|L2_room_type=private_room,True,4
L1_neighbourhood_group=manhattan|L2_room_type=private_room|L3_availability_365=rare,L3,L1_neighbourhood_group=manhattan|L2_room_type=private_room,2190,952,0.026484018264840183,0.026260504201680673,0.4,0.3,0.08088235294117647,0.3225806451612903,0.8333333333333334,0.2,0.01680672268907563,0.0063025210084033615,952,True,L1_neighbourhood_group=manhattan|L2_room_type=private_room,f1_regret_bnd,0.23329493087557604,0.3405331510594669,-0.10723822018389087,L1_neighbourhood_group=manhattan|L2_room_type=private_room,True,4
L1_neighbourhood_group=manhattan|L2_room_type=shared_room|L3_availability_365=long_term,L3,L1_neighbourhood_group=manhattan|L2_room_type=shared_room,95,48,0.042105263157894736,0.0,0.4,0.2,,,,,,,0,True,,f1_regret_bnd,,-0.16239316239316237,,ROOT,True,4
L1_neighbourhood_group=manhattan|L2_room_type=shared_room|L3_availability_365=mid_term,L3,L1_neighbourhood_group=manhattan|L2_room_type=shared_room,55,26,0.07272727272727272,0.11538461538461539,0.4,0.2,0.3076923076923077,0.0,0.0,0.0,0.15384615384615385,0.0,26,True,,f1_regret_bnd,-0.38461538461538464,-0.16239316239316237,-0.22222222222222227,ROOT,True,4
L1_neighbourhood_group=manhattan|L2_room_type=shared_room|L3_availability_365=rare,L3,L1_neighbourhood_group=manhattan|L2_room_type=shared_room,111,43,0.06306306306306306,0.023255813953488372,0.5,0.4,0.09302325581395349,0.0,0.0,0.0,0.0,0.0,43,False,,f1_regret_bnd,-0.09302325581395349,-0.16239316239316237,0.06936990657920888,L1_neighbourhood_group=manhattan|L2_room_type=shared_room|L3_availability_365=rare,False,4
L1_neighbourhood_group=queens|L2_room_type=entire_home|L3_availability_365=long_term,L3,L1_neighbourhood_group=queens|L2_room_type=entire_home,367,179,0.14168937329700274,0.13966480446927373,0.4,0.1,0.3770949720670391,0.4,0.7,0.28,0.15083798882681565,0.055865921787709494,179,True,L1_neighbourhood_group=queens|L2_room_type=entire_home,f1_regret_bnd,-0.05251396648044693,0.04993065187239938,-0.10244461835284631,L1_neighbourhood_group=queens|L2_room_type=entire_home,True,4
L1_neighbourhood_group=queens|L2_room_type=entire_home|L3_availability_365=mid_term,L3,L1_neighbourhood_group=queens|L2_room_type=entire_home,383,151,0.06527415143603134,0.052980132450331126,0.4,0.1,0.2119205298013245,0.0,0.0,0.0,0.0,0.0,151,True,L1_neighbourhood_group=queens|L2_room_type=entire_home,f1_regret_bnd,-0.2119205298013245,0.04993065187239938,-0.2618511816737239,L1_neighbourhood_group=queens|L2_room_type=entire_home,True,4
L1_neighbourhood_group=queens|L2_room_type=entire_home|L3_availability_365=rare,L3,L1_neighbourhood_group=queens|L2_room_type=entire_home,406,193,0.03201970443349754,0.04145077720207254,0.4,0.1,0.14248704663212436,0.2222222222222222,1.0,0.125,0.11917098445595854,0.0051813471502590676,193,True,L1_neighbourhood_group=queens|L2_room_type=entire_home,f1_regret_bnd,0.02014968336211858,0.04993065187239938,-0.0297809685102808,L1_neighbourhood_group=queens|L2_room_type=entire_home,True,4
L1_neighbourhood_group=queens|L2_room_type=private_room|L3_availability_365=long_term,L3,L1_neighbourhood_group=queens|L2_room_type=private_room,698,289,0.008595988538681949,0.01384083044982699,0.2,0.1,0.05536332179930796,0.0,0.0,0.0,0.0,0.0,289,True,L1_neighbourhood_group=queens|L2_room_type=private_room,f1_regret_bnd,-0.05536332179930796,-0.025974025974025976,-0.029389295825281984,L1_neighbourhood_group=queens|L2_room_type=private_room,True,4
L1_neighbourhood_group=queens|L2_room_type=private_room|L3_availability_365=mid_term,L3,L1_neighbourhood_group=queens|L2_room_type=private_room,606,264,0.009900990099009901,0.007575757575757576,0.2,0.1,0.030303030303030304,0.0,0.0,0.0,0.0,0.0,264,True,L1_neighbourhood_group=queens|L2_room_type=private_room,f1_regret_bnd,-0.030303030303030304,-0.025974025974025976,-0.004329004329004328,L1_neighbourhood_group=queens|L2_room_type=private_room,True,4
L1_neighbourhood_group=queens|L2_room_type=private_room|L3_availability_365=rare,L3,L1_neighbourhood_group=queens|L2_room_type=private_room,610,228,0.006557377049180328,0.008771929824561403,0.2,0.1,0.03508771929824561,0.0,0.0,0.0,0.0,0.0,228,True,L1_neighbourhood_group=queens|L2_room_type=private_room,f1_regret_bnd,-0.03508771929824561,-0.025974025974025976,-0.009113693324219636,L1_neighbourhood_group=queens|L2_room_type=private_room,True,4
L1_neighbourhood_group=queens|L2_room_type=shared_room|L3_availability_365=long_term,L3,L1_neighbourhood_group=queens|L2_room_type=shared_room,54,22,0.018518518518518517,0.0,0.4,0.2,,,,,,,0,True,L1_neighbourhood_group=queens|L2_room_type=shared_room,f1_regret_bnd,,-0.0784313725490196,,L1_neighbourhood_group=queens|L2_room_type=shared_room,True,4
L1_neighbourhood_group=queens|L2_room_type=shared_room|L3_availability_365=others,L3,L1_neighbourhood_group=queens|L2_room_type=shared_room,56,29,0.03571428571428571,0.034482758620689655,0.4,0.2,,,,,,,0,True,L1_neighbourhood_group=queens|L2_room_type=shared_room,f1_regret_bnd,,-0.0784313725490196,,L1_neighbourhood_group=queens|L2_room_type=shared_room,True,4
L1_neighbourhood_group=staten_island|L2_room_type=entire_home|L3_availability_365=long_term,L3,L1_neighbourhood_group=staten_island|L2_room_type=entire_home,49,24,0.08163265306122448,0.16666666666666666,0.4,0.2,0.5,0.4,1.0,0.25,0.0,0.041666666666666664,24,False,,f1_regret_bnd,-0.09999999999999998,-0.13981762917933133,0.03981762917933135,L1_neighbourhood_group=staten_island|L2_room_type=entire_home|L3_availability_365=long_term,False,4
L1_neighbourhood_group=staten_island|L2_room_type=entire_home|L3_availability_365=others,L3,L1_neighbourhood_group=staten_island|L2_room_type=entire_home,53,23,0.09433962264150944,0.08695652173913043,0.4,0.2,,,,,,,0,True,,f1_regret_bnd,,-0.13981762917933133,,ROOT,True,4
L1_neighbourhood_group=staten_island|L2_room_type=private_room|L3_availability_365=long_term,L3,L1_neighbourhood_group=staten_island|L2_room_type=private_room,75,17,0.0,0.0,0.4,0.2,,,,,,,0,True,,f1_regret_bnd,,-0.26382616105666806,,ROOT,True,4
L1_neighbourhood_group=staten_island|L2_room_type=private_room|L3_availability_365=others,L3,L1_neighbourhood_group=staten_island|L2_room_type=private_room,40,14,0.025,0.0,0.4,0.2,,,,,,,0,True,,f1_regret_bnd,,-0.26382616105666806,,ROOT,True,4
ROOT,L1,,5474,2345,0.108330288637194,0.1070362473347548,0.2,0.1,0.2373134328358209,0.5409582689335395,0.44191919191919193,0.6972111553784861,0.13176972281449895,0.16886993603411513,2345,False,,f1_regret_bnd,0.2377599746904691,-0.2587558585428206,0.49651583323328974,ROOT,False,5
L1_neighbourhood_group=bronx,L1,ROOT,154,65,0.012987012987012988,0.06153846153846154,0.2,0.1,0.23846153846153847,0.0,0.0,0.0,0.07692307692307693,0.0,65,True,,f1_regret_bnd,-0.27692307692307694,0.2377599746904691,-0.5146830516135461,ROOT,True,5
L1_neighbourhood_group=brooklyn,L1,ROOT,2249,976,0.06447309915518008,0.05635245901639344,0.2,0.1,0.18237704918032788,0.3739837398373984,0.3382352941176471,0.41818181818181815,0.10860655737704918,0.06967213114754098,976,True,,f1_regret_bnd,0.13730341196854595,0.2377599746904691,-0.10045656272192316,ROOT,True,5
L1_neighbourhood_group=manhattan,L1,ROOT,2424,1030,0.16377887788778878,0.16601941747572815,0.2,0.1,0.3271844660194175,0.546031746031746,0.5972222222222222,0.5029239766081871,0.18446601941747573,0.13980582524271845,1030,True,,f1_regret_bnd,0.12661427030359063,0.2377599746904691,-0.11114570438687849,ROOT,True,5
L1_neighbourhood_group=queens,L1,ROOT,629,311,0.028616852146263912,0.04501607717041801,0.2,0.1,0.14308681672025725,0.3333333333333333,0.75,0.21428571428571427,0.01607717041800643,0.012861736334405145,311,True,,f1_regret_bnd,0.18220793140407285,0.2377599746904691,-0.05555204328639626,ROOT,True,5
L1_neighbourhood_group=staten_island,L1,ROOT,50,68,0.02,0.014705882352941176,0.2,0.1,0.058823529411764705,0.0,0.0,0.0,0.0,0.0,68,True,,f1_regret_bnd,-0.058823529411764705,0.2377599746904691,-0.29658350410223383,ROOT,True,5
L1_neighbourhood_group=bronx|L2_room_type=entire_home,L2,L1_neighbourhood_group=bronx,215,90,0.06046511627906977,0.08888888888888889,0.3,0.1,0.3,0.18181818181818182,0.3333333333333333,0.125,0.2,0.03333333333333333,90,False,,f1_regret_bnd,-0.21818181818181817,-0.27692307692307694,0.05874125874125877,L1_neighbourhood_group=bronx|L2_room_type=entire_home,False,5
L1_neighbourhood_group=bronx|L2_room_type=private_room,L2,L1_neighbourhood_group=bronx,73,55,0.0136986301369863,0.01818181818181818,0.2,0.1,0.07272727272727272,0.0,0.0,0.0,0.0,0.0,55,False,,f1_regret_bnd,-0.07272727272727272,-0.27692307692307694,0.20419580419580421,L1_neighbourhood_group=bronx|L2_room_type=private_room,False,5
L1_neighbourhood_group=bronx|L2_room_type=shared_room,L2,L1_neighbourhood_group=bronx,37,15,0.0,0.0,0.2,0.1,,,,,,,0,True,,f1_regret_bnd,,-0.27692307692307694,,ROOT,True,5
L1_neighbourhood_group=brooklyn|L2_room_type=entire_home,L2,L1_neighbourhood_group=brooklyn,1065,467,0.10422535211267606,0.11349036402569593,0.2,0.1,0.3286937901498929,0.42424242424242425,0.35443037974683544,0.5283018867924528,0.2291220556745182,0.16916488222698073,467,True,,f1_regret_bnd,-0.019012393744727768,0.13730341196854595,-0.15631580571327372,ROOT,True,5
L1_neighbourhood_group=brooklyn|L2_room_type=private_room,L2,L1_neighbourhood_group=brooklyn,1139,486,0.0052677787532923615,0.0102880658436214,0.2,0.1,0.0411522633744856,0.0,0.0,0.0,0.0,0.0,486,True,,f1_regret_bnd,-0.0411522633744856,0.13730341196854595,-0.17845567534303156,ROOT,True,5
L1_neighbourhood_group=brooklyn|L2_room_type=shared_room,L2,L1_neighbourhood_group=brooklyn,220,70,0.00909090909090909,0.0,0.2,0.1,,,,,,,0,True,,f1_regret_bnd,,0.13730341196854595,,ROOT,True,5
L1_neighbourhood_group=manhattan|L2_room_type=entire_home,L2,L1_neighbourhood_group=manhattan,1466,637,0.25648021828103684,0.2621664050235479,0.2,0.1,0.5290423861852434,0.4983606557377049,0.5507246376811594,0.4550898203592814,0.3328100470957614,0.21664050235478807,637,True,,f1_regret_bnd,-0.19708675399541917,0.12661427030359063,-0.3237010242990098,ROOT,True,5
L1_neighbourhood_group=manhattan|L2_room_type=private_room,L2,L1_neighbourhood_group=manhattan,902,367,0.04767184035476718,0.05449591280653951,0.2,0.1,0.09400544959128065,0.6046511627906976,0.5652173913043478,0.65,0.04632152588555858,0.06267029972752043,367,False,,f1_regret_bnd,0.4874849502566377,0.12661427030359063,0.36087067995304706,L1_neighbourhood_group=manhattan|L2_room_type=private_room,False,5
L1_neighbourhood_group=manhattan|L2_room_type=shared_room,L2,L1_neighbourhood_group=manhattan,55,74,0.09090909090909091,0.02702702702702703,0.2,0.1,0.10810810810810811,0.0,0.0,0.0,0.0,0.0,74,True,,f1_regret_bnd,-0.10810810810810811,0.12661427030359063,-0.23472237841169874,ROOT,True,5
L1_neighbourhood_group=queens|L2_room_type=entire_home,L2,L1_neighbourhood_group=queens,235,95,0.05106382978723404,0.1368421052631579,0.2,0.1,0.38421052631578945,0.4545454545454546,0.5555555555555556,0.38461538461538464,0.07368421052631578,0.09473684210526316,95,True,,f1_regret_bnd,0.03349282296650725,0.18220793140407285,-0.1487151084375656,ROOT,True,5
L1_neighbourhood_group=queens|L2_room_type=private_room,L2,L1_neighbourhood_group=queens,371,164,0.005390835579514825,0.0,0.2,0.1,,,,,,,0,True,,f1_regret_bnd,,0.18220793140407285,,ROOT,True,5
L1_neighbourhood_group=queens|L2_room_type=shared_room,L2,L1_neighbourhood_group=queens,61,50,0.01639344262295082,0.04,0.2,0.1,0.16,0.0,0.0,0.0,0.0,0.0,50,True,,f1_regret_bnd,-0.16,0.18220793140407285,-0.34220793140407285,ROOT,True,5
L1_neighbourhood_group=staten_island|L2_room_type=entire_home,L2,L1_neighbourhood_group=staten_island,111,25,0.11711711711711711,0.04,0.2,0.1,0.16,0.0,0.0,0.0,0.0,0.0,25,True,,f1_regret_bnd,-0.16,-0.058823529411764705,-0.1011764705882353,ROOT,True,5
L1_neighbourhood_group=staten_island|L2_room_type=private_room,L2,L1_neighbourhood_group=staten_island,55,43,0.0,0.0,0.2,0.1,,,,,,,0,True,,f1_regret_bnd,,-0.058823529411764705,,ROOT,True,5
L1_neighbourhood_group=staten_island|L2_room_type=others,L2,L1_neighbourhood_group=staten_island,7,0,0.0,,0.2,0.1,,,,,,,0,True,,f1_regret_bnd,,-0.058823529411764705,,ROOT,True,5
L1_neighbourhood_group=bronx|L2_room_type=entire_home|L3_availability_365=long_term,L3,L1_neighbourhood_group=bronx|L2_room_type=entire_home,80,39,0.1,0.10256410256410256,0.3,0.1,0.3333333333333333,0.28571428571428575,0.3333333333333333,0.25,0.41025641025641024,0.07692307692307693,39,True,L1_neighbourhood_group=bronx|L2_room_type=entire_home,f1_regret_bnd,-0.2527472527472527,-0.21818181818181817,-0.03456543456543451,L1_neighbourhood_group=bronx|L2_room_type=entire_home,True,5
L1_neighbourhood_group=bronx|L2_room_type=entire_home|L3_availability_365=mid_term,L3,L1_neighbourhood_group=bronx|L2_room_type=entire_home,83,28,0.04819277108433735,0.07142857142857142,0.3,0.1,0.21428571428571427,0.0,0.0,0.0,0.07142857142857142,0.0,28,True,L1_neighbourhood_group=bronx|L2_room_type=entire_home,f1_regret_bnd,-0.25,-0.21818181818181817,-0.03181818181818183,L1_neighbourhood_group=bronx|L2_room_type=entire_home,True,5
L1_neighbourhood_group=bronx|L2_room_type=entire_home|L3_availability_365=rare,L3,L1_neighbourhood_group=bronx|L2_room_type=entire_home,52,23,0.019230769230769232,0.08695652173913043,0.3,0.1,0.34782608695652173,0.0,0.0,0.0,0.0,0.0,23,True,L1_neighbourhood_group=bronx|L2_room_type=entire_home,f1_regret_bnd,-0.34782608695652173,-0.21818181818181817,-0.12964426877470356,L1_neighbourhood_group=bronx|L2_room_type=entire_home,True,5
L1_neighbourhood_group=bronx|L2_room_type=private_room|L3_availability_365=long_term,L3,L1_neighbourhood_group=bronx|L2_room_type=private_room,156,64,0.01282051282051282,0.0,0.2,0.1,,,,,,,0,True,L1_neighbourhood_group=bronx|L2_room_type=private_room,f1_regret_bnd,,-0.07272727272727272,,L1_neighbourhood_group=bronx|L2_room_type=private_room,True,5
L1_neighbourhood_group=bronx|L2_room_type=private_room|L3_availability_365=mid_term,L3,L1_neighbourhood_group=bronx|L2_room_type=private_room,131,70,0.0,0.014285714285714285,0.2,0.1,0.05714285714285714,0.0,0.0,0.0,0.0,0.0,70,False,,f1_regret_bnd,-0.05714285714285714,-0.07272727272727272,0.015584415584415583,L1_neighbourhood_group=bronx|L2_room_type=private_room|L3_availability_365=mid_term,False,5
L1_neighbourhood_group=bronx|L2_room_type=private_room|L3_availability_365=rare,L3,L1_neighbourhood_group=bronx|L2_room_type=private_room,83,29,0.012048192771084338,0.034482758620689655,0.2,0.1,0.13793103448275862,0.0,0.0,0.0,0.0,0.0,29,True,L1_neighbourhood_group=bronx|L2_room_type=private_room,f1_regret_bnd,-0.13793103448275862,-0.07272727272727272,-0.0652037617554859,L1_neighbourhood_group=bronx|L2_room_type=private_room,True,5
L1_neighbourhood_group=brooklyn|L2_room_type=entire_home|L3_availability_365=long_term,L3,L1_neighbourhood_group=brooklyn|L2_room_type=entire_home,1404,585,0.17022792022792022,0.13333333333333333,0.2,0.1,0.3888888888888889,0.41841004184100417,0.3105590062111801,0.6410256410256411,0.21025641025641026,0.27521367521367524,585,True,,f1_regret_bnd,-0.07560705217608986,-0.019012393744727768,-0.05659465843136209,ROOT,True,5
L1_neighbourhood_group=brooklyn|L2_room_type=entire_home|L3_availability_365=mid_term,L3,L1_neighbourhood_group=brooklyn|L2_room_type=entire_home,1259,554,0.1318506751389992,0.12274368231046931,0.2,0.1,0.37184115523465705,0.4067796610169491,0.3302752293577982,0.5294117647058824,0.22382671480144403,0.1967509025270758,554,True,,f1_regret_bnd,-0.07697485161842994,-0.019012393744727768,-0.057962457873702175,ROOT,True,5
L1_neighbourhood_group=brooklyn|L2_room_type=entire_home|L3_availability_365=rare,L3,L1_neighbourhood_group=brooklyn|L2_room_type=entire_home,2671,1200,0.08947959565705728,0.08416666666666667,0.2,0.1,0.32375,0.03809523809523809,0.5,0.019801980198019802,0.009166666666666667,0.0033333333333333335,1200,True,,f1_regret_bnd,-0.29023809523809524,-0.019012393744727768,-0.27122570149336744,ROOT,True,5
L1_neighbourhood_group=brooklyn|L2_room_type=private_room|L3_availability_365=long_term,L3,L1_neighbourhood_group=brooklyn|L2_room_type=private_room,1381,590,0.013034033309196235,0.003389830508474576,0.4,0.3,0.013559322033898305,0.0,0.0,0.0,0.0,0.0,590,False,,f1_regret_bnd,-0.013559322033898305,-0.0411522633744856,0.02759294134058729,L1_neighbourhood_group=brooklyn|L2_room_type=private_room|L3_availability_365=long_term,False,5
L1_neighbourhood_group=brooklyn|L2_room_type=private_room|L3_availability_365=mid_term,L3,L1_neighbourhood_group=brooklyn|L2_room_type=private_room,1380,590,0.013768115942028985,0.013559322033898305,0.2,0.1,0.04745762711864407,0.0,0.0,0.0,0.006779661016949152,0.0,590,True,,f1_regret_bnd,-0.05084745762711865,-0.0411522633744856,-0.00969519425263305,ROOT,True,5
L1_neighbourhood_group=brooklyn|L2_room_type=private_room|L3_availability_365=rare,L3,L1_neighbourhood_group=brooklyn|L2_room_type=private_room,2938,1251,0.004765146358066712,0.007993605115907274,0.2,0.1,0.0319744204636291,0.0,0.0,0.0,0.0,0.0,1251,False,,f1_regret_bnd,-0.0319744204636291,-0.0411522633744856,0.0091778429108565,L1_neighbourhood_group=brooklyn|L2_room_type=private_room|L3_availability_365=rare,False,5
L1_neighbourhood_group=brooklyn|L2_room_type=shared_room|L3_availability_365=long_term,L3,L1_neighbourhood_group=brooklyn|L2_room_type=shared_room,106,58,0.009433962264150943,0.0,0.2,0.1,,,,,,,0,True,,f1_regret_bnd,,-0.2587558585428206,,ROOT,True,5
L1_neighbourhood_group=brooklyn|L2_room_type=shared_room|L3_availability_365=mid_term,L3,L1_neighbourhood_group=brooklyn|L2_room_type=shared_room,51,24,0.0,0.0,0.2,0.1,,,,,,,0,True,,f1_regret_bnd,,-0.2587558585428206,,ROOT,True,5
L1_neighbourhood_group=brooklyn|L2_room_type=shared_room|L3_availability_365=rare,L3,L1_neighbourhood_group=brooklyn|L2_room_type=shared_room,63,35,0.015873015873015872,0.0,0.2,0.1,,,,,,,0,True,,f1_regret_bnd,,-0.2587558585428206,,ROOT,True,5
L1_neighbourhood_group=manhattan|L2_room_type=entire_home|L3_availability_365=long_term,L3,L1_neighbourhood_group=manhattan|L2_room_type=entire_home,2393,1040,0.3389051399916423,0.3278846153846154,0.4,0.2,0.5067307692307692,0.6124661246612465,0.5692695214105793,0.6627565982404692,0.2903846153846154,0.3817307692307692,1040,False,,f1_regret_bnd,-0.03945695226183041,-0.19708675399541917,0.15762980173358876,L1_neighbourhood_group=manhattan|L2_room_type=entire_home|L3_availability_365=long_term,False,5
L1_neighbourhood_group=manhattan|L2_room_type=entire_home|L3_availability_365=mid_term,L3,L1_neighbourhood_group=manhattan|L2_room_type=entire_home,1418,662,0.2940761636107193,0.34894259818731116,0.2,0.1,0.5317220543806647,0.5975609756097561,0.4611764705882353,0.8484848484848485,0.20241691842900303,0.6419939577039275,662,False,,f1_regret_bnd,-0.03536953798541011,-0.19708675399541917,0.16171721601000905,L1_neighbourhood_group=manhattan|L2_room_type=entire_home|L3_availability_365=mid_term,False,5
L1_neighbourhood_group=manhattan|L2_room_type=entire_home|L3_availability_365=rare,L3,L1_neighbourhood_group=manhattan|L2_room_type=entire_home,3528,1489,0.17687074829931973,0.16252518468770988,0.2,0.1,0.4620550705171256,0.25949367088607594,0.5540540540540541,0.16942148760330578,0.2995298858294157,0.04969778374748153,1489,True,,f1_regret_bnd,-0.35232634254575745,-0.19708675399541917,-0.1552395885503383,ROOT,True,5
L1_neighbourhood_group=manhattan|L2_room_type=private_room|L3_availability_365=long_term,L3,L1_neighbourhood_group=manhattan|L2_room_type=private_room,1176,467,0.08928571428571429,0.10278372591006424,0.2,0.1,0.2398286937901499,0.5365853658536585,0.6470588235294118,0.4583333333333333,0.12419700214132762,0.0728051391862955,467,True,L1_neighbourhood_group=manhattan|L2_room_type=private_room,f1_regret_bnd,0.23465817099284472,0.4874849502566377,-0.25282677926379293,L1_neighbourhood_group=manhattan|L2_room_type=private_room,True,5
L1_neighbourhood_group=manhattan|L2_room_type=private_room|L3_availability_365=mid_term,L3,L1_neighbourhood_group=manhattan|L2_room_type=private_room,1047,429,0.03247373447946514,0.03263403263403263,0.2,0.1,0.11305361305361306,0.23529411764705882,0.6666666666666666,0.14285714285714285,0.039627039627039624,0.006993006993006993,429,True,L1_neighbourhood_group=manhattan|L2_room_type=private_room,f1_regret_bnd,0.10242698477992596,0.4874849502566377,-0.3850579654767117,L1_neighbourhood_group=manhattan|L2_room_type=private_room,True,5
L1_neighbourhood_group=manhattan|L2_room_type=private_room|L3_availability_365=rare,L3,L1_neighbourhood_group=manhattan|L2_room_type=private_room,2291,945,0.022261021388040158,0.02962962962962963,0.2,0.1,0.08571428571428572,0.43478260869565216,0.5555555555555556,0.35714285714285715,0.033862433862433865,0.01904761904761905,945,True,L1_neighbourhood_group=manhattan|L2_room_type=private_room,f1_regret_bnd,0.33213710605014957,0.4874849502566377,-0.15534784420648812,L1_neighbourhood_group=manhattan|L2_room_type=private_room,True,5
L1_neighbourhood_group=manhattan|L2_room_type=shared_room|L3_availability_365=long_term,L3,L1_neighbourhood_group=manhattan|L2_room_type=shared_room,100,44,0.01,0.0,0.2,0.1,,,,,,,0,True,,f1_regret_bnd,,-0.10810810810810811,,ROOT,True,5
L1_neighbourhood_group=manhattan|L2_room_type=shared_room|L3_availability_365=mid_term,L3,L1_neighbourhood_group=manhattan|L2_room_type=shared_room,65,19,0.09230769230769231,0.10526315789473684,0.2,0.1,,,,,,,0,True,,f1_regret_bnd,,-0.10810810810810811,,ROOT,True,5
L1_neighbourhood_group=manhattan|L2_room_type=shared_room|L3_availability_365=rare,L3,L1_neighbourhood_group=manhattan|L2_room_type=shared_room,112,57,0.03571428571428571,0.03508771929824561,0.2,0.1,0.14035087719298245,0.0,0.0,0.0,0.0,0.0,57,True,,f1_regret_bnd,-0.14035087719298245,-0.10810810810810811,-0.032242769084874334,ROOT,True,5
L1_neighbourhood_group=queens|L2_room_type=entire_home|L3_availability_365=long_term,L3,L1_neighbourhood_group=queens|L2_room_type=entire_home,389,158,0.14138817480719795,0.1518987341772152,0.2,0.1,0.4240506329113924,0.38888888888888895,0.5833333333333334,0.2916666666666667,0.11392405063291139,0.0759493670886076,158,True,,f1_regret_bnd,-0.09212376933895913,0.03349282296650725,-0.12561659230546637,ROOT,True,5
L1_neighbourhood_group=queens|L2_room_type=entire_home|L3_availability_365=mid_term,L3,L1_neighbourhood_group=queens|L2_room_type=entire_home,388,148,0.04639175257731959,0.07432432432432433,0.2,0.1,0.2939189189189189,0.0,0.0,0.0,0.033783783783783786,0.0,148,True,,f1_regret_bnd,-0.3108108108108108,0.03349282296650725,-0.34430363377731804,ROOT,True,5
L1_neighbourhood_group=queens|L2_room_type=entire_home|L3_availability_365=rare,L3,L1_neighbourhood_group=queens|L2_room_type=entire_home,406,177,0.024630541871921183,0.05084745762711865,0.2,0.1,0.192090395480226,0.0,0.0,0.0,0.04519774011299435,0.0,177,True,,f1_regret_bnd,-0.21468926553672318,0.03349282296650725,-0.24818208850323042,ROOT,True,5
L1_neighbourhood_group=queens|L2_room_type=private_room|L3_availability_365=long_term,L3,L1_neighbourhood_group=queens|L2_room_type=private_room,700,288,0.01,0.0,0.2,0.1,,,,,,,0,True,,f1_regret_bnd,,-0.2587558585428206,,ROOT,True,5
L1_neighbourhood_group=queens|L2_room_type=private_room|L3_availability_365=mid_term,L3,L1_neighbourhood_group=queens|L2_room_type=private_room,598,297,0.008361204013377926,0.003367003367003367,0.2,0.1,0.013468013468013467,0.0,0.0,0.0,0.0,0.0,297,False,,f1_regret_bnd,-0.013468013468013467,-0.2587558585428206,0.24528784507480716,L1_neighbourhood_group=queens|L2_room_type=private_room|L3_availability_365=mid_term,False,5
L1_neighbourhood_group=queens|L2_room_type=private_room|L3_availability_365=rare,L3,L1_neighbourhood_group=queens|L2_room_type=private_room,564,242,0.005319148936170213,0.008264462809917356,0.2,0.1,0.03305785123966942,0.0,0.0,0.0,0.0,0.0,242,False,,f1_regret_bnd,-0.03305785123966942,-0.2587558585428206,0.2256980073031512,L1_neighbourhood_group=queens|L2_room_type=private_room|L3_availability_365=rare,False,5
L1_neighbourhood_group=queens|L2_room_type=shared_room|L3_availability_365=long_term,L3,L1_neighbourhood_group=queens|L2_room_type=shared_room,50,24,0.0,0.041666666666666664,0.2,0.1,0.16666666666666666,0.0,0.0,0.0,0.0,0.0,24,True,,f1_regret_bnd,-0.16666666666666666,-0.16,-0.006666666666666654,ROOT,True,5
L1_neighbourhood_group=queens|L2_room_type=shared_room|L3_availability_365=others,L3,L1_neighbourhood_group=queens|L2_room_type=shared_room,58,26,0.05172413793103448,0.038461538461538464,0.2,0.1,,,,,,,0,True,,f1_regret_bnd,,-0.16,,ROOT,True,5
L1_neighbourhood_group=staten_island|L2_room_type=entire_home|L3_availability_365=long_term,L3,L1_neighbourhood_group=staten_island|L2_room_type=entire_home,56,10,0.10714285714285714,0.1,0.2,0.1,,,,,,,0,True,,f1_regret_bnd,,-0.16,,ROOT,True,5
L1_neighbourhood_group=staten_island|L2_room_type=entire_home|L3_availability_365=others,L3,L1_neighbourhood_group=staten_island|L2_room_type=entire_home,55,15,0.12727272727272726,0.0,0.2,0.1,,,,,,,0,True,,f1_regret_bnd,,-0.16,,ROOT,True,5
L1_neighbourhood_group=staten_island|L2_room_type=private_room|L3_availability_365=long_term,L3,L1_neighbourhood_group=staten_island|L2_room_type=private_room,62,25,0.0,0.0,0.2,0.1,,,,,,,0,True,,f1_regret_bnd,,-0.2587558585428206,,ROOT,True,5
L1_neighbourhood_group=staten_island|L2_room_type=private_room|L3_availability_365=others,L3,L1_neighbourhood_group=staten_island|L2_room_type=private_room,43,18,0.0,0.0,0.2,0.1,,,,,,,0,True,,f1_regret_bnd,,-0.2587558585428206,,ROOT,True,5
