bucket_id,layer,parent_bucket_id,n_train,n_val,pos_rate_train,pos_rate_val,alpha,beta,regret_val,F1_val,Precision_val,Recall_val,BND_ratio_val,pos_coverage_val,threshold_n_samples,use_parent_threshold,parent_with_threshold,score_metric,score_value,parent_score_value,gain_value,threshold_source_bucket,is_weak,fold
ROOT,L1,,788,337,0.2639593908629442,0.2403560830860534,0.4,0.2,0.4406528189910979,0.5683060109289617,0.5098039215686274,0.6419753086419753,0.1513353115727003,0.3026706231454006,337,False,,f1_regret_bnd,0.051985536151513634,-0.43997634535777647,0.4919618815092901,ROOT,False,1
L1_Contract=month_to_month,L1,ROOT,434,198,0.4216589861751152,0.3888888888888889,0.4,0.2,0.5606060606060606,0.6188340807174888,0.4726027397260274,0.8961038961038961,0.26262626262626265,0.7373737373737373,198,True,,f1_regret_bnd,-0.07308511120170308,0.051985536151513634,-0.1250706473532167,ROOT,True,1
L1_Contract=one_year,L1,ROOT,165,126,0.09696969696969697,0.12698412698412698,0.4,0.2,0.5198412698412699,0.0,0.0,0.0,0.3412698412698413,0.0,126,True,,f1_regret_bnd,-0.6904761904761905,0.051985536151513634,-0.742461726627704,ROOT,True,1
L1_Contract=two_year,L1,ROOT,252,111,0.015873015873015872,0.0,0.4,0.2,,,,,,,0,True,,f1_regret_bnd,,0.051985536151513634,,ROOT,True,1
L1_Contract=month_to_month|L2_tenure=long_term,L2,L1_Contract=month_to_month,74,17,0.25675675675675674,0.11764705882352941,0.4,0.2,,,,,,,0,True,,f1_regret_bnd,,-0.07308511120170308,,ROOT,True,1
L1_Contract=month_to_month|L2_tenure=mid_term,L2,L1_Contract=month_to_month,141,56,0.24822695035460993,0.21428571428571427,0.4,0.2,0.6071428571428571,0.5,1.0,0.3333333333333333,0.9285714285714286,0.07142857142857142,56,True,,f1_regret_bnd,-0.5714285714285714,-0.07308511120170308,-0.4983434602268683,ROOT,True,1
L1_Contract=month_to_month|L2_tenure=new,L2,L1_Contract=month_to_month,224,96,0.45089285714285715,0.4895833333333333,0.2,0.0,0.4791666666666667,0.7040000000000001,0.5641025641025641,0.9361702127659575,0.1875,0.8125,96,False,,f1_regret_bnd,0.13108333333333338,-0.07308511120170308,0.20416844453503646,L1_Contract=month_to_month|L2_tenure=new,False,1
L1_Contract=month_to_month|L2_tenure=short_term,L2,L1_Contract=month_to_month,117,97,0.24786324786324787,0.26804123711340205,0.4,0.2,0.6494845360824743,0.48000000000000004,0.3673469387755102,0.6923076923076923,0.4948453608247423,0.5051546391752577,97,True,,f1_regret_bnd,-0.41690721649484536,-0.07308511120170308,-0.3438221052931423,ROOT,True,1
L1_Contract=one_year|L2_tenure=long_term,L2,L1_Contract=one_year,89,78,0.0898876404494382,0.08974358974358974,0.5,0.4,0.358974358974359,0.22222222222222224,0.5,0.14285714285714285,0.02564102564102564,0.02564102564102564,78,False,,f1_regret_bnd,-0.14957264957264957,-0.6904761904761905,0.5409035409035409,L1_Contract=one_year|L2_tenure=long_term,False,1
L1_Contract=one_year|L2_tenure=mid_term,L2,L1_Contract=one_year,94,64,0.14893617021276595,0.078125,0.7,0.6,0.390625,0.0,0.0,0.0,0.0,0.0,64,False,,f1_regret_bnd,-0.390625,-0.6904761904761905,0.29985119047619047,L1_Contract=one_year|L2_tenure=mid_term,False,1
L1_Contract=one_year|L2_tenure=new,L2,L1_Contract=one_year,68,31,0.08823529411764706,0.12903225806451613,0.3,0.1,0.3709677419354839,0.3333333333333333,0.5,0.25,0.22580645161290322,0.06451612903225806,31,False,,f1_regret_bnd,-0.15053763440860218,-0.6904761904761905,0.5399385560675882,L1_Contract=one_year|L2_tenure=new,False,1
L1_Contract=one_year|L2_tenure=short_term,L2,L1_Contract=one_year,118,41,0.06779661016949153,0.12195121951219512,0.2,0.1,0.524390243902439,0.0,0.0,0.0,0.21951219512195122,0.0,41,False,,f1_regret_bnd,-0.6341463414634146,-0.6904761904761905,0.05632984901277582,L1_Contract=one_year|L2_tenure=short_term,False,1
L1_Contract=two_year|L2_tenure=long_term,L2,L1_Contract=two_year,107,236,0.0,0.046610169491525424,0.7,0.2,0.211864406779661,0.0,0.0,0.0,0.025423728813559324,0.0,236,False,,f1_regret_bnd,-0.22457627118644066,-0.43997634535777647,0.2154000741713358,L1_Contract=two_year|L2_tenure=long_term,False,1
L1_Contract=two_year|L2_tenure=mid_term,L2,L1_Contract=two_year,98,84,0.08163265306122448,0.011904761904761904,0.5,0.4,0.05952380952380952,0.0,0.0,0.0,0.0,0.0,84,False,,f1_regret_bnd,-0.05952380952380952,-0.43997634535777647,0.38045253583396693,L1_Contract=two_year|L2_tenure=mid_term,False,1
L1_Contract=two_year|L2_tenure=short_term,L2,L1_Contract=two_year,46,21,0.0,0.0,0.4,0.2,,,,,,,0,True,,f1_regret_bnd,,-0.43997634535777647,,ROOT,True,1
L1_Contract=two_year|L2_tenure=others,L2,L1_Contract=two_year,38,14,0.0,0.0,0.4,0.2,,,,,,,0,True,,f1_regret_bnd,,-0.43997634535777647,,ROOT,True,1
L1_Contract=month_to_month|L2_tenure=long_term|L3_InternetService=fiber,L3,L1_Contract=month_to_month|L2_tenure=long_term,64,13,0.28125,0.15384615384615385,0.4,0.2,,,,,,,0,True,,f1_regret_bnd,,-0.43997634535777647,,ROOT,True,1
L1_Contract=month_to_month|L2_tenure=long_term|L3_InternetService=others,L3,L1_Contract=month_to_month|L2_tenure=long_term,10,4,0.1,0.0,0.4,0.2,,,,,,,0,True,,f1_regret_bnd,,-0.43997634535777647,,ROOT,True,1
L1_Contract=month_to_month|L2_tenure=mid_term|L3_InternetService=dsl,L3,L1_Contract=month_to_month|L2_tenure=mid_term,148,75,0.14864864864864866,0.13333333333333333,0.4,0.2,0.52,0.26666666666666666,0.4,0.2,0.21333333333333335,0.06666666666666667,75,False,,f1_regret_bnd,-0.36000000000000004,-0.5714285714285714,0.21142857142857135,L1_Contract=month_to_month|L2_tenure=mid_term|L3_InternetService=dsl,False,1
L1_Contract=month_to_month|L2_tenure=mid_term|L3_InternetService=fiber,L3,L1_Contract=month_to_month|L2_tenure=mid_term,402,160,0.44029850746268656,0.3625,0.2,0.0,0.5875,0.5789473684210527,0.4166666666666667,0.9482758620689655,0.175,0.825,160,False,,f1_regret_bnd,-0.09605263157894736,-0.5714285714285714,0.475375939849624,L1_Contract=month_to_month|L2_tenure=mid_term|L3_InternetService=fiber,False,1
L1_Contract=month_to_month|L2_tenure=mid_term|L3_InternetService=others,L3,L1_Contract=month_to_month|L2_tenure=mid_term,32,9,0.03125,0.1111111111111111,0.4,0.2,,,,,,,0,True,,f1_regret_bnd,,-0.5714285714285714,,ROOT,True,1
L1_Contract=month_to_month|L2_tenure=new|L3_InternetService=OTHER,L3,L1_Contract=month_to_month|L2_tenure=new,218,97,0.22018348623853212,0.24742268041237114,0.2,0.0,0.6597938144329897,0.4444444444444445,0.358974358974359,0.5833333333333334,0.5979381443298969,0.4020618556701031,97,True,L1_Contract=month_to_month|L2_tenure=new,f1_regret_bnd,-0.5143184421534936,0.13108333333333338,-0.6454017754868271,L1_Contract=month_to_month|L2_tenure=new,True,1
L1_Contract=month_to_month|L2_tenure=new|L3_InternetService=dsl,L3,L1_Contract=month_to_month|L2_tenure=new,402,166,0.4154228855721393,0.43373493975903615,0.2,0.0,0.5210843373493976,0.6540284360189573,0.49640287769784175,0.9583333333333334,0.16265060240963855,0.8373493975903614,166,True,L1_Contract=month_to_month|L2_tenure=new,f1_regret_bnd,0.05161879746474042,0.13108333333333338,-0.07946453586859296,L1_Contract=month_to_month|L2_tenure=new,True,1
L1_Contract=month_to_month|L2_tenure=new|L3_InternetService=fiber,L3,L1_Contract=month_to_month|L2_tenure=new,508,222,0.6968503937007874,0.6981981981981982,0.3,0.0,0.30180180180180183,0.8257372654155496,0.7064220183486238,0.9935483870967742,0.018018018018018018,0.9819819819819819,222,False,,f1_regret_bnd,0.5149264546047387,0.13108333333333338,0.38384312127140535,L1_Contract=month_to_month|L2_tenure=new|L3_InternetService=fiber,False,1
L1_Contract=month_to_month|L2_tenure=short_term|L3_InternetService=OTHER,L3,L1_Contract=month_to_month|L2_tenure=short_term,48,19,0.125,0.10526315789473684,0.4,0.2,,,,,,,0,True,,f1_regret_bnd,,-0.41690721649484536,,ROOT,True,1
L1_Contract=month_to_month|L2_tenure=short_term|L3_InternetService=dsl,L3,L1_Contract=month_to_month|L2_tenure=short_term,115,57,0.21739130434782608,0.21052631578947367,0.4,0.2,0.7017543859649122,0.13333333333333333,0.3333333333333333,0.08333333333333333,0.9473684210526315,0.05263157894736842,57,True,,f1_regret_bnd,-1.0421052631578946,-0.41690721649484536,-0.6251980466630493,ROOT,True,1
L1_Contract=month_to_month|L2_tenure=short_term|L3_InternetService=fiber,L3,L1_Contract=month_to_month|L2_tenure=short_term,233,106,0.4721030042918455,0.5283018867924528,0.1,0.0,0.4716981132075472,0.6913580246913581,0.5283018867924528,1.0,0.0,1.0,106,False,,f1_regret_bnd,0.21965991148381092,-0.41690721649484536,0.6365671279786562,L1_Contract=month_to_month|L2_tenure=short_term|L3_InternetService=fiber,False,1
L1_Contract=one_year|L2_tenure=long_term|L3_InternetService=dsl,L3,L1_Contract=one_year|L2_tenure=long_term,56,18,0.03571428571428571,0.05555555555555555,0.5,0.4,,,,,,,0,True,L1_Contract=one_year|L2_tenure=long_term,f1_regret_bnd,,-0.14957264957264957,,L1_Contract=one_year|L2_tenure=long_term,True,1
L1_Contract=one_year|L2_tenure=long_term|L3_InternetService=fiber,L3,L1_Contract=one_year|L2_tenure=long_term,110,47,0.2,0.1276595744680851,0.5,0.4,0.48936170212765956,0.25,0.5,0.16666666666666666,0.0425531914893617,0.0425531914893617,47,True,L1_Contract=one_year|L2_tenure=long_term,f1_regret_bnd,-0.2606382978723404,-0.14957264957264957,-0.11106564829969082,L1_Contract=one_year|L2_tenure=long_term,True,1
L1_Contract=one_year|L2_tenure=long_term|L3_InternetService=others,L3,L1_Contract=one_year|L2_tenure=long_term,11,13,0.0,0.0,0.5,0.4,,,,,,,0,True,L1_Contract=one_year|L2_tenure=long_term,f1_regret_bnd,,-0.14957264957264957,,L1_Contract=one_year|L2_tenure=long_term,True,1
L1_Contract=one_year|L2_tenure=mid_term|L3_InternetService=OTHER,L3,L1_Contract=one_year|L2_tenure=mid_term,102,32,0.0392156862745098,0.0,0.7,0.6,,,,,,,0,True,L1_Contract=one_year|L2_tenure=mid_term,f1_regret_bnd,,-0.390625,,L1_Contract=one_year|L2_tenure=mid_term,True,1
L1_Contract=one_year|L2_tenure=mid_term|L3_InternetService=dsl,L3,L1_Contract=one_year|L2_tenure=mid_term,200,85,0.095,0.07058823529411765,0.6,0.5,0.35294117647058826,0.0,0.0,0.0,0.0,0.0,85,False,,f1_regret_bnd,-0.35294117647058826,-0.390625,0.03768382352941174,L1_Contract=one_year|L2_tenure=mid_term|L3_InternetService=dsl,False,1
L1_Contract=one_year|L2_tenure=mid_term|L3_InternetService=fiber,L3,L1_Contract=one_year|L2_tenure=mid_term,172,78,0.1686046511627907,0.28205128205128205,0.1,0.0,0.6794871794871795,0.45945945945945943,0.3269230769230769,0.7727272727272727,0.3333333333333333,0.6666666666666666,78,False,,f1_regret_bnd,-0.3866943866943867,-0.390625,0.003930613305613284,L1_Contract=one_year|L2_tenure=mid_term|L3_InternetService=fiber,False,1
L1_Contract=one_year|L2_tenure=new|L3_InternetService=OTHER,L3,L1_Contract=one_year|L2_tenure=new,42,20,0.047619047619047616,0.05,0.3,0.1,,,,,,,0,True,L1_Contract=one_year|L2_tenure=new,f1_regret_bnd,,-0.15053763440860218,,L1_Contract=one_year|L2_tenure=new,True,1
L1_Contract=one_year|L2_tenure=new|L3_InternetService=others,L3,L1_Contract=one_year|L2_tenure=new,26,11,0.15384615384615385,0.2727272727272727,0.3,0.1,,,,,,,0,True,L1_Contract=one_year|L2_tenure=new,f1_regret_bnd,,-0.15053763440860218,,L1_Contract=one_year|L2_tenure=new,True,1
L1_Contract=one_year|L2_tenure=short_term|L3_InternetService=OTHER,L3,L1_Contract=one_year|L2_tenure=short_term,55,20,0.0,0.05,0.2,0.1,,,,,,,0,True,L1_Contract=one_year|L2_tenure=short_term,f1_regret_bnd,,-0.6341463414634146,,L1_Contract=one_year|L2_tenure=short_term,True,1
L1_Contract=one_year|L2_tenure=short_term|L3_InternetService=dsl,L3,L1_Contract=one_year|L2_tenure=short_term,47,18,0.14893617021276595,0.16666666666666666,0.2,0.1,,,,,,,0,True,L1_Contract=one_year|L2_tenure=short_term,f1_regret_bnd,,-0.6341463414634146,,L1_Contract=one_year|L2_tenure=short_term,True,1
L1_Contract=one_year|L2_tenure=short_term|L3_InternetService=others,L3,L1_Contract=one_year|L2_tenure=short_term,16,3,0.0625,0.3333333333333333,0.2,0.1,,,,,,,0,True,L1_Contract=one_year|L2_tenure=short_term,f1_regret_bnd,,-0.6341463414634146,,L1_Contract=one_year|L2_tenure=short_term,True,1
L1_Contract=two_year|L2_tenure=long_term|L3_InternetService=OTHER,L3,L1_Contract=two_year|L2_tenure=long_term,119,71,0.0,0.0,0.7,0.2,,,,,,,0,True,L1_Contract=two_year|L2_tenure=long_term,f1_regret_bnd,,-0.22457627118644066,,L1_Contract=two_year|L2_tenure=long_term,True,1
L1_Contract=two_year|L2_tenure=long_term|L3_InternetService=dsl,L3,L1_Contract=two_year|L2_tenure=long_term,236,82,0.03389830508474576,0.024390243902439025,0.5,0.4,0.12195121951219512,0.0,0.0,0.0,0.0,0.0,82,False,,f1_regret_bnd,-0.12195121951219512,-0.22457627118644066,0.10262505167424554,L1_Contract=two_year|L2_tenure=long_term|L3_InternetService=dsl,False,1
L1_Contract=two_year|L2_tenure=long_term|L3_InternetService=fiber,L3,L1_Contract=two_year|L2_tenure=long_term,187,83,0.0427807486631016,0.10843373493975904,0.7,0.2,0.4759036144578313,0.0,0.0,0.0,0.060240963855421686,0.0,83,True,L1_Contract=two_year|L2_tenure=long_term,f1_regret_bnd,-0.5060240963855421,-0.22457627118644066,-0.2814478251991015,L1_Contract=two_year|L2_tenure=long_term,True,1
L1_Contract=two_year|L2_tenure=mid_term|L3_InternetService=OTHER,L3,L1_Contract=two_year|L2_tenure=mid_term,143,78,0.02097902097902098,0.01282051282051282,0.5,0.4,0.0641025641025641,0.0,0.0,0.0,0.0,0.0,78,True,L1_Contract=two_year|L2_tenure=mid_term,f1_regret_bnd,-0.0641025641025641,-0.05952380952380952,-0.004578754578754576,L1_Contract=two_year|L2_tenure=mid_term,True,1
L1_Contract=two_year|L2_tenure=mid_term|L3_InternetService=dsl,L3,L1_Contract=two_year|L2_tenure=mid_term,108,45,0.018518518518518517,0.0,0.5,0.4,,,,,,,0,True,L1_Contract=two_year|L2_tenure=mid_term,f1_regret_bnd,,-0.05952380952380952,,L1_Contract=two_year|L2_tenure=mid_term,True,1
L1_Contract=two_year|L2_tenure=mid_term|L3_InternetService=fiber,L3,L1_Contract=two_year|L2_tenure=mid_term,49,24,0.12244897959183673,0.041666666666666664,0.5,0.4,,,,,,,0,True,L1_Contract=two_year|L2_tenure=mid_term,f1_regret_bnd,,-0.05952380952380952,,L1_Contract=two_year|L2_tenure=mid_term,True,1
ROOT,L1,,788,337,0.25888324873096447,0.29376854599406527,0.3,0.1,0.48813056379821956,0.6666666666666666,0.6083333333333333,0.7373737373737373,0.21068249258160238,0.3560830860534125,337,False,,f1_regret_bnd,0.07319485657764588,-0.44441159077468956,0.5176064473523354,ROOT,False,2
L1_Contract=month_to_month,L1,ROOT,427,207,0.44028103044496486,0.38164251207729466,0.3,0.1,0.5748792270531401,0.6016949152542374,0.45222929936305734,0.8987341772151899,0.24154589371980675,0.7584541062801933,207,True,,f1_regret_bnd,-0.09395725865880612,0.07319485657764588,-0.16715211523645201,ROOT,True,2
L1_Contract=one_year,L1,ROOT,165,123,0.12727272727272726,0.04878048780487805,0.3,0.1,0.24390243902439024,0.0,0.0,0.0,0.0,0.0,123,True,,f1_regret_bnd,-0.24390243902439024,0.07319485657764588,-0.31709729560203614,ROOT,True,2
L1_Contract=two_year,L1,ROOT,263,115,0.015209125475285171,0.02608695652173913,0.3,0.1,0.13043478260869565,0.0,0.0,0.0,0.0,0.0,115,True,,f1_regret_bnd,-0.13043478260869565,0.07319485657764588,-0.20362963918634153,ROOT,True,2
L1_Contract=month_to_month|L2_tenure=long_term,L2,L1_Contract=month_to_month,64,24,0.1875,0.25,0.3,0.1,,,,,,,0,True,,f1_regret_bnd,,-0.09395725865880612,,ROOT,True,2
L1_Contract=month_to_month|L2_tenure=mid_term,L2,L1_Contract=month_to_month,134,69,0.2537313432835821,0.2898550724637681,0.2,0.1,0.427536231884058,0.6415094339622641,0.5151515151515151,0.85,0.18840579710144928,0.4782608695652174,69,False,,f1_regret_bnd,0.1197703035274815,-0.09395725865880612,0.21372756218628763,L1_Contract=month_to_month|L2_tenure=mid_term,False,2
L1_Contract=month_to_month|L2_tenure=new,L2,L1_Contract=month_to_month,215,99,0.5581395348837209,0.46464646464646464,0.3,0.0,0.5,0.6949152542372882,0.5694444444444444,0.8913043478260869,0.2727272727272727,0.7272727272727273,99,False,,f1_regret_bnd,0.05855161787365182,-0.09395725865880612,0.15250887653245793,L1_Contract=month_to_month|L2_tenure=new,False,2
L1_Contract=month_to_month|L2_tenure=short_term,L2,L1_Contract=month_to_month,125,78,0.248,0.24358974358974358,0.3,0.1,0.6410256410256411,0.45614035087719296,0.34210526315789475,0.6842105263157895,0.28205128205128205,0.48717948717948717,78,True,,f1_regret_bnd,-0.32591093117408915,-0.09395725865880612,-0.23195367251528304,ROOT,True,2
L1_Contract=one_year|L2_tenure=long_term,L2,L1_Contract=one_year,82,64,0.012195121951219513,0.125,0.3,0.1,0.4921875,0.2,0.5,0.125,0.109375,0.03125,64,True,,f1_regret_bnd,-0.346875,-0.24390243902439024,-0.10297256097560975,ROOT,True,2
L1_Contract=one_year|L2_tenure=mid_term,L2,L1_Contract=one_year,95,69,0.15789473684210525,0.043478260869565216,0.5,0.2,0.13043478260869565,0.5,1.0,0.3333333333333333,0.08695652173913043,0.014492753623188406,69,False,,f1_regret_bnd,0.32608695652173914,-0.24390243902439024,0.5699893955461294,L1_Contract=one_year|L2_tenure=mid_term,False,2
L1_Contract=one_year|L2_tenure=new,L2,L1_Contract=one_year,64,28,0.125,0.03571428571428571,0.6,0.5,0.17857142857142858,0.0,0.0,0.0,0.0,0.0,28,False,,f1_regret_bnd,-0.17857142857142858,-0.24390243902439024,0.06533101045296166,L1_Contract=one_year|L2_tenure=new,False,2
L1_Contract=one_year|L2_tenure=short_term,L2,L1_Contract=one_year,117,46,0.1111111111111111,0.043478260869565216,0.6,0.2,0.18478260869565216,0.0,0.0,0.0,0.10869565217391304,0.0,46,False,,f1_regret_bnd,-0.23913043478260868,-0.24390243902439024,0.004772004241781563,L1_Contract=one_year|L2_tenure=short_term,False,2
L1_Contract=two_year|L2_tenure=long_term,L2,L1_Contract=two_year,110,244,0.01818181818181818,0.045081967213114756,0.3,0.1,0.22540983606557377,0.0,0.0,0.0,0.0,0.0,244,True,,f1_regret_bnd,-0.22540983606557377,-0.13043478260869565,-0.09497505345687812,ROOT,True,2
L1_Contract=two_year|L2_tenure=mid_term,L2,L1_Contract=two_year,108,84,0.06481481481481481,0.011904761904761904,0.3,0.1,0.05357142857142857,0.0,0.0,0.0,0.08333333333333333,0.0,84,False,,f1_regret_bnd,-0.09523809523809523,-0.13043478260869565,0.035196687370600416,L1_Contract=two_year|L2_tenure=mid_term,False,2
L1_Contract=two_year|L2_tenure=short_term,L2,L1_Contract=two_year,57,21,0.0,0.0,0.3,0.1,,,,,,,0,True,,f1_regret_bnd,,-0.13043478260869565,,ROOT,True,2
L1_Contract=two_year|L2_tenure=others,L2,L1_Contract=two_year,31,19,0.0,0.0,0.3,0.1,,,,,,,0,True,,f1_regret_bnd,,-0.13043478260869565,,ROOT,True,2
L1_Contract=month_to_month|L2_tenure=long_term|L3_InternetService=fiber,L3,L1_Contract=month_to_month|L2_tenure=long_term,52,22,0.21153846153846154,0.2727272727272727,0.3,0.1,,,,,,,0,True,,f1_regret_bnd,,-0.44441159077468956,,ROOT,True,2
L1_Contract=month_to_month|L2_tenure=long_term|L3_InternetService=others,L3,L1_Contract=month_to_month|L2_tenure=long_term,12,2,0.08333333333333333,0.0,0.3,0.1,,,,,,,0,True,,f1_regret_bnd,,-0.44441159077468956,,ROOT,True,2
L1_Contract=month_to_month|L2_tenure=mid_term|L3_InternetService=dsl,L3,L1_Contract=month_to_month|L2_tenure=mid_term,159,70,0.15723270440251572,0.18571428571428572,0.2,0.1,0.5642857142857143,0.4242424242424242,0.35,0.5384615384615384,0.35714285714285715,0.2857142857142857,70,True,L1_Contract=month_to_month|L2_tenure=mid_term,f1_regret_bnd,-0.3186147186147187,0.1197703035274815,-0.4383850221422002,L1_Contract=month_to_month|L2_tenure=mid_term,True,2
L1_Contract=month_to_month|L2_tenure=mid_term|L3_InternetService=fiber,L3,L1_Contract=month_to_month|L2_tenure=mid_term,380,176,0.39210526315789473,0.4318181818181818,0.2,0.1,0.5710227272727273,0.6094420600858369,0.45222929936305734,0.9342105263157895,0.10795454545454546,0.8920454545454546,176,True,L1_Contract=month_to_month|L2_tenure=mid_term,f1_regret_bnd,-0.01555793991416312,0.1197703035274815,-0.13532824344164462,L1_Contract=month_to_month|L2_tenure=mid_term,True,2
L1_Contract=month_to_month|L2_tenure=mid_term|L3_InternetService=others,L3,L1_Contract=month_to_month|L2_tenure=mid_term,27,20,0.037037037037037035,0.05,0.2,0.1,,,,,,,0,True,L1_Contract=month_to_month|L2_tenure=mid_term,f1_regret_bnd,,0.1197703035274815,,L1_Contract=month_to_month|L2_tenure=mid_term,True,2
L1_Contract=month_to_month|L2_tenure=new|L3_InternetService=OTHER,L3,L1_Contract=month_to_month|L2_tenure=new,210,101,0.21904761904761905,0.27722772277227725,0.3,0.0,0.6683168316831684,0.4571428571428571,0.38095238095238093,0.5714285714285714,0.5841584158415841,0.4158415841584158,101,True,L1_Contract=month_to_month|L2_tenure=new,f1_regret_bnd,-0.5032531824611033,0.05855161787365182,-0.5618048003347551,L1_Contract=month_to_month|L2_tenure=new,True,2
L1_Contract=month_to_month|L2_tenure=new|L3_InternetService=dsl,L3,L1_Contract=month_to_month|L2_tenure=new,362,184,0.45027624309392267,0.358695652173913,0.3,0.0,0.6331521739130435,0.5349794238683128,0.3672316384180791,0.9848484848484849,0.03804347826086957,0.9619565217391305,184,True,L1_Contract=month_to_month|L2_tenure=new,f1_regret_bnd,-0.11719448917516548,0.05855161787365182,-0.1757461070488173,L1_Contract=month_to_month|L2_tenure=new,True,2
L1_Contract=month_to_month|L2_tenure=new|L3_InternetService=fiber,L3,L1_Contract=month_to_month|L2_tenure=new,505,218,0.7188118811881188,0.6972477064220184,0.1,0.0,0.30275229357798167,0.8216216216216217,0.6972477064220184,1.0,0.0,1.0,218,False,,f1_regret_bnd,0.51886932804364,0.05855161787365182,0.46031771016998824,L1_Contract=month_to_month|L2_tenure=new|L3_InternetService=fiber,False,2
L1_Contract=month_to_month|L2_tenure=short_term|L3_InternetService=OTHER,L3,L1_Contract=month_to_month|L2_tenure=short_term,49,16,0.08163265306122448,0.125,0.3,0.1,,,,,,,0,True,,f1_regret_bnd,,-0.32591093117408915,,ROOT,True,2
L1_Contract=month_to_month|L2_tenure=short_term|L3_InternetService=dsl,L3,L1_Contract=month_to_month|L2_tenure=short_term,148,43,0.24324324324324326,0.18604651162790697,0.3,0.1,0.627906976744186,0.0,0.0,0.0,0.8837209302325582,0.0,43,True,,f1_regret_bnd,-1.0697674418604652,-0.32591093117408915,-0.7438565106863761,ROOT,True,2
L1_Contract=month_to_month|L2_tenure=short_term|L3_InternetService=fiber,L3,L1_Contract=month_to_month|L2_tenure=short_term,239,95,0.5188284518828452,0.49473684210526314,0.3,0.0,0.47368421052631576,0.6911764705882353,0.5280898876404494,1.0,0.06315789473684211,0.9368421052631579,95,False,,f1_regret_bnd,0.18591331269349848,-0.32591093117408915,0.5118242438675876,L1_Contract=month_to_month|L2_tenure=short_term|L3_InternetService=fiber,False,2
L1_Contract=one_year|L2_tenure=long_term|L3_InternetService=dsl,L3,L1_Contract=one_year|L2_tenure=long_term,43,21,0.023255813953488372,0.09523809523809523,0.3,0.1,,,,,,,0,True,,f1_regret_bnd,,-0.346875,,ROOT,True,2
L1_Contract=one_year|L2_tenure=long_term|L3_InternetService=fiber,L3,L1_Contract=one_year|L2_tenure=long_term,116,41,0.1724137931034483,0.14634146341463414,0.4,0.2,0.5121951219512195,0.25,0.5,0.16666666666666666,0.14634146341463414,0.04878048780487805,41,False,,f1_regret_bnd,-0.3353658536585366,-0.346875,0.011509146341463383,L1_Contract=one_year|L2_tenure=long_term|L3_InternetService=fiber,False,2
L1_Contract=one_year|L2_tenure=long_term|L3_InternetService=others,L3,L1_Contract=one_year|L2_tenure=long_term,16,2,0.0,0.0,0.3,0.1,,,,,,,0,True,,f1_regret_bnd,,-0.346875,,ROOT,True,2
L1_Contract=one_year|L2_tenure=mid_term|L3_InternetService=OTHER,L3,L1_Contract=one_year|L2_tenure=mid_term,97,41,0.020618556701030927,0.0,0.5,0.2,,,,,,,0,True,L1_Contract=one_year|L2_tenure=mid_term,f1_regret_bnd,,0.32608695652173914,,L1_Contract=one_year|L2_tenure=mid_term,True,2
L1_Contract=one_year|L2_tenure=mid_term|L3_InternetService=dsl,L3,L1_Contract=one_year|L2_tenure=mid_term,202,77,0.08415841584158416,0.11688311688311688,0.5,0.2,0.512987012987013,0.0,0.0,0.0,0.06493506493506493,0.0,77,True,L1_Contract=one_year|L2_tenure=mid_term,f1_regret_bnd,-0.5454545454545454,0.32608695652173914,-0.8715415019762845,L1_Contract=one_year|L2_tenure=mid_term,True,2
L1_Contract=one_year|L2_tenure=mid_term|L3_InternetService=fiber,L3,L1_Contract=one_year|L2_tenure=mid_term,180,69,0.2,0.2463768115942029,0.5,0.2,0.7028985507246377,0.4126984126984127,0.2826086956521739,0.7647058823529411,0.3333333333333333,0.6666666666666666,69,True,L1_Contract=one_year|L2_tenure=mid_term,f1_regret_bnd,-0.45686680469289165,0.32608695652173914,-0.7829537612146308,L1_Contract=one_year|L2_tenure=mid_term,True,2
L1_Contract=one_year|L2_tenure=short_term|L3_InternetService=OTHER,L3,L1_Contract=one_year|L2_tenure=short_term,59,22,0.01694915254237288,0.0,0.6,0.2,,,,,,,0,True,L1_Contract=one_year|L2_tenure=short_term,f1_regret_bnd,,-0.23913043478260868,,L1_Contract=one_year|L2_tenure=short_term,True,2
L1_Contract=one_year|L2_tenure=short_term|L3_InternetService=dsl,L3,L1_Contract=one_year|L2_tenure=short_term,47,18,0.19148936170212766,0.05555555555555555,0.6,0.2,,,,,,,0,True,L1_Contract=one_year|L2_tenure=short_term,f1_regret_bnd,,-0.23913043478260868,,L1_Contract=one_year|L2_tenure=short_term,True,2
L1_Contract=one_year|L2_tenure=short_term|L3_InternetService=others,L3,L1_Contract=one_year|L2_tenure=short_term,11,6,0.2727272727272727,0.16666666666666666,0.6,0.2,,,,,,,0,True,L1_Contract=one_year|L2_tenure=short_term,f1_regret_bnd,,-0.23913043478260868,,L1_Contract=one_year|L2_tenure=short_term,True,2
L1_Contract=two_year|L2_tenure=long_term|L3_InternetService=OTHER,L3,L1_Contract=two_year|L2_tenure=long_term,142,68,0.0,0.0,0.3,0.1,,,,,,,0,True,,f1_regret_bnd,,-0.22540983606557377,,ROOT,True,2
L1_Contract=two_year|L2_tenure=long_term|L3_InternetService=dsl,L3,L1_Contract=two_year|L2_tenure=long_term,223,103,0.03139013452914798,0.02912621359223301,0.4,0.2,0.14563106796116504,0.0,0.0,0.0,0.0,0.0,103,False,,f1_regret_bnd,-0.14563106796116504,-0.22540983606557377,0.07977876810440873,L1_Contract=two_year|L2_tenure=long_term|L3_InternetService=dsl,False,2
L1_Contract=two_year|L2_tenure=long_term|L3_InternetService=fiber,L3,L1_Contract=two_year|L2_tenure=long_term,192,73,0.046875,0.1095890410958904,0.3,0.1,0.541095890410959,0.0,0.0,0.0,0.2054794520547945,0.0,73,True,,f1_regret_bnd,-0.6438356164383562,-0.22540983606557377,-0.41842578037278244,ROOT,True,2
L1_Contract=two_year|L2_tenure=mid_term|L3_InternetService=OTHER,L3,L1_Contract=two_year|L2_tenure=mid_term,160,63,0.01875,0.015873015873015872,0.2,0.1,0.07936507936507936,0.0,0.0,0.0,0.0,0.0,63,False,,f1_regret_bnd,-0.07936507936507936,-0.09523809523809523,0.015873015873015872,L1_Contract=two_year|L2_tenure=mid_term|L3_InternetService=OTHER,False,2
L1_Contract=two_year|L2_tenure=mid_term|L3_InternetService=dsl,L3,L1_Contract=two_year|L2_tenure=mid_term,105,47,0.0,0.0,0.3,0.1,,,,,,,0,True,L1_Contract=two_year|L2_tenure=mid_term,f1_regret_bnd,,-0.09523809523809523,,L1_Contract=two_year|L2_tenure=mid_term,True,2
L1_Contract=two_year|L2_tenure=mid_term|L3_InternetService=fiber,L3,L1_Contract=two_year|L2_tenure=mid_term,55,25,0.12727272727272726,0.04,0.3,0.1,0.18,0.0,0.0,0.0,0.28,0.0,25,True,L1_Contract=two_year|L2_tenure=mid_term,f1_regret_bnd,-0.32,-0.09523809523809523,-0.22476190476190477,L1_Contract=two_year|L2_tenure=mid_term,True,2
ROOT,L1,,788,338,0.28045685279187815,0.27218934911242604,0.2,0.1,0.5162721893491125,0.5862068965517241,0.4857142857142857,0.7391304347826086,0.15680473372781065,0.41420118343195267,338,False,,f1_regret_bnd,-0.008467659661293689,-0.48403311649911296,0.47556545683781926,ROOT,False,3
L1_Contract=month_to_month,L1,ROOT,436,199,0.4380733944954128,0.38190954773869346,0.2,0.1,0.5653266331658291,0.616822429906542,0.4782608695652174,0.868421052631579,0.3065326633165829,0.6934673366834171,199,True,,f1_regret_bnd,-0.10177053491757854,-0.008467659661293689,-0.09330287525628485,ROOT,True,3
L1_Contract=one_year,L1,ROOT,160,143,0.10625,0.08391608391608392,0.2,0.1,0.36363636363636365,0.125,0.25,0.08333333333333333,0.3076923076923077,0.027972027972027972,143,True,,f1_regret_bnd,-0.3924825174825175,-0.008467659661293689,-0.3840148578212238,ROOT,True,3
L1_Contract=two_year,L1,ROOT,272,97,0.007352941176470588,0.020618556701030927,0.2,0.1,0.08762886597938144,0.0,0.0,0.0,0.05154639175257732,0.0,97,True,,f1_regret_bnd,-0.11340206185567009,-0.008467659661293689,-0.1049344021943764,ROOT,True,3
L1_Contract=month_to_month|L2_tenure=long_term,L2,L1_Contract=month_to_month,65,21,0.23076923076923078,0.23809523809523808,0.2,0.1,,,,,,,0,True,,f1_regret_bnd,,-0.10177053491757854,,ROOT,True,3
L1_Contract=month_to_month|L2_tenure=mid_term,L2,L1_Contract=month_to_month,145,55,0.23448275862068965,0.2727272727272727,0.2,0.1,0.5727272727272728,0.5853658536585367,0.46153846153846156,0.8,0.5272727272727272,0.4727272727272727,55,True,,f1_regret_bnd,-0.2509977827050997,-0.10177053491757854,-0.14922724778752117,ROOT,True,3
L1_Contract=month_to_month|L2_tenure=new,L2,L1_Contract=month_to_month,220,99,0.5772727272727273,0.494949494949495,0.2,0.0,0.4898989898989899,0.6976744186046512,0.5625,0.9183673469387755,0.1919191919191919,0.8080808080808081,99,False,,f1_regret_bnd,0.11181583274606534,-0.10177053491757854,0.21358636766364386,L1_Contract=month_to_month|L2_tenure=new,False,3
L1_Contract=month_to_month|L2_tenure=short_term,L2,L1_Contract=month_to_month,114,81,0.2543859649122807,0.2839506172839506,0.2,0.1,0.6234567901234568,0.5283018867924527,0.4666666666666667,0.6086956521739131,0.6296296296296297,0.37037037037037035,81,True,,f1_regret_bnd,-0.4099697181458189,-0.10177053491757854,-0.30819918322824036,ROOT,True,3
L1_Contract=one_year|L2_tenure=long_term,L2,L1_Contract=one_year,79,74,0.06329113924050633,0.0945945945945946,0.3,0.1,0.3310810810810811,0.39999999999999997,0.375,0.42857142857142855,0.4189189189189189,0.10810810810810811,74,False,,f1_regret_bnd,-0.14054054054054058,-0.3924825174825175,0.25194197694197695,L1_Contract=one_year|L2_tenure=long_term,False,3
L1_Contract=one_year|L2_tenure=mid_term,L2,L1_Contract=one_year,89,79,0.11235955056179775,0.05063291139240506,0.9,0.2,0.21518987341772153,0.0,0.0,0.0,0.12658227848101267,0.0,79,False,,f1_regret_bnd,-0.2784810126582279,-0.3924825174825175,0.11400150482428961,L1_Contract=one_year|L2_tenure=mid_term,False,3
L1_Contract=one_year|L2_tenure=new,L2,L1_Contract=one_year,64,42,0.09375,0.11904761904761904,0.2,0.1,0.44047619047619047,0.0,0.0,0.0,0.2619047619047619,0.0,42,True,,f1_regret_bnd,-0.5714285714285714,-0.3924825174825175,-0.1789460539460539,ROOT,True,3
L1_Contract=one_year|L2_tenure=short_term,L2,L1_Contract=one_year,122,43,0.08196721311475409,0.06976744186046512,0.4,0.2,0.23255813953488372,0.4,0.5,0.3333333333333333,0.13953488372093023,0.046511627906976744,43,False,,f1_regret_bnd,0.09767441860465119,-0.3924825174825175,0.4901569360871687,L1_Contract=one_year|L2_tenure=short_term,False,3
L1_Contract=two_year|L2_tenure=long_term,L2,L1_Contract=two_year,106,241,0.02830188679245283,0.04564315352697095,0.2,0.1,0.22821576763485477,0.0,0.0,0.0,0.0,0.0,241,True,,f1_regret_bnd,-0.22821576763485477,-0.11340206185567009,-0.11481370577918468,ROOT,True,3
L1_Contract=two_year|L2_tenure=mid_term,L2,L1_Contract=two_year,105,73,0.0761904761904762,0.0547945205479452,0.2,0.1,0.273972602739726,0.0,0.0,0.0,0.0,0.0,73,True,,f1_regret_bnd,-0.273972602739726,-0.11340206185567009,-0.16057054088405592,ROOT,True,3
L1_Contract=two_year|L2_tenure=short_term,L2,L1_Contract=two_year,60,13,0.0,0.0,0.2,0.1,,,,,,,0,True,,f1_regret_bnd,,-0.11340206185567009,,ROOT,True,3
L1_Contract=two_year|L2_tenure=others,L2,L1_Contract=two_year,43,11,0.0,0.0,0.2,0.1,,,,,,,0,True,,f1_regret_bnd,,-0.11340206185567009,,ROOT,True,3
L1_Contract=month_to_month|L2_tenure=long_term|L3_InternetService=fiber,L3,L1_Contract=month_to_month|L2_tenure=long_term,60,15,0.25,0.3333333333333333,0.2,0.1,,,,,,,0,True,,f1_regret_bnd,,-0.48403311649911296,,ROOT,True,3
L1_Contract=month_to_month|L2_tenure=long_term|L3_InternetService=others,L3,L1_Contract=month_to_month|L2_tenure=long_term,5,6,0.0,0.0,0.2,0.1,,,,,,,0,True,,f1_regret_bnd,,-0.48403311649911296,,ROOT,True,3
L1_Contract=month_to_month|L2_tenure=mid_term|L3_InternetService=dsl,L3,L1_Contract=month_to_month|L2_tenure=mid_term,165,70,0.15151515151515152,0.2,0.2,0.1,0.6785714285714286,0.13333333333333333,1.0,0.07142857142857142,0.9857142857142858,0.014285714285714285,70,True,,f1_regret_bnd,-1.0380952380952382,-0.2509977827050997,-0.7870974553901384,ROOT,True,3
L1_Contract=month_to_month|L2_tenure=mid_term|L3_InternetService=fiber,L3,L1_Contract=month_to_month|L2_tenure=mid_term,405,152,0.4024691358024691,0.45394736842105265,0.1,0.0,0.5460526315789473,0.6267281105990783,0.4594594594594595,0.9855072463768116,0.02631578947368421,0.9736842105263158,152,False,,f1_regret_bnd,0.06751758428328884,-0.2509977827050997,0.31851536698838856,L1_Contract=month_to_month|L2_tenure=mid_term|L3_InternetService=fiber,False,3
L1_Contract=month_to_month|L2_tenure=mid_term|L3_InternetService=others,L3,L1_Contract=month_to_month|L2_tenure=mid_term,31,11,0.03225806451612903,0.0,0.2,0.1,,,,,,,0,True,,f1_regret_bnd,,-0.2509977827050997,,ROOT,True,3
L1_Contract=month_to_month|L2_tenure=new|L3_InternetService=OTHER,L3,L1_Contract=month_to_month|L2_tenure=new,215,103,0.2,0.2621359223300971,0.2,0.0,0.6699029126213593,0.43333333333333324,0.3939393939393939,0.48148148148148145,0.6796116504854369,0.32038834951456313,103,True,L1_Contract=month_to_month|L2_tenure=new,f1_regret_bnd,-0.5763754045307445,0.11181583274606534,-0.6881912372768099,L1_Contract=month_to_month|L2_tenure=new,True,3
L1_Contract=month_to_month|L2_tenure=new|L3_InternetService=dsl,L3,L1_Contract=month_to_month|L2_tenure=new,379,171,0.44327176781002636,0.391812865497076,0.2,0.0,0.5935672514619883,0.5870646766169154,0.44029850746268656,0.8805970149253731,0.21637426900584794,0.783625730994152,171,True,L1_Contract=month_to_month|L2_tenure=new,f1_regret_bnd,-0.11468970934799685,0.11181583274606534,-0.2265055420940622,L1_Contract=month_to_month|L2_tenure=new,True,3
L1_Contract=month_to_month|L2_tenure=new|L3_InternetService=fiber,L3,L1_Contract=month_to_month|L2_tenure=new,511,225,0.7103718199608611,0.6622222222222223,0.1,0.0,0.3377777777777778,0.7967914438502675,0.6622222222222223,1.0,0.0,1.0,225,False,,f1_regret_bnd,0.45901366607248967,0.11181583274606534,0.34719783332642434,L1_Contract=month_to_month|L2_tenure=new|L3_InternetService=fiber,False,3
L1_Contract=month_to_month|L2_tenure=short_term|L3_InternetService=OTHER,L3,L1_Contract=month_to_month|L2_tenure=short_term,41,19,0.0975609756097561,0.21052631578947367,0.2,0.1,,,,,,,0,True,,f1_regret_bnd,,-0.4099697181458189,,ROOT,True,3
L1_Contract=month_to_month|L2_tenure=short_term|L3_InternetService=dsl,L3,L1_Contract=month_to_month|L2_tenure=short_term,144,41,0.24305555555555555,0.24390243902439024,0.2,0.1,0.6585365853658537,0.4347826086956522,0.38461538461538464,0.5,0.6829268292682927,0.3170731707317073,41,True,,f1_regret_bnd,-0.5652173913043479,-0.4099697181458189,-0.155247673158529,ROOT,True,3
L1_Contract=month_to_month|L2_tenure=short_term|L3_InternetService=fiber,L3,L1_Contract=month_to_month|L2_tenure=short_term,229,107,0.49344978165938863,0.4392523364485981,0.3,0.0,0.5607476635514018,0.6307692307692309,0.4939759036144578,0.8723404255319149,0.22429906542056074,0.7757009345794392,107,False,,f1_regret_bnd,-0.04212796549245133,-0.4099697181458189,0.36784175265336755,L1_Contract=month_to_month|L2_tenure=short_term|L3_InternetService=fiber,False,3
L1_Contract=one_year|L2_tenure=long_term|L3_InternetService=dsl,L3,L1_Contract=one_year|L2_tenure=long_term,42,18,0.047619047619047616,0.0,0.3,0.1,,,,,,,0,True,L1_Contract=one_year|L2_tenure=long_term,f1_regret_bnd,,-0.14054054054054058,,L1_Contract=one_year|L2_tenure=long_term,True,3
L1_Contract=one_year|L2_tenure=long_term|L3_InternetService=fiber,L3,L1_Contract=one_year|L2_tenure=long_term,107,50,0.21495327102803738,0.14,0.3,0.1,0.47,0.39999999999999997,0.375,0.42857142857142855,0.58,0.16,50,True,L1_Contract=one_year|L2_tenure=long_term,f1_regret_bnd,-0.36,-0.14054054054054058,-0.2194594594594594,L1_Contract=one_year|L2_tenure=long_term,True,3
L1_Contract=one_year|L2_tenure=long_term|L3_InternetService=others,L3,L1_Contract=one_year|L2_tenure=long_term,16,6,0.0,0.0,0.3,0.1,,,,,,,0,True,L1_Contract=one_year|L2_tenure=long_term,f1_regret_bnd,,-0.14054054054054058,,L1_Contract=one_year|L2_tenure=long_term,True,3
L1_Contract=one_year|L2_tenure=mid_term|L3_InternetService=OTHER,L3,L1_Contract=one_year|L2_tenure=mid_term,93,45,0.03225806451612903,0.0,0.9,0.2,,,,,,,0,True,L1_Contract=one_year|L2_tenure=mid_term,f1_regret_bnd,,-0.2784810126582279,,L1_Contract=one_year|L2_tenure=mid_term,True,3
L1_Contract=one_year|L2_tenure=mid_term|L3_InternetService=dsl,L3,L1_Contract=one_year|L2_tenure=mid_term,199,98,0.08040201005025126,0.1326530612244898,0.9,0.2,0.6326530612244898,0.0,0.0,0.0,1.0,0.0,98,True,L1_Contract=one_year|L2_tenure=mid_term,f1_regret_bnd,-1.1326530612244898,-0.2784810126582279,-0.8541720485662619,L1_Contract=one_year|L2_tenure=mid_term,True,3
L1_Contract=one_year|L2_tenure=mid_term|L3_InternetService=fiber,L3,L1_Contract=one_year|L2_tenure=mid_term,164,79,0.21341463414634146,0.1518987341772152,0.9,0.2,0.5632911392405063,0.125,0.25,0.08333333333333333,0.6708860759493671,0.05063291139240506,79,True,L1_Contract=one_year|L2_tenure=mid_term,f1_regret_bnd,-0.7737341772151899,-0.2784810126582279,-0.495253164556962,L1_Contract=one_year|L2_tenure=mid_term,True,3
L1_Contract=one_year|L2_tenure=new|L3_InternetService=OTHER,L3,L1_Contract=one_year|L2_tenure=new,42,22,0.047619047619047616,0.045454545454545456,0.2,0.1,,,,,,,0,True,,f1_regret_bnd,,-0.5714285714285714,,ROOT,True,3
L1_Contract=one_year|L2_tenure=new|L3_InternetService=others,L3,L1_Contract=one_year|L2_tenure=new,22,20,0.18181818181818182,0.2,0.2,0.1,,,,,,,0,True,,f1_regret_bnd,,-0.5714285714285714,,ROOT,True,3
L1_Contract=one_year|L2_tenure=short_term|L3_InternetService=OTHER,L3,L1_Contract=one_year|L2_tenure=short_term,57,19,0.0,0.05263157894736842,0.4,0.2,,,,,,,0,True,L1_Contract=one_year|L2_tenure=short_term,f1_regret_bnd,,0.09767441860465119,,L1_Contract=one_year|L2_tenure=short_term,True,3
L1_Contract=one_year|L2_tenure=short_term|L3_InternetService=dsl,L3,L1_Contract=one_year|L2_tenure=short_term,49,19,0.16326530612244897,0.0,0.4,0.2,,,,,,,0,True,L1_Contract=one_year|L2_tenure=short_term,f1_regret_bnd,,0.09767441860465119,,L1_Contract=one_year|L2_tenure=short_term,True,3
L1_Contract=one_year|L2_tenure=short_term|L3_InternetService=others,L3,L1_Contract=one_year|L2_tenure=short_term,16,5,0.125,0.4,0.4,0.2,,,,,,,0,True,L1_Contract=one_year|L2_tenure=short_term,f1_regret_bnd,,0.09767441860465119,,L1_Contract=one_year|L2_tenure=short_term,True,3
L1_Contract=two_year|L2_tenure=long_term|L3_InternetService=OTHER,L3,L1_Contract=two_year|L2_tenure=long_term,137,61,0.0,0.0,0.2,0.1,,,,,,,0,True,,f1_regret_bnd,,-0.22821576763485477,,ROOT,True,3
L1_Contract=two_year|L2_tenure=long_term|L3_InternetService=dsl,L3,L1_Contract=two_year|L2_tenure=long_term,215,100,0.013953488372093023,0.03,0.4,0.1,0.13,0.0,0.0,0.0,0.04,0.0,100,False,,f1_regret_bnd,-0.15,-0.22821576763485477,0.07821576763485477,L1_Contract=two_year|L2_tenure=long_term|L3_InternetService=dsl,False,3
L1_Contract=two_year|L2_tenure=long_term|L3_InternetService=fiber,L3,L1_Contract=two_year|L2_tenure=long_term,183,80,0.04918032786885246,0.1,0.2,0.1,0.5,0.0,0.0,0.0,0.0,0.0,80,True,,f1_regret_bnd,-0.5,-0.22821576763485477,-0.27178423236514526,ROOT,True,3
L1_Contract=two_year|L2_tenure=mid_term|L3_InternetService=OTHER,L3,L1_Contract=two_year|L2_tenure=mid_term,159,64,0.012578616352201259,0.03125,0.2,0.1,0.15625,0.0,0.0,0.0,0.0,0.0,64,False,,f1_regret_bnd,-0.15625,-0.273972602739726,0.11772260273972601,L1_Contract=two_year|L2_tenure=mid_term|L3_InternetService=OTHER,False,3
L1_Contract=two_year|L2_tenure=mid_term|L3_InternetService=dsl,L3,L1_Contract=two_year|L2_tenure=mid_term,100,46,0.0,0.043478260869565216,0.2,0.1,0.21739130434782608,0.0,0.0,0.0,0.0,0.0,46,False,,f1_regret_bnd,-0.21739130434782608,-0.273972602739726,0.05658129839189993,L1_Contract=two_year|L2_tenure=mid_term|L3_InternetService=dsl,False,3
L1_Contract=two_year|L2_tenure=mid_term|L3_InternetService=fiber,L3,L1_Contract=two_year|L2_tenure=mid_term,54,15,0.12962962962962962,0.13333333333333333,0.2,0.1,,,,,,,0,True,,f1_regret_bnd,,-0.273972602739726,,ROOT,True,3
ROOT,L1,,788,336,0.26903553299492383,0.23214285714285715,0.2,0.1,0.39880952380952384,0.5726495726495726,0.42948717948717946,0.8589743589743589,0.10714285714285714,0.4642857142857143,336,False,,f1_regret_bnd,0.1202686202686202,-0.4544648137196925,0.5747334339883127,ROOT,False,4
L1_Contract=month_to_month,L1,ROOT,477,209,0.389937106918239,0.3827751196172249,0.2,0.1,0.5717703349282297,0.608695652173913,0.4666666666666667,0.875,0.2822966507177033,0.7177033492822966,209,True,,f1_regret_bnd,-0.1042230081131684,0.1202686202686202,-0.2244916283817886,ROOT,True,4
L1_Contract=one_year,L1,ROOT,158,138,0.14556962025316456,0.09420289855072464,0.2,0.1,0.39855072463768115,0.13333333333333336,0.5,0.07692307692307693,0.2608695652173913,0.014492753623188406,138,True,,f1_regret_bnd,-0.3956521739130434,0.1202686202686202,-0.5159207941816636,ROOT,True,4
L1_Contract=two_year,L1,ROOT,277,95,0.021660649819494584,0.010526315789473684,0.2,0.1,0.05263157894736842,0.0,0.0,0.0,0.0,0.0,95,True,,f1_regret_bnd,-0.05263157894736842,0.1202686202686202,-0.17290019921598862,ROOT,True,4
L1_Contract=month_to_month|L2_tenure=long_term,L2,L1_Contract=month_to_month,55,28,0.2,0.21428571428571427,0.2,0.1,0.6428571428571429,0.42857142857142855,0.375,0.5,0.7142857142857143,0.2857142857142857,28,True,,f1_regret_bnd,-0.5714285714285715,-0.1042230081131684,-0.4672055633154031,ROOT,True,4
L1_Contract=month_to_month|L2_tenure=mid_term,L2,L1_Contract=month_to_month,139,57,0.2805755395683453,0.21052631578947367,0.2,0.1,0.5,0.48648648648648657,0.36,0.75,0.19298245614035087,0.43859649122807015,57,True,,f1_regret_bnd,-0.11000474158368886,-0.1042230081131684,-0.005781733470520467,ROOT,True,4
L1_Contract=month_to_month|L2_tenure=new,L2,L1_Contract=month_to_month,221,96,0.5429864253393665,0.4375,0.2,0.1,0.515625,0.6495726495726496,0.5066666666666667,0.9047619047619048,0.09375,0.78125,96,False,,f1_regret_bnd,0.0870726495726496,-0.1042230081131684,0.191295657685818,L1_Contract=month_to_month|L2_tenure=new,False,4
L1_Contract=month_to_month|L2_tenure=short_term,L2,L1_Contract=month_to_month,124,52,0.3387096774193548,0.34615384615384615,0.4,0.3,0.5192307692307693,0.6829268292682927,0.6086956521739131,0.7777777777777778,0.07692307692307693,0.4423076923076923,52,False,,f1_regret_bnd,0.125234521575985,-0.1042230081131684,0.2294575296891534,L1_Contract=month_to_month|L2_tenure=short_term,False,4
L1_Contract=one_year|L2_tenure=long_term,L2,L1_Contract=one_year,93,86,0.043010752688172046,0.11627906976744186,0.2,0.1,0.5,0.0,0.0,0.0,0.3953488372093023,0.0,86,True,,f1_regret_bnd,-0.6976744186046512,-0.3956521739130434,-0.30202224469160777,ROOT,True,4
L1_Contract=one_year|L2_tenure=mid_term,L2,L1_Contract=one_year,89,75,0.12359550561797752,0.08,0.4,0.1,0.26,0.25,0.5,0.16666666666666666,0.14666666666666667,0.02666666666666667,75,False,,f1_regret_bnd,-0.08333333333333334,-0.3956521739130434,0.31231884057971004,L1_Contract=one_year|L2_tenure=mid_term,False,4
L1_Contract=one_year|L2_tenure=new,L2,L1_Contract=one_year,64,33,0.078125,0.18181818181818182,0.2,0.1,0.6363636363636364,0.2857142857142857,1.0,0.16666666666666666,0.9696969696969697,0.030303030303030304,33,True,,f1_regret_bnd,-0.8354978354978355,-0.3956521739130434,-0.4398456615847921,ROOT,True,4
L1_Contract=one_year|L2_tenure=short_term,L2,L1_Contract=one_year,105,44,0.08571428571428572,0.045454545454545456,0.2,0.1,0.17045454545454544,0.0,0.0,0.0,0.25,0.0,44,False,,f1_regret_bnd,-0.2954545454545454,-0.3956521739130434,0.100197628458498,L1_Contract=one_year|L2_tenure=short_term,False,4
L1_Contract=two_year|L2_tenure=long_term,L2,L1_Contract=two_year,116,73,0.017241379310344827,0.0273972602739726,0.2,0.1,0.10273972602739725,0.0,0.0,0.0,0.0410958904109589,0.0,73,True,,f1_regret_bnd,-0.1232876712328767,-0.05263157894736842,-0.07065609228550829,ROOT,True,4
L1_Contract=two_year|L2_tenure=mid_term,L2,L1_Contract=two_year,97,72,0.07216494845360824,0.027777777777777776,0.2,0.1,0.10416666666666667,0.0,0.0,0.0,0.041666666666666664,0.0,72,True,,f1_regret_bnd,-0.125,-0.05263157894736842,-0.07236842105263158,ROOT,True,4
L1_Contract=two_year|L2_tenure=short_term,L2,L1_Contract=two_year,60,15,0.0,0.0,0.2,0.1,,,,,,,0,True,,f1_regret_bnd,,-0.05263157894736842,,ROOT,True,4
L1_Contract=two_year|L2_tenure=others,L2,L1_Contract=two_year,43,14,0.0,0.0,0.2,0.1,,,,,,,0,True,,f1_regret_bnd,,-0.05263157894736842,,ROOT,True,4
L1_Contract=month_to_month|L2_tenure=long_term|L3_InternetService=fiber,L3,L1_Contract=month_to_month|L2_tenure=long_term,45,26,0.24444444444444444,0.19230769230769232,0.3,0.1,0.5769230769230769,0.4615384615384615,0.375,0.6,0.6153846153846154,0.3076923076923077,26,False,,f1_regret_bnd,-0.4230769230769231,-0.5714285714285715,0.14835164835164844,L1_Contract=month_to_month|L2_tenure=long_term|L3_InternetService=fiber,False,4
L1_Contract=month_to_month|L2_tenure=long_term|L3_InternetService=others,L3,L1_Contract=month_to_month|L2_tenure=long_term,10,2,0.0,0.5,0.2,0.1,,,,,,,0,True,,f1_regret_bnd,,-0.5714285714285715,,ROOT,True,4
L1_Contract=month_to_month|L2_tenure=mid_term|L3_InternetService=dsl,L3,L1_Contract=month_to_month|L2_tenure=mid_term,176,66,0.14204545454545456,0.19696969696969696,0.2,0.1,0.6893939393939394,0.24999999999999994,0.2727272727272727,0.23076923076923078,0.8333333333333334,0.16666666666666666,66,True,,f1_regret_bnd,-0.8560606060606062,-0.11000474158368886,-0.7460558644769173,ROOT,True,4
L1_Contract=month_to_month|L2_tenure=mid_term|L3_InternetService=fiber,L3,L1_Contract=month_to_month|L2_tenure=mid_term,385,153,0.4025974025974026,0.38562091503267976,0.2,0.1,0.5620915032679739,0.5882352941176471,0.4296875,0.9322033898305084,0.11764705882352941,0.8366013071895425,153,False,,f1_regret_bnd,-0.032679738562091484,-0.11000474158368886,0.07732500302159738,L1_Contract=month_to_month|L2_tenure=mid_term|L3_InternetService=fiber,False,4
L1_Contract=month_to_month|L2_tenure=mid_term|L3_InternetService=others,L3,L1_Contract=month_to_month|L2_tenure=mid_term,27,14,0.037037037037037035,0.0,0.2,0.1,,,,,,,0,True,,f1_regret_bnd,,-0.11000474158368886,,ROOT,True,4
L1_Contract=month_to_month|L2_tenure=new|L3_InternetService=OTHER,L3,L1_Contract=month_to_month|L2_tenure=new,206,101,0.21359223300970873,0.19801980198019803,0.2,0.1,0.6683168316831684,0.26666666666666666,0.4,0.2,0.900990099009901,0.09900990099009901,101,True,L1_Contract=month_to_month|L2_tenure=new,f1_regret_bnd,-0.8521452145214522,0.0870726495726496,-0.9392178640941018,L1_Contract=month_to_month|L2_tenure=new,True,4
L1_Contract=month_to_month|L2_tenure=new|L3_InternetService=dsl,L3,L1_Contract=month_to_month|L2_tenure=new,375,173,0.42933333333333334,0.44508670520231214,0.2,0.1,0.5520231213872833,0.6411483253588517,0.5075757575757576,0.8701298701298701,0.23699421965317918,0.7630057803468208,173,True,L1_Contract=month_to_month|L2_tenure=new,f1_regret_bnd,-0.02937190585502117,0.0870726495726496,-0.11644455542767077,L1_Contract=month_to_month|L2_tenure=new,True,4
L1_Contract=month_to_month|L2_tenure=new|L3_InternetService=fiber,L3,L1_Contract=month_to_month|L2_tenure=new,529,210,0.7107750472589792,0.6904761904761905,0.1,0.0,0.30952380952380953,0.8169014084507042,0.6904761904761905,1.0,0.0,1.0,210,False,,f1_regret_bnd,0.5073775989268947,0.0870726495726496,0.4203049493542451,L1_Contract=month_to_month|L2_tenure=new|L3_InternetService=fiber,False,4
L1_Contract=month_to_month|L2_tenure=short_term|L3_InternetService=OTHER,L3,L1_Contract=month_to_month|L2_tenure=short_term,52,16,0.057692307692307696,0.0625,0.4,0.3,,,,,,,0,True,L1_Contract=month_to_month|L2_tenure=short_term,f1_regret_bnd,,0.125234521575985,,L1_Contract=month_to_month|L2_tenure=short_term,True,4
L1_Contract=month_to_month|L2_tenure=short_term|L3_InternetService=dsl,L3,L1_Contract=month_to_month|L2_tenure=short_term,134,63,0.23880597014925373,0.20634920634920634,0.4,0.3,0.6825396825396826,0.2222222222222222,0.4,0.15384615384615385,0.9206349206349206,0.07936507936507936,63,True,L1_Contract=month_to_month|L2_tenure=short_term,f1_regret_bnd,-0.9206349206349207,0.125234521575985,-1.0458694422109056,L1_Contract=month_to_month|L2_tenure=short_term,True,4
L1_Contract=month_to_month|L2_tenure=short_term|L3_InternetService=fiber,L3,L1_Contract=month_to_month|L2_tenure=short_term,230,120,0.5695652173913044,0.45,0.4,0.3,0.5333333333333333,0.6490066225165563,0.5051546391752577,0.9074074074074074,0.18333333333333332,0.8083333333333333,120,True,L1_Contract=month_to_month|L2_tenure=short_term,f1_regret_bnd,0.02400662251655629,0.125234521575985,-0.10122789905942871,L1_Contract=month_to_month|L2_tenure=short_term,True,4
L1_Contract=one_year|L2_tenure=long_term|L3_InternetService=dsl,L3,L1_Contract=one_year|L2_tenure=long_term,55,20,0.03636363636363636,0.1,0.2,0.1,,,,,,,0,True,,f1_regret_bnd,,-0.6976744186046512,,ROOT,True,4
L1_Contract=one_year|L2_tenure=long_term|L3_InternetService=fiber,L3,L1_Contract=one_year|L2_tenure=long_term,106,61,0.1792452830188679,0.13114754098360656,0.2,0.1,0.5409836065573771,0.0,0.0,0.0,0.5573770491803278,0.0,61,True,,f1_regret_bnd,-0.819672131147541,-0.6976744186046512,-0.12199771254288982,ROOT,True,4
L1_Contract=one_year|L2_tenure=long_term|L3_InternetService=others,L3,L1_Contract=one_year|L2_tenure=long_term,17,5,0.0,0.0,0.2,0.1,,,,,,,0,True,,f1_regret_bnd,,-0.6976744186046512,,ROOT,True,4
L1_Contract=one_year|L2_tenure=mid_term|L3_InternetService=OTHER,L3,L1_Contract=one_year|L2_tenure=mid_term,89,40,0.033707865168539325,0.025,0.4,0.1,0.125,0.0,0.0,0.0,0.0,0.0,40,True,L1_Contract=one_year|L2_tenure=mid_term,f1_regret_bnd,-0.125,-0.08333333333333334,-0.04166666666666666,L1_Contract=one_year|L2_tenure=mid_term,True,4
L1_Contract=one_year|L2_tenure=mid_term|L3_InternetService=dsl,L3,L1_Contract=one_year|L2_tenure=mid_term,199,108,0.05527638190954774,0.1111111111111111,0.4,0.1,0.47685185185185186,0.0,0.0,0.0,0.1388888888888889,0.0,108,True,L1_Contract=one_year|L2_tenure=mid_term,f1_regret_bnd,-0.5462962962962963,-0.08333333333333334,-0.4629629629629629,L1_Contract=one_year|L2_tenure=mid_term,True,4
L1_Contract=one_year|L2_tenure=mid_term|L3_InternetService=fiber,L3,L1_Contract=one_year|L2_tenure=mid_term,165,72,0.21212121212121213,0.2361111111111111,0.4,0.1,0.6736111111111112,0.4411764705882352,0.29411764705882354,0.8823529411764706,0.2916666666666667,0.7083333333333334,72,True,L1_Contract=one_year|L2_tenure=mid_term,f1_regret_bnd,-0.37826797385620925,-0.08333333333333334,-0.2949346405228759,L1_Contract=one_year|L2_tenure=mid_term,True,4
L1_Contract=one_year|L2_tenure=short_term|L3_InternetService=OTHER,L3,L1_Contract=one_year|L2_tenure=short_term,54,25,0.018518518518518517,0.0,0.2,0.1,,,,,,,0,True,L1_Contract=one_year|L2_tenure=short_term,f1_regret_bnd,,-0.2954545454545454,,L1_Contract=one_year|L2_tenure=short_term,True,4
L1_Contract=one_year|L2_tenure=short_term|L3_InternetService=others,L3,L1_Contract=one_year|L2_tenure=short_term,51,19,0.1568627450980392,0.10526315789473684,0.2,0.1,,,,,,,0,True,L1_Contract=one_year|L2_tenure=short_term,f1_regret_bnd,,-0.2954545454545454,,L1_Contract=one_year|L2_tenure=short_term,True,4
L1_Contract=two_year|L2_tenure=long_term|L3_InternetService=OTHER,L3,L1_Contract=two_year|L2_tenure=long_term,155,41,0.0,0.0,0.2,0.1,,,,,,,0,True,,f1_regret_bnd,,-0.1232876712328767,,ROOT,True,4
L1_Contract=two_year|L2_tenure=long_term|L3_InternetService=dsl,L3,L1_Contract=two_year|L2_tenure=long_term,241,84,0.016597510373443983,0.023809523809523808,0.2,0.1,0.11904761904761904,0.0,0.0,0.0,0.0,0.0,84,False,,f1_regret_bnd,-0.11904761904761904,-0.1232876712328767,0.0042400521852576645,L1_Contract=two_year|L2_tenure=long_term|L3_InternetService=dsl,False,4
L1_Contract=two_year|L2_tenure=long_term|L3_InternetService=fiber,L3,L1_Contract=two_year|L2_tenure=long_term,186,84,0.05913978494623656,0.09523809523809523,0.2,0.1,0.40476190476190477,0.0,0.0,0.0,0.047619047619047616,0.0,84,True,,f1_regret_bnd,-0.4285714285714286,-0.1232876712328767,-0.3052837573385519,ROOT,True,4
L1_Contract=two_year|L2_tenure=mid_term|L3_InternetService=OTHER,L3,L1_Contract=two_year|L2_tenure=mid_term,146,67,0.0136986301369863,0.014925373134328358,0.2,0.1,0.07462686567164178,0.0,0.0,0.0,0.0,0.0,67,False,,f1_regret_bnd,-0.07462686567164178,-0.125,0.050373134328358216,L1_Contract=two_year|L2_tenure=mid_term|L3_InternetService=OTHER,False,4
L1_Contract=two_year|L2_tenure=mid_term|L3_InternetService=dsl,L3,L1_Contract=two_year|L2_tenure=mid_term,95,42,0.010526315789473684,0.023809523809523808,0.2,0.1,0.11904761904761904,0.0,0.0,0.0,0.0,0.0,42,False,,f1_regret_bnd,-0.11904761904761904,-0.125,0.005952380952380959,L1_Contract=two_year|L2_tenure=mid_term|L3_InternetService=dsl,False,4
L1_Contract=two_year|L2_tenure=mid_term|L3_InternetService=fiber,L3,L1_Contract=two_year|L2_tenure=mid_term,49,17,0.12244897959183673,0.058823529411764705,0.2,0.1,,,,,,,0,True,,f1_regret_bnd,,-0.125,,ROOT,True,4
ROOT,L1,,788,337,0.2626903553299492,0.2818991097922849,0.2,0.1,0.4658753709198813,0.5992217898832685,0.47530864197530864,0.8105263157894737,0.10682492581602374,0.4807121661721068,337,False,,f1_regret_bnd,0.0799339560553753,-0.44500295683027796,0.5249369128856533,ROOT,False,5
L1_Contract=month_to_month,L1,ROOT,476,206,0.38865546218487396,0.4320388349514563,0.2,0.1,0.5194174757281553,0.6883720930232559,0.5873015873015873,0.8314606741573034,0.3883495145631068,0.6116504854368932,206,True,,f1_regret_bnd,-0.025220139986452866,0.0799339560553753,-0.10515409604182817,ROOT,True,5
L1_Contract=one_year,L1,ROOT,162,130,0.1419753086419753,0.08461538461538462,0.2,0.1,0.35384615384615387,0.3,0.3333333333333333,0.2727272727272727,0.24615384615384617,0.06923076923076923,130,True,,f1_regret_bnd,-0.17692307692307696,0.0799339560553753,-0.25685703297845225,ROOT,True,5
L1_Contract=two_year,L1,ROOT,272,100,0.029411764705882353,0.03,0.2,0.1,0.125,0.0,0.0,0.0,0.03,0.0,100,True,,f1_regret_bnd,-0.14,0.0799339560553753,-0.2199339560553753,ROOT,True,5
L1_Contract=month_to_month|L2_tenure=long_term,L2,L1_Contract=month_to_month,60,24,0.23333333333333334,0.25,0.2,0.1,,,,,,,0,True,,f1_regret_bnd,,-0.025220139986452866,,ROOT,True,5
L1_Contract=month_to_month|L2_tenure=mid_term,L2,L1_Contract=month_to_month,144,60,0.2569444444444444,0.3333333333333333,0.3,0.1,0.44166666666666665,0.6382978723404256,0.5555555555555556,0.75,0.31666666666666665,0.45,60,False,,f1_regret_bnd,0.03829787234042559,-0.025220139986452866,0.06351801232687845,L1_Contract=month_to_month|L2_tenure=mid_term,False,5
L1_Contract=month_to_month|L2_tenure=new,L2,L1_Contract=month_to_month,225,88,0.5066666666666667,0.5909090909090909,0.3,0.0,0.4431818181818182,0.7719298245614036,0.7096774193548387,0.8461538461538461,0.29545454545454547,0.7045454545454546,88,False,,f1_regret_bnd,0.18102073365231267,-0.025220139986452866,0.20624087363876553,L1_Contract=month_to_month|L2_tenure=new,False,5
L1_Contract=month_to_month|L2_tenure=short_term,L2,L1_Contract=month_to_month,108,55,0.23148148148148148,0.34545454545454546,0.2,0.1,0.5818181818181818,0.6086956521739131,0.5185185185185185,0.7368421052631579,0.509090909090909,0.4909090909090909,55,True,,f1_regret_bnd,-0.22766798418972323,-0.025220139986452866,-0.20244784420327036,ROOT,True,5
L1_Contract=one_year|L2_tenure=long_term,L2,L1_Contract=one_year,83,92,0.04819277108433735,0.10869565217391304,0.2,0.1,0.5163043478260869,0.0,0.0,0.0,0.11956521739130435,0.0,92,True,,f1_regret_bnd,-0.5760869565217391,-0.17692307692307696,-0.3991638795986622,ROOT,True,5
L1_Contract=one_year|L2_tenure=mid_term,L2,L1_Contract=one_year,94,69,0.1276595744680851,0.043478260869565216,0.3,0.1,0.15942028985507245,0.36363636363636365,0.25,0.6666666666666666,0.11594202898550725,0.11594202898550725,69,False,,f1_regret_bnd,0.14624505928853757,-0.17692307692307696,0.32316813621161455,L1_Contract=one_year|L2_tenure=mid_term,False,5
L1_Contract=one_year|L2_tenure=new,L2,L1_Contract=one_year,74,28,0.13513513513513514,0.03571428571428571,0.4,0.3,0.017857142857142856,1.0,1.0,1.0,0.03571428571428571,0.03571428571428571,28,False,,f1_regret_bnd,0.9642857142857142,-0.17692307692307696,1.1412087912087912,L1_Contract=one_year|L2_tenure=new,False,5
L1_Contract=one_year|L2_tenure=short_term,L2,L1_Contract=one_year,107,45,0.08411214953271028,0.06666666666666667,0.5,0.2,0.2222222222222222,0.4,0.5,0.3333333333333333,0.13333333333333333,0.044444444444444446,45,False,,f1_regret_bnd,0.11111111111111115,-0.17692307692307696,0.2880341880341881,L1_Contract=one_year|L2_tenure=short_term,False,5
L1_Contract=two_year|L2_tenure=long_term,L2,L1_Contract=two_year,111,94,0.04504504504504504,0.010638297872340425,0.6,0.5,0.05319148936170213,0.0,0.0,0.0,0.0,0.0,94,False,,f1_regret_bnd,-0.05319148936170213,-0.14,0.08680851063829789,L1_Contract=two_year|L2_tenure=long_term,False,5
L1_Contract=two_year|L2_tenure=mid_term,L2,L1_Contract=two_year,109,79,0.06422018348623854,0.05063291139240506,0.2,0.1,0.25316455696202533,0.0,0.0,0.0,0.0,0.0,79,True,,f1_regret_bnd,-0.25316455696202533,-0.14,-0.11316455696202532,ROOT,True,5
L1_Contract=two_year|L2_tenure=short_term,L2,L1_Contract=two_year,55,12,0.0,0.0,0.2,0.1,,,,,,,0,True,,f1_regret_bnd,,-0.14,,ROOT,True,5
L1_Contract=two_year|L2_tenure=others,L2,L1_Contract=two_year,42,17,0.0,0.0,0.2,0.1,,,,,,,0,True,,f1_regret_bnd,,-0.14,,ROOT,True,5
L1_Contract=month_to_month|L2_tenure=long_term|L3_InternetService=fiber,L3,L1_Contract=month_to_month|L2_tenure=long_term,52,19,0.2692307692307692,0.2631578947368421,0.2,0.1,,,,,,,0,True,,f1_regret_bnd,,-0.44500295683027796,,ROOT,True,5
L1_Contract=month_to_month|L2_tenure=long_term|L3_InternetService=others,L3,L1_Contract=month_to_month|L2_tenure=long_term,8,5,0.0,0.2,0.2,0.1,,,,,,,0,True,,f1_regret_bnd,,-0.44500295683027796,,ROOT,True,5
L1_Contract=month_to_month|L2_tenure=mid_term|L3_InternetService=dsl,L3,L1_Contract=month_to_month|L2_tenure=mid_term,152,63,0.18421052631578946,0.14285714285714285,0.3,0.1,0.5317460317460317,0.380952380952381,0.3333333333333333,0.4444444444444444,0.5238095238095238,0.19047619047619047,63,True,L1_Contract=month_to_month|L2_tenure=mid_term,f1_regret_bnd,-0.4126984126984127,0.03829787234042559,-0.45099628503883826,L1_Contract=month_to_month|L2_tenure=mid_term,True,5
L1_Contract=month_to_month|L2_tenure=mid_term|L3_InternetService=fiber,L3,L1_Contract=month_to_month|L2_tenure=mid_term,376,191,0.3829787234042553,0.387434554973822,0.3,0.1,0.5837696335078534,0.6082474226804123,0.49166666666666664,0.7972972972972973,0.3717277486910995,0.6282722513089005,191,True,L1_Contract=month_to_month|L2_tenure=mid_term,f1_regret_bnd,-0.1613860851729908,0.03829787234042559,-0.1996839575134164,L1_Contract=month_to_month|L2_tenure=mid_term,True,5
L1_Contract=month_to_month|L2_tenure=mid_term|L3_InternetService=others,L3,L1_Contract=month_to_month|L2_tenure=mid_term,39,10,0.05128205128205128,0.0,0.3,0.1,,,,,,,0,True,L1_Contract=month_to_month|L2_tenure=mid_term,f1_regret_bnd,,0.03829787234042559,,L1_Contract=month_to_month|L2_tenure=mid_term,True,5
L1_Contract=month_to_month|L2_tenure=new|L3_InternetService=OTHER,L3,L1_Contract=month_to_month|L2_tenure=new,208,93,0.22115384615384615,0.27956989247311825,0.3,0.0,0.7043010752688172,0.35000000000000003,0.5,0.2692307692307692,0.8494623655913979,0.15053763440860216,93,True,L1_Contract=month_to_month|L2_tenure=new,f1_regret_bnd,-0.7790322580645161,0.18102073365231267,-0.9600529917168288,L1_Contract=month_to_month|L2_tenure=new,True,5
L1_Contract=month_to_month|L2_tenure=new|L3_InternetService=dsl,L3,L1_Contract=month_to_month|L2_tenure=new,394,154,0.41624365482233505,0.43506493506493504,0.3,0.0,0.5909090909090909,0.5898617511520738,0.4266666666666667,0.9552238805970149,0.025974025974025976,0.974025974025974,154,True,L1_Contract=month_to_month|L2_tenure=new,f1_regret_bnd,-0.014034352744030084,0.18102073365231267,-0.19505508639634275,L1_Contract=month_to_month|L2_tenure=new,True,5
L1_Contract=month_to_month|L2_tenure=new|L3_InternetService=fiber,L3,L1_Contract=month_to_month|L2_tenure=new,533,203,0.7054409005628518,0.6847290640394089,0.1,0.0,0.31527093596059114,0.8128654970760235,0.6847290640394089,1.0,0.0,1.0,203,False,,f1_regret_bnd,0.4975945611154324,0.18102073365231267,0.3165738274631197,L1_Contract=month_to_month|L2_tenure=new|L3_InternetService=fiber,False,5
L1_Contract=month_to_month|L2_tenure=short_term|L3_InternetService=OTHER,L3,L1_Contract=month_to_month|L2_tenure=short_term,40,20,0.1,0.1,0.2,0.1,,,,,,,0,True,,f1_regret_bnd,,-0.22766798418972323,,ROOT,True,5
L1_Contract=month_to_month|L2_tenure=short_term|L3_InternetService=dsl,L3,L1_Contract=month_to_month|L2_tenure=short_term,121,62,0.2727272727272727,0.25806451612903225,0.2,0.1,0.6209677419354839,0.4324324324324324,0.38095238095238093,0.5,0.5645161290322581,0.3387096774193548,62,True,,f1_regret_bnd,-0.47079337401918053,-0.22766798418972323,-0.2431253898294573,ROOT,True,5
L1_Contract=month_to_month|L2_tenure=short_term|L3_InternetService=fiber,L3,L1_Contract=month_to_month|L2_tenure=short_term,222,119,0.509009009009009,0.5462184873949579,0.1,0.0,0.46638655462184875,0.6994535519125683,0.5423728813559322,0.9846153846153847,0.008403361344537815,0.9915966386554622,119,False,,f1_regret_bnd,0.22886531661845064,-0.22766798418972323,0.4565333008081739,L1_Contract=month_to_month|L2_tenure=short_term|L3_InternetService=fiber,False,5
L1_Contract=one_year|L2_tenure=long_term|L3_InternetService=dsl,L3,L1_Contract=one_year|L2_tenure=long_term,49,22,0.061224489795918366,0.045454545454545456,0.2,0.1,,,,,,,0,True,,f1_regret_bnd,,-0.5760869565217391,,ROOT,True,5
L1_Contract=one_year|L2_tenure=long_term|L3_InternetService=fiber,L3,L1_Contract=one_year|L2_tenure=long_term,100,62,0.16,0.14516129032258066,0.2,0.1,0.6451612903225806,0.0,0.0,0.0,1.0,0.0,62,True,,f1_regret_bnd,-1.1451612903225805,-0.5760869565217391,-0.5690743338008414,ROOT,True,5
L1_Contract=one_year|L2_tenure=long_term|L3_InternetService=others,L3,L1_Contract=one_year|L2_tenure=long_term,14,8,0.0,0.0,0.2,0.1,,,,,,,0,True,,f1_regret_bnd,,-0.5760869565217391,,ROOT,True,5
L1_Contract=one_year|L2_tenure=mid_term|L3_InternetService=OTHER,L3,L1_Contract=one_year|L2_tenure=mid_term,91,38,0.03296703296703297,0.0,0.3,0.1,,,,,,,0,True,L1_Contract=one_year|L2_tenure=mid_term,f1_regret_bnd,,0.14624505928853757,,L1_Contract=one_year|L2_tenure=mid_term,True,5
L1_Contract=one_year|L2_tenure=mid_term|L3_InternetService=dsl,L3,L1_Contract=one_year|L2_tenure=mid_term,204,80,0.06372549019607843,0.1,0.3,0.1,0.4875,0.0,0.0,0.0,0.175,0.0,80,True,L1_Contract=one_year|L2_tenure=mid_term,f1_regret_bnd,-0.575,0.14624505928853757,-0.7212450592885375,L1_Contract=one_year|L2_tenure=mid_term,True,5
L1_Contract=one_year|L2_tenure=mid_term|L3_InternetService=fiber,L3,L1_Contract=one_year|L2_tenure=mid_term,180,77,0.22777777777777777,0.15584415584415584,0.3,0.1,0.6558441558441559,0.0,0.0,0.0,1.0,0.0,77,True,L1_Contract=one_year|L2_tenure=mid_term,f1_regret_bnd,-1.155844155844156,0.14624505928853757,-1.3020892151326935,L1_Contract=one_year|L2_tenure=mid_term,True,5
L1_Contract=one_year|L2_tenure=new|L3_InternetService=OTHER,L3,L1_Contract=one_year|L2_tenure=new,46,15,0.06521739130434782,0.0,0.4,0.3,,,,,,,0,True,L1_Contract=one_year|L2_tenure=new,f1_regret_bnd,,0.9642857142857142,,L1_Contract=one_year|L2_tenure=new,True,5
L1_Contract=one_year|L2_tenure=new|L3_InternetService=others,L3,L1_Contract=one_year|L2_tenure=new,28,13,0.25,0.07692307692307693,0.4,0.3,,,,,,,0,True,L1_Contract=one_year|L2_tenure=new,f1_regret_bnd,,0.9642857142857142,,L1_Contract=one_year|L2_tenure=new,True,5
L1_Contract=one_year|L2_tenure=short_term|L3_InternetService=OTHER,L3,L1_Contract=one_year|L2_tenure=short_term,51,18,0.0,0.0,0.5,0.2,,,,,,,0,True,L1_Contract=one_year|L2_tenure=short_term,f1_regret_bnd,,0.11111111111111115,,L1_Contract=one_year|L2_tenure=short_term,True,5
L1_Contract=one_year|L2_tenure=short_term|L3_InternetService=dsl,L3,L1_Contract=one_year|L2_tenure=short_term,45,18,0.15555555555555556,0.05555555555555555,0.5,0.2,,,,,,,0,True,L1_Contract=one_year|L2_tenure=short_term,f1_regret_bnd,,0.11111111111111115,,L1_Contract=one_year|L2_tenure=short_term,True,5
L1_Contract=one_year|L2_tenure=short_term|L3_InternetService=others,L3,L1_Contract=one_year|L2_tenure=short_term,11,9,0.18181818181818182,0.2222222222222222,0.5,0.2,,,,,,,0,True,L1_Contract=one_year|L2_tenure=short_term,f1_regret_bnd,,0.11111111111111115,,L1_Contract=one_year|L2_tenure=short_term,True,5
L1_Contract=two_year|L2_tenure=long_term|L3_InternetService=OTHER,L3,L1_Contract=two_year|L2_tenure=long_term,139,59,0.0,0.0,0.6,0.5,,,,,,,0,True,L1_Contract=two_year|L2_tenure=long_term,f1_regret_bnd,,-0.05319148936170213,,L1_Contract=two_year|L2_tenure=long_term,True,5
L1_Contract=two_year|L2_tenure=long_term|L3_InternetService=dsl,L3,L1_Contract=two_year|L2_tenure=long_term,234,90,0.02564102564102564,0.022222222222222223,0.6,0.5,0.1111111111111111,0.0,0.0,0.0,0.0,0.0,90,True,L1_Contract=two_year|L2_tenure=long_term,f1_regret_bnd,-0.1111111111111111,-0.05319148936170213,-0.05791962174940898,L1_Contract=two_year|L2_tenure=long_term,True,5
L1_Contract=two_year|L2_tenure=long_term|L3_InternetService=fiber,L3,L1_Contract=two_year|L2_tenure=long_term,191,85,0.04712041884816754,0.058823529411764705,0.6,0.5,0.2529411764705882,0.22222222222222224,0.25,0.2,0.058823529411764705,0.047058823529411764,85,True,L1_Contract=two_year|L2_tenure=long_term,f1_regret_bnd,-0.06013071895424834,-0.05319148936170213,-0.006939229592546212,L1_Contract=two_year|L2_tenure=long_term,True,5
L1_Contract=two_year|L2_tenure=mid_term|L3_InternetService=OTHER,L3,L1_Contract=two_year|L2_tenure=mid_term,162,62,0.030864197530864196,0.0,0.2,0.1,,,,,,,0,True,,f1_regret_bnd,,-0.25316455696202533,,ROOT,True,5
L1_Contract=two_year|L2_tenure=mid_term|L3_InternetService=dsl,L3,L1_Contract=two_year|L2_tenure=mid_term,99,45,0.010101010101010102,0.022222222222222223,0.2,0.1,0.1111111111111111,0.0,0.0,0.0,0.0,0.0,45,False,,f1_regret_bnd,-0.1111111111111111,-0.25316455696202533,0.14205344585091423,L1_Contract=two_year|L2_tenure=mid_term|L3_InternetService=dsl,False,5
L1_Contract=two_year|L2_tenure=mid_term|L3_InternetService=fiber,L3,L1_Contract=two_year|L2_tenure=mid_term,58,22,0.10344827586206896,0.13636363636363635,0.2,0.1,,,,,,,0,True,,f1_regret_bnd,,-0.25316455696202533,,ROOT,True,5
