bucket_id,Precision,Recall,F1,BAC,AUC,MCC,Kappa,Regret,BND_ratio,POS_Coverage,n_samples,alpha,beta
L1_number_inpatient=no_prev_inpt|L2_number_emergency=no_prev_er|L3_discharge_disposition_id=Home|L4_number_diagnoses=high_dx,0.0,0.0,0.0,0.5,0.5883863399633283,0.0,0.0,0.3264664255386067,0.004717722912407611,0.0,6359,0.4,0.2
L1_number_inpatient=no_prev_inpt|L2_number_emergency=no_prev_er|L3_discharge_disposition_id=OtherDisp|L4_number_diagnoses=mid_dx,0.6153846153846154,0.2,0.30188679245283023,0.5930362116991643,0.7737465181058496,0.3147704140722189,0.2657780872333019,0.3107769423558897,0.09523809523809523,0.03258145363408521,399,0.4,0.2
L1_number_inpatient=no_prev_inpt|L2_number_emergency=no_prev_er|L3_discharge_disposition_id=OtherDisp|L4_number_diagnoses=high_dx,0.5652173913043478,0.08783783783783784,0.152046783625731,0.5372611293050708,0.7528610501313564,0.1750333738374169,0.11275447349255707,0.4521690767519466,0.2335928809788654,0.025583982202447165,899,0.4,0.2
L1_number_inpatient=no_prev_inpt|L2_number_emergency=no_prev_er|L3_discharge_disposition_id=Transfer|L4_number_diagnoses=high_dx,0.5,0.005628517823639775,0.011131725417439703,0.5023761747996703,0.5987083778997387,0.04169747181933541,0.008157345631898183,0.5212282031842305,0.0384129390952742,0.001516300227445034,3957,0.4,0.2
L1_number_inpatient=no_prev_inpt|L2_number_emergency=no_prev_er|L3_discharge_disposition_id=Home|L4_number_diagnoses=mid_dx,0.0,0.0,0.0,0.5,0.6167709019091508,0.0,0.0,0.2527134056908184,0.0023467292461132297,0.0,3409,0.4,0.2
L1_number_inpatient=many_prev_inpt|L2_number_emergency=no_prev_er|L3_discharge_disposition_id=OtherDisp|L4_number_diagnoses=high_dx,0.8,0.3333333333333333,0.47058823529411764,0.644927536231884,0.717391304347826,0.3931785497463923,0.33684210526315794,0.6571428571428571,0.6285714285714286,0.14285714285714285,35,0.4,0.2
L1_number_inpatient=few_prev_inpt|L2_number_emergency=no_prev_er|L3_discharge_disposition_id=OtherDisp|L4_number_diagnoses=high_dx,0.5,0.1935483870967742,0.27906976744186046,0.5689964157706093,0.6341099163679809,0.20452988181151915,0.17657175616281284,0.6438848920863309,0.4676258992805755,0.08633093525179857,139,0.4,0.2
L1_number_inpatient=few_prev_inpt|L2_number_emergency=no_prev_er|L3_discharge_disposition_id=Transfer|L4_number_diagnoses=high_dx,0.0,0.0,0.0,0.4972924187725632,0.49268029221979015,-0.031848776893779206,-0.008681979764834535,0.6725403817914831,0.3891336270190896,0.004405286343612335,681,0.4,0.2
L1_number_inpatient=many_prev_inpt|L2_number_emergency=no_prev_er|L3_discharge_disposition_id=Home|L4_number_diagnoses=high_dx,0.3333333333333333,0.12,0.1764705882352941,0.5165217391304348,0.6030434782608696,0.04961918062709225,0.04151493080844859,0.6542553191489362,0.7606382978723404,0.09574468085106383,188,0.4,0.2
L1_number_inpatient=no_prev_inpt|L2_number_emergency=one_prev_er|L3_discharge_disposition_id=Transfer|L4_number_diagnoses=high_dx,0.0,0.0,0.0,0.5,0.40234375,0.0,0.0,0.4375,0.18055555555555555,0.0,72,0.4,0.2
L1_number_inpatient=no_prev_inpt|L2_number_emergency=no_prev_er|L3_discharge_disposition_id=Home|L4_number_diagnoses=low_dx,0.0,0.0,0.0,0.5,0.4992724867724868,0.0,0.0,0.19718309859154928,0.0,0.0,568,0.4,0.2
L1_number_inpatient=few_prev_inpt|L2_number_emergency=no_prev_er|L3_discharge_disposition_id=Home|L4_number_diagnoses=high_dx,0.6666666666666666,0.014388489208633094,0.02816901408450704,0.5064031053638102,0.5596257171478007,0.07907611890985745,0.020709078860172148,0.6647211413748378,0.1867704280155642,0.0038910505836575876,771,0.4,0.2
L1_number_inpatient=no_prev_inpt|L2_number_emergency=no_prev_er|L3_discharge_disposition_id=Expired|L4_number_diagnoses=high_dx,0.0,0.0,0.0,1.0,,0.0,,0.0,0.0,0.0,216,0.4,0.2
L1_number_inpatient=no_prev_inpt|L2_number_emergency=no_prev_er|L3_discharge_disposition_id=OtherDisp|L4_number_diagnoses=low_dx,1.0,0.5,0.6666666666666666,0.75,0.8770491803278688,0.7013811259728677,0.6594594594594594,0.09523809523809523,0.06349206349206349,0.015873015873015872,63,0.4,0.2
L1_number_inpatient=many_prev_inpt|L2_number_emergency=no_prev_er|L3_discharge_disposition_id=Home|L4_number_diagnoses=low_dx,0.0,0.0,0.0,0.4444444444444444,0.6666666666666667,-0.21821789023599236,-0.12903225806451624,0.8,0.6,0.06666666666666667,15,0.4,0.2
L1_number_inpatient=no_prev_inpt|L2_number_emergency=no_prev_er|L3_discharge_disposition_id=Transfer|L4_number_diagnoses=mid_dx,0.0,0.0,0.0,0.5,0.6601895629888207,0.0,0.0,0.41354166666666664,0.06770833333333333,0.0,960,0.4,0.2
L1_number_inpatient=few_prev_inpt|L2_number_emergency=no_prev_er|L3_discharge_disposition_id=Transfer|L4_number_diagnoses=mid_dx,0.3333333333333333,0.041666666666666664,0.07407407407407407,0.5100806451612904,0.5443548387096775,0.05150535271439557,0.02985074626865658,0.6837606837606838,0.47863247863247865,0.02564102564102564,117,0.4,0.2
L1_number_inpatient=no_prev_inpt|L2_number_emergency=no_prev_er|L3_discharge_disposition_id=SNF_Rehab|L4_number_diagnoses=low_dx,0.0,0.0,0.0,1.0,,0.0,,0.0,0.0,0.0,8,0.4,0.2
L1_number_inpatient=few_prev_inpt|L2_number_emergency=one_prev_er|L3_discharge_disposition_id=Transfer|L4_number_diagnoses=high_dx,0.0,0.0,0.0,0.5,0.4857142857142857,0.0,0.0,0.7209302325581395,0.6046511627906976,0.0,43,0.4,0.2
L1_number_inpatient=no_prev_inpt|L2_number_emergency=no_prev_er|L3_discharge_disposition_id=Transfer|L4_number_diagnoses=low_dx,0.0,0.0,0.0,0.5,0.726388888888889,0.0,0.0,0.38202247191011235,0.033707865168539325,0.0,89,0.4,0.2
L1_number_inpatient=many_prev_inpt|L2_number_emergency=one_prev_er|L3_discharge_disposition_id=Transfer|L4_number_diagnoses=high_dx,0.5,0.5454545454545454,0.5217391304347826,0.5727272727272728,0.5333333333333333,0.14414999403128945,0.14371257485029942,0.5769230769230769,0.5,0.46153846153846156,26,0.4,0.2
L1_number_inpatient=no_prev_inpt|L2_number_emergency=one_prev_er|L3_discharge_disposition_id=Home|L4_number_diagnoses=mid_dx,0.0,0.0,0.0,0.5,0.6,0.0,0.0,0.25,0.05263157894736842,0.0,38,0.4,0.2
L1_number_inpatient=few_prev_inpt|L2_number_emergency=no_prev_er|L3_discharge_disposition_id=Home|L4_number_diagnoses=mid_dx,0.0,0.0,0.0,0.5,0.5575624885969713,0.0,0.0,0.5596330275229358,0.1834862385321101,0.0,218,0.4,0.2
L1_number_inpatient=few_prev_inpt|L2_number_emergency=one_prev_er|L3_discharge_disposition_id=Home|L4_number_diagnoses=high_dx,0.0,0.0,0.0,0.5,0.7242647058823529,0.0,0.0,0.5238095238095238,0.19047619047619047,0.0,42,0.4,0.2
L1_number_inpatient=many_prev_inpt|L2_number_emergency=no_prev_er|L3_discharge_disposition_id=Transfer|L4_number_diagnoses=high_dx,0.2,0.11627906976744186,0.14705882352941177,0.47749437359339836,0.5307576894223556,-0.05516352304463008,-0.052139908755159725,0.6796407185628742,0.7664670658682635,0.1497005988023952,167,0.4,0.2
L1_number_inpatient=no_prev_inpt|L2_number_emergency=no_prev_er|L3_discharge_disposition_id=SNF_Rehab|L4_number_diagnoses=mid_dx,0.0,0.0,0.0,0.5,0.55,0.0,0.0,0.25,0.0,0.0,32,0.4,0.2
L1_number_inpatient=many_prev_inpt|L2_number_emergency=no_prev_er|L3_discharge_disposition_id=Transfer|L4_number_diagnoses=mid_dx,0.25,0.14285714285714285,0.18181818181818182,0.5032467532467533,0.474025974025974,0.008058229640253803,0.0076045627376425395,0.5517241379310345,0.6896551724137931,0.13793103448275862,29,0.4,0.2
L1_number_inpatient=no_prev_inpt|L2_number_emergency=no_prev_er|L3_discharge_disposition_id=Expired|L4_number_diagnoses=mid_dx,0.0,0.0,0.0,1.0,,0.0,,0.0,0.0,0.0,35,0.4,0.2
L1_number_inpatient=many_prev_inpt|L2_number_emergency=multi_prev_er|L3_discharge_disposition_id=Home|L4_number_diagnoses=high_dx,0.5,0.5,0.5,0.5564516129032258,0.6236559139784946,0.11290322580645161,0.11290322580645162,0.5909090909090909,0.5272727272727272,0.43636363636363634,55,0.4,0.2
L1_number_inpatient=few_prev_inpt|L2_number_emergency=no_prev_er|L3_discharge_disposition_id=Expired|L4_number_diagnoses=high_dx,0.0,0.0,0.0,1.0,,0.0,,0.0,0.0,0.0,35,0.4,0.2
L1_number_inpatient=many_prev_inpt|L2_number_emergency=no_prev_er|L3_discharge_disposition_id=Home|L4_number_diagnoses=mid_dx,0.5714285714285714,0.19047619047619047,0.2857142857142857,0.5652380952380952,0.6028571428571428,0.19975005640553298,0.16174734356552534,0.6126760563380281,0.704225352112676,0.09859154929577464,71,0.4,0.2
L1_number_inpatient=no_prev_inpt|L2_number_emergency=one_prev_er|L3_discharge_disposition_id=Home|L4_number_diagnoses=high_dx,0.0,0.0,0.0,0.5,0.5563063063063063,0.0,0.0,0.5697674418604651,0.023255813953488372,0.0,86,0.4,0.2
L1_number_inpatient=no_prev_inpt|L2_number_emergency=no_prev_er|L3_discharge_disposition_id=SNF_Rehab|L4_number_diagnoses=high_dx,0.0,0.0,0.0,0.5,0.5457627118644068,0.0,0.0,0.28125,0.046875,0.0,64,0.4,0.2
L1_number_inpatient=no_prev_inpt|L2_number_emergency=multi_prev_er|L3_discharge_disposition_id=Transfer|L4_number_diagnoses=high_dx,0.0,0.0,0.0,0.5,0.46428571428571425,0.0,0.0,0.25,0.2,0.0,30,0.4,0.2
L1_number_inpatient=no_prev_inpt|L2_number_emergency=multi_prev_er|L3_discharge_disposition_id=Home|L4_number_diagnoses=high_dx,0.0,0.0,0.0,0.5,0.582258064516129,0.0,0.0,0.5,0.18055555555555555,0.0,72,0.4,0.2
L1_number_inpatient=many_prev_inpt|L2_number_emergency=multi_prev_er|L3_discharge_disposition_id=Home|L4_number_diagnoses=low_dx,1.0,1.0,1.0,1.0,1.0,1.0,1.0,0.25,0.5,0.5,2,0.4,0.2
L1_number_inpatient=few_prev_inpt|L2_number_emergency=no_prev_er|L3_discharge_disposition_id=OtherDisp|L4_number_diagnoses=low_dx,0.0,0.0,0.0,1.0,,0.0,,0.0,0.0,0.0,5,0.4,0.2
L1_number_inpatient=few_prev_inpt|L2_number_emergency=multi_prev_er|L3_discharge_disposition_id=Home|L4_number_diagnoses=high_dx,0.0,0.0,0.0,0.5,0.4598214285714286,0.0,0.0,0.9565217391304348,0.5434782608695652,0.0,46,0.4,0.2
L1_number_inpatient=many_prev_inpt|L2_number_emergency=one_prev_er|L3_discharge_disposition_id=Home|L4_number_diagnoses=high_dx,0.4166666666666667,0.35714285714285715,0.3846153846153846,0.5035714285714286,0.5321428571428573,0.0073561235792062455,0.007299270072992692,0.6617647058823529,0.6470588235294118,0.35294117647058826,34,0.4,0.2
L1_number_inpatient=many_prev_inpt|L2_number_emergency=no_prev_er|L3_discharge_disposition_id=OtherDisp|L4_number_diagnoses=mid_dx,0.0,0.0,0.0,0.375,0.75,-0.31622776601683794,-0.2857142857142856,0.5833333333333334,0.5,0.16666666666666666,6,0.4,0.2
L1_number_inpatient=few_prev_inpt|L2_number_emergency=multi_prev_er|L3_discharge_disposition_id=Transfer|L4_number_diagnoses=high_dx,0.0,0.0,0.0,0.475,0.757142857142857,-0.11602387022306428,-0.06930693069306937,0.5185185185185185,0.4444444444444444,0.037037037037037035,27,0.4,0.2
L1_number_inpatient=few_prev_inpt|L2_number_emergency=no_prev_er|L3_discharge_disposition_id=Transfer|L4_number_diagnoses=low_dx,0.0,0.0,0.0,0.5,0.6666666666666667,0.0,0.0,0.8125,0.5,0.0,8,0.4,0.2
L1_number_inpatient=few_prev_inpt|L2_number_emergency=no_prev_er|L3_discharge_disposition_id=OtherDisp|L4_number_diagnoses=mid_dx,0.3333333333333333,0.2,0.25,0.5655172413793104,0.5862068965517242,0.1636168870406704,0.15702479338842967,0.4411764705882353,0.4411764705882353,0.08823529411764706,34,0.4,0.2
L1_number_inpatient=no_prev_inpt|L2_number_emergency=multi_prev_er|L3_discharge_disposition_id=Home|L4_number_diagnoses=low_dx,0.0,0.0,0.0,1.0,,0.0,,0.0,0.0,0.0,4,0.4,0.2
L1_number_inpatient=no_prev_inpt|L2_number_emergency=multi_prev_er|L3_discharge_disposition_id=Home|L4_number_diagnoses=mid_dx,0.0,0.0,0.0,0.5,0.7142857142857143,0.0,0.0,0.6666666666666666,0.3333333333333333,0.0,9,0.4,0.2
L1_number_inpatient=no_prev_inpt|L2_number_emergency=one_prev_er|L3_discharge_disposition_id=SNF_Rehab|L4_number_diagnoses=high_dx,0.0,0.0,0.0,0.5,0.0,0.0,0.0,2.25,0.5,0.0,2,0.4,0.2
L1_number_inpatient=few_prev_inpt|L2_number_emergency=multi_prev_er|L3_discharge_disposition_id=Home|L4_number_diagnoses=low_dx,0.0,0.0,0.0,0.0,,0.0,0.0,1.0,0.0,1.0,1,0.4,0.2
L1_number_inpatient=few_prev_inpt|L2_number_emergency=no_prev_er|L3_discharge_disposition_id=Home|L4_number_diagnoses=low_dx,0.0,0.0,0.0,0.5,0.6166666666666667,0.0,0.0,1.2826086956521738,0.08695652173913043,0.0,23,0.4,0.2
L1_number_inpatient=no_prev_inpt|L2_number_emergency=one_prev_er|L3_discharge_disposition_id=Home|L4_number_diagnoses=low_dx,0.0,0.0,0.0,0.5,0.7857142857142857,0.0,0.0,0.8888888888888888,0.0,0.0,9,0.4,0.2
L1_number_inpatient=many_prev_inpt|L2_number_emergency=multi_prev_er|L3_discharge_disposition_id=Transfer|L4_number_diagnoses=high_dx,0.42857142857142855,0.5,0.4615384615384615,0.5277777777777778,0.6481481481481481,0.05455447255899809,0.05405405405405406,0.6333333333333333,0.5333333333333333,0.4666666666666667,15,0.4,0.2
L1_number_inpatient=few_prev_inpt|L2_number_emergency=multi_prev_er|L3_discharge_disposition_id=Transfer|L4_number_diagnoses=mid_dx,0.0,0.0,0.0,1.0,,0.0,,0.5,1.0,0.0,1,0.4,0.2
L1_number_inpatient=many_prev_inpt|L2_number_emergency=one_prev_er|L3_discharge_disposition_id=Transfer|L4_number_diagnoses=mid_dx,1.0,1.0,1.0,1.0,1.0,1.0,1.0,0.16666666666666666,0.3333333333333333,0.3333333333333333,3,0.4,0.2
L1_number_inpatient=few_prev_inpt|L2_number_emergency=no_prev_er|L3_discharge_disposition_id=SNF_Rehab|L4_number_diagnoses=high_dx,0.0,0.0,0.0,0.5,1.0,0.0,0.0,0.42857142857142855,0.7142857142857143,0.0,7,0.4,0.2
L1_number_inpatient=many_prev_inpt|L2_number_emergency=multi_prev_er|L3_discharge_disposition_id=Home|L4_number_diagnoses=mid_dx,0.6666666666666666,0.5714285714285714,0.6153846153846153,0.5857142857142856,0.7142857142857143,0.1690308509457033,0.16666666666666663,0.5,0.4166666666666667,0.5,12,0.4,0.2
L1_number_inpatient=few_prev_inpt|L2_number_emergency=no_prev_er|L3_discharge_disposition_id=Expired|L4_number_diagnoses=mid_dx,0.0,0.0,0.0,1.0,,0.0,,0.0,0.0,0.0,5,0.4,0.2
L1_number_inpatient=few_prev_inpt|L2_number_emergency=one_prev_er|L3_discharge_disposition_id=Transfer|L4_number_diagnoses=mid_dx,0.0,0.0,0.0,0.5,0.0,0.0,0.0,1.0833333333333333,0.8333333333333334,0.0,6,0.4,0.2
L1_number_inpatient=no_prev_inpt|L2_number_emergency=multi_prev_er|L3_discharge_disposition_id=OtherDisp|L4_number_diagnoses=high_dx,0.0,0.0,0.0,0.5,0.8,0.0,0.0,0.42857142857142855,0.5714285714285714,0.0,7,0.4,0.2
L1_number_inpatient=many_prev_inpt|L2_number_emergency=one_prev_er|L3_discharge_disposition_id=OtherDisp|L4_number_diagnoses=high_dx,0.0,0.0,0.0,1.0,,0.0,,0.3333333333333333,0.6666666666666666,0.0,3,0.4,0.2
L1_number_inpatient=no_prev_inpt|L2_number_emergency=one_prev_er|L3_discharge_disposition_id=Expired|L4_number_diagnoses=high_dx,0.0,0.0,0.0,1.0,,0.0,,0.0,0.0,0.0,6,0.4,0.2
L1_number_inpatient=no_prev_inpt|L2_number_emergency=multi_prev_er|L3_discharge_disposition_id=OtherDisp|L4_number_diagnoses=low_dx,0.0,0.0,0.0,1.0,,0.0,,0.0,0.0,0.0,1,0.4,0.2
L1_number_inpatient=many_prev_inpt|L2_number_emergency=no_prev_er|L3_discharge_disposition_id=SNF_Rehab|L4_number_diagnoses=mid_dx,0.0,0.0,0.0,1.0,,0.0,,0.5,1.0,0.0,1,0.4,0.2
L1_number_inpatient=few_prev_inpt|L2_number_emergency=multi_prev_er|L3_discharge_disposition_id=Home|L4_number_diagnoses=mid_dx,1.0,0.5,0.6666666666666666,0.75,1.0,0.6324555320336759,0.5714285714285714,0.25,0.3333333333333333,0.16666666666666666,6,0.4,0.2
L1_number_inpatient=many_prev_inpt|L2_number_emergency=multi_prev_er|L3_discharge_disposition_id=OtherDisp|L4_number_diagnoses=high_dx,0.5,0.5,0.5,0.625,0.875,0.25,0.25,0.5,0.5,0.3333333333333333,6,0.4,0.2
L1_number_inpatient=many_prev_inpt|L2_number_emergency=no_prev_er|L3_discharge_disposition_id=SNF_Rehab|L4_number_diagnoses=high_dx,0.0,0.0,0.0,1.0,,0.0,,0.25,0.5,0.0,2,0.4,0.2
L1_number_inpatient=few_prev_inpt|L2_number_emergency=one_prev_er|L3_discharge_disposition_id=Expired|L4_number_diagnoses=high_dx,0.0,0.0,0.0,1.0,,0.0,,0.0,0.0,0.0,2,0.4,0.2
L1_number_inpatient=few_prev_inpt|L2_number_emergency=no_prev_er|L3_discharge_disposition_id=SNF_Rehab|L4_number_diagnoses=mid_dx,0.0,0.0,0.0,0.5,0.8,0.0,0.0,0.3333333333333333,0.5,0.0,6,0.4,0.2
L1_number_inpatient=no_prev_inpt|L2_number_emergency=one_prev_er|L3_discharge_disposition_id=OtherDisp|L4_number_diagnoses=high_dx,0.0,0.0,0.0,1.0,,0.0,,0.05,0.1,0.0,10,0.4,0.2
L1_number_inpatient=many_prev_inpt|L2_number_emergency=no_prev_er|L3_discharge_disposition_id=Expired|L4_number_diagnoses=high_dx,0.0,0.0,0.0,1.0,,0.0,,0.0,0.0,0.0,12,0.4,0.2
L1_number_inpatient=many_prev_inpt|L2_number_emergency=multi_prev_er|L3_discharge_disposition_id=SNF_Rehab|L4_number_diagnoses=high_dx,0.0,0.0,0.0,1.0,,0.0,,0.5,1.0,0.0,2,0.4,0.2
L1_number_inpatient=many_prev_inpt|L2_number_emergency=one_prev_er|L3_discharge_disposition_id=SNF_Rehab|L4_number_diagnoses=high_dx,0.5,1.0,0.6666666666666666,0.5,0.0,0.0,0.0,0.5,0.0,1.0,2,0.4,0.2
L1_number_inpatient=no_prev_inpt|L2_number_emergency=one_prev_er|L3_discharge_disposition_id=OtherDisp|L4_number_diagnoses=mid_dx,0.0,0.0,0.0,1.0,,0.0,,0.5,1.0,0.0,1,0.4,0.2
L1_number_inpatient=no_prev_inpt|L2_number_emergency=multi_prev_er|L3_discharge_disposition_id=SNF_Rehab|L4_number_diagnoses=high_dx,0.0,0.0,0.0,0.5,0.6666666666666667,0.0,0.0,1.1,0.4,0.0,5,0.4,0.2
L1_number_inpatient=no_prev_inpt|L2_number_emergency=no_prev_er|L3_discharge_disposition_id=Expired|L4_number_diagnoses=low_dx,0.0,0.0,0.0,1.0,,0.0,,0.0,0.0,0.0,3,0.4,0.2
L1_number_inpatient=many_prev_inpt|L2_number_emergency=one_prev_er|L3_discharge_disposition_id=Home|L4_number_diagnoses=mid_dx,1.0,1.0,1.0,1.0,1.0,1.0,1.0,0.25,0.5,0.5,2,0.4,0.2
L1_number_inpatient=many_prev_inpt|L2_number_emergency=no_prev_er|L3_discharge_disposition_id=OtherDisp|L4_number_diagnoses=low_dx,1.0,1.0,1.0,1.0,1.0,1.0,1.0,0.16666666666666666,0.3333333333333333,0.6666666666666666,3,0.4,0.2
L1_number_inpatient=no_prev_inpt|L2_number_emergency=one_prev_er|L3_discharge_disposition_id=Transfer|L4_number_diagnoses=mid_dx,0.0,0.0,0.0,0.5,0.5,0.0,0.0,1.0,0.0,0.0,8,0.4,0.2
L1_number_inpatient=few_prev_inpt|L2_number_emergency=multi_prev_er|L3_discharge_disposition_id=SNF_Rehab|L4_number_diagnoses=mid_dx,0.0,0.0,0.0,1.0,,0.0,,0.5,1.0,0.0,2,0.4,0.2
L1_number_inpatient=no_prev_inpt|L2_number_emergency=one_prev_er|L3_discharge_disposition_id=Expired|L4_number_diagnoses=mid_dx,0.0,0.0,0.0,1.0,,0.0,,0.0,0.0,0.0,1,0.4,0.2
L1_number_inpatient=few_prev_inpt|L2_number_emergency=one_prev_er|L3_discharge_disposition_id=Home|L4_number_diagnoses=mid_dx,0.0,0.0,0.0,1.0,,0.0,,0.125,0.25,0.0,4,0.4,0.2
L1_number_inpatient=few_prev_inpt|L2_number_emergency=multi_prev_er|L3_discharge_disposition_id=OtherDisp|L4_number_diagnoses=high_dx,0.0,0.0,0.0,1.0,,0.0,,0.25,0.5,0.0,2,0.4,0.2
L1_number_inpatient=few_prev_inpt|L2_number_emergency=no_prev_er|L3_discharge_disposition_id=SNF_Rehab|L4_number_diagnoses=low_dx,0.0,0.0,0.0,1.0,,0.0,,0.0,0.0,0.0,1,0.4,0.2
L1_number_inpatient=no_prev_inpt|L2_number_emergency=multi_prev_er|L3_discharge_disposition_id=Transfer|L4_number_diagnoses=mid_dx,0.0,0.0,0.0,1.0,,0.0,,0.16666666666666666,0.3333333333333333,0.0,3,0.4,0.2
L1_number_inpatient=no_prev_inpt|L2_number_emergency=multi_prev_er|L3_discharge_disposition_id=Expired|L4_number_diagnoses=high_dx,0.0,0.0,0.0,1.0,,0.0,,0.0,0.0,0.0,1,0.4,0.2
L1_number_inpatient=few_prev_inpt|L2_number_emergency=multi_prev_er|L3_discharge_disposition_id=SNF_Rehab|L4_number_diagnoses=low_dx,0.0,0.0,0.0,1.0,,0.0,,0.5,1.0,0.0,1,0.4,0.2
L1_number_inpatient=few_prev_inpt|L2_number_emergency=multi_prev_er|L3_discharge_disposition_id=OtherDisp|L4_number_diagnoses=mid_dx,0.0,0.0,0.0,1.0,,0.0,,0.5,1.0,0.0,1,0.4,0.2
L1_number_inpatient=few_prev_inpt|L2_number_emergency=one_prev_er|L3_discharge_disposition_id=OtherDisp|L4_number_diagnoses=mid_dx,0.0,0.0,0.0,1.0,,0.0,,0.5,1.0,0.0,1,0.4,0.2
L1_number_inpatient=many_prev_inpt|L2_number_emergency=no_prev_er|L3_discharge_disposition_id=Transfer|L4_number_diagnoses=low_dx,0.0,0.0,0.0,1.0,,0.0,,0.5,1.0,0.0,1,0.4,0.2
L1_number_inpatient=few_prev_inpt|L2_number_emergency=one_prev_er|L3_discharge_disposition_id=OtherDisp|L4_number_diagnoses=high_dx,0.0,0.0,0.0,1.0,,0.0,,0.5,1.0,0.0,1,0.4,0.2
L1_number_inpatient=no_prev_inpt|L2_number_emergency=no_prev_er|L3_discharge_disposition_id=Home,0.0,0.0,0.0,0.5,0.6066985744966545,0.0,0.0,0.29503676470588236,0.003676470588235294,0.0,10336,0.4,0.2
L1_number_inpatient=no_prev_inpt|L2_number_emergency=no_prev_er,0.5813953488372093,0.015556938394523958,0.0303030303030303,0.5071960957017269,0.6605815085724429,0.0838430041538745,0.025518940722353056,0.35786296231170506,0.03006857745735889,0.002520368090967704,17061,0.4,0.2
L1_number_inpatient=no_prev_inpt,0.5813953488372093,0.015124016938898971,0.0294811320754717,0.5069914131483311,0.6593520235614406,0.08258324581326201,0.024790344786599472,0.360122805004017,0.032250659933432804,0.0024675771835188797,17426,0.4,0.2
L1_number_inpatient=no_prev_inpt|L2_number_emergency=no_prev_er|L3_discharge_disposition_id=OtherDisp,0.5945945945945946,0.11578947368421053,0.1938325991189427,0.5514899546047013,0.7702773158344196,0.21946380167928972,0.1553951174517697,0.39419544452608374,0.18515797207935342,0.02718589272593681,1361,0.4,0.2
L1_number_inpatient=no_prev_inpt|L2_number_emergency=no_prev_er|L3_discharge_disposition_id=Transfer,0.5,0.004629629629629629,0.009174311926605503,0.5019706202301429,0.6146532699901982,0.03823872658400207,0.006815367827789909,0.4981022772672793,0.04394726328405913,0.0011985617259288853,5006,0.4,0.2
L1_number_inpatient=many_prev_inpt|L2_number_emergency=no_prev_er|L3_discharge_disposition_id=OtherDisp,0.75,0.375,0.5,0.6517857142857143,0.7232142857142857,0.3786200927092679,0.3400000000000001,0.6136363636363636,0.5909090909090909,0.18181818181818182,44,0.4,0.2
L1_number_inpatient=many_prev_inpt|L2_number_emergency=no_prev_er,0.3492063492063492,0.15384615384615385,0.21359223300970875,0.5239515006956867,0.6079398637538173,0.06569881124188853,0.05816019832825092,0.6349056603773585,0.7150943396226415,0.11886792452830189,530,0.4,0.2
L1_number_inpatient=many_prev_inpt,0.4351145038167939,0.27014218009478674,0.33333333333333337,0.5581480131243164,0.6398399858115499,0.13666633965490158,0.13014521837889093,0.6206647398843931,0.6734104046242775,0.1893063583815029,692,0.4,0.2
L1_number_inpatient=few_prev_inpt|L2_number_emergency=no_prev_er|L3_discharge_disposition_id=OtherDisp,0.4666666666666667,0.19444444444444445,0.27450980392156865,0.5690532081377152,0.6345852895148669,0.19969622112672025,0.17654413603400854,0.5870786516853933,0.449438202247191,0.08426966292134831,178,0.4,0.2
L1_number_inpatient=few_prev_inpt|L2_number_emergency=no_prev_er,0.4166666666666667,0.027247956403269755,0.05115089514066496,0.5094647387482778,0.5556640292976244,0.06746653023349146,0.029829041730553785,0.6429268292682927,0.2921951219512195,0.011707317073170732,2050,0.4,0.2
L1_number_inpatient=few_prev_inpt,0.4074074074074074,0.02702702702702703,0.05069124423963134,0.5091395386638689,0.5585643797781579,0.06457710734665997,0.02869325190891192,0.6451252236135957,0.3067978533094812,0.012075134168157423,2236,0.4,0.2
L1_number_inpatient=few_prev_inpt|L2_number_emergency=no_prev_er|L3_discharge_disposition_id=Transfer,0.16666666666666666,0.006535947712418301,0.012578616352201257,0.4994394899358416,0.5016565074217538,-0.005114404787205571,-0.001773302300543067,0.6755583126550868,0.4032258064516129,0.007444168734491315,806,0.4,0.2
L1_number_inpatient=many_prev_inpt|L2_number_emergency=no_prev_er|L3_discharge_disposition_id=Home,0.38461538461538464,0.12987012987012986,0.19417475728155337,0.5243259278792274,0.6090052079899795,0.0746217400393349,0.06094640350152791,0.6514598540145985,0.7372262773722628,0.0948905109489051,274,0.4,0.2
L1_number_inpatient=no_prev_inpt|L2_number_emergency=one_prev_er|L3_discharge_disposition_id=Transfer,0.0,0.0,0.0,0.5,0.4,0.0,0.0,0.49375,0.1625,0.0,80,0.4,0.2
L1_number_inpatient=no_prev_inpt|L2_number_emergency=one_prev_er,0.0,0.0,0.0,0.5,0.5273519163763067,0.0,0.0,0.47854077253218885,0.08583690987124463,0.0,233,0.4,0.2
L1_number_inpatient=few_prev_inpt|L2_number_emergency=no_prev_er|L3_discharge_disposition_id=Home,0.6666666666666666,0.011363636363636364,0.0223463687150838,0.5050837320574163,0.5563492279251849,0.070886887931905,0.016613730759833856,0.6561264822134387,0.18379446640316205,0.0029644268774703555,1012,0.4,0.2
L1_number_inpatient=no_prev_inpt|L2_number_emergency=no_prev_er|L3_discharge_disposition_id=Expired,0.0,0.0,0.0,1.0,,0.0,,0.0,0.0,0.0,254,0.4,0.2
L1_number_inpatient=no_prev_inpt|L2_number_emergency=no_prev_er|L3_discharge_disposition_id=SNF_Rehab,0.0,0.0,0.0,0.5,0.5670103092783505,0.0,0.0,0.25,0.028846153846153848,0.0,104,0.4,0.2
L1_number_inpatient=few_prev_inpt|L2_number_emergency=one_prev_er|L3_discharge_disposition_id=Transfer,0.0,0.0,0.0,0.5,0.43333333333333335,0.0,0.0,0.7653061224489796,0.6326530612244898,0.0,49,0.4,0.2
L1_number_inpatient=few_prev_inpt|L2_number_emergency=one_prev_er,0.0,0.0,0.0,0.5,0.5552367288378766,0.0,0.0,0.6161616161616161,0.42424242424242425,0.0,99,0.4,0.2
L1_number_inpatient=many_prev_inpt|L2_number_emergency=one_prev_er|L3_discharge_disposition_id=Transfer,0.5384615384615384,0.5833333333333334,0.5599999999999999,0.6151960784313726,0.6029411764705882,0.22816609348055633,0.2276029055690073,0.5344827586206896,0.4827586206896552,0.4482758620689655,29,0.4,0.2
L1_number_inpatient=many_prev_inpt|L2_number_emergency=one_prev_er,0.5,0.5,0.5,0.5833333333333333,0.6003401360544217,0.16666666666666666,0.16666666666666674,0.5785714285714286,0.5571428571428572,0.4,70,0.4,0.2
L1_number_inpatient=no_prev_inpt|L2_number_emergency=one_prev_er|L3_discharge_disposition_id=Home,0.0,0.0,0.0,0.5,0.5786004056795132,0.0,0.0,0.5,0.03007518796992481,0.0,133,0.4,0.2
L1_number_inpatient=few_prev_inpt|L2_number_emergency=one_prev_er|L3_discharge_disposition_id=Home,0.0,0.0,0.0,0.5,0.7171052631578948,0.0,0.0,0.4891304347826087,0.1956521739130435,0.0,46,0.4,0.2
L1_number_inpatient=many_prev_inpt|L2_number_emergency=no_prev_er|L3_discharge_disposition_id=Transfer,0.20689655172413793,0.12,0.1518987341772152,0.4817687074829932,0.5327891156462585,-0.04478550592859139,-0.042328042328042326,0.6598984771573604,0.7563451776649747,0.14720812182741116,197,0.4,0.2
L1_number_inpatient=many_prev_inpt|L2_number_emergency=multi_prev_er|L3_discharge_disposition_id=Home,0.5483870967741935,0.53125,0.5396825396825397,0.5764358108108107,0.6385135135135135,0.1532604436696388,0.15319509098603468,0.5652173913043478,0.5072463768115942,0.4492753623188406,69,0.4,0.2
L1_number_inpatient=many_prev_inpt|L2_number_emergency=multi_prev_er,0.525,0.525,0.525,0.5798076923076922,0.6552884615384615,0.1596153846153846,0.1596153846153846,0.5706521739130435,0.5217391304347826,0.43478260869565216,92,0.4,0.2
L1_number_inpatient=few_prev_inpt|L2_number_emergency=no_prev_er|L3_discharge_disposition_id=Expired,0.0,0.0,0.0,1.0,,0.0,,0.0,0.0,0.0,40,0.4,0.2
L1_number_inpatient=no_prev_inpt|L2_number_emergency=multi_prev_er|L3_discharge_disposition_id=Transfer,0.0,0.0,0.0,0.5,0.467741935483871,0.0,0.0,0.24242424242424243,0.21212121212121213,0.0,33,0.4,0.2
L1_number_inpatient=no_prev_inpt|L2_number_emergency=multi_prev_er,0.0,0.0,0.0,0.5,0.6457115009746589,0.0,0.0,0.4431818181818182,0.2196969696969697,0.0,132,0.4,0.2
L1_number_inpatient=no_prev_inpt|L2_number_emergency=multi_prev_er|L3_discharge_disposition_id=Home,0.0,0.0,0.0,0.5,0.6301369863013699,0.0,0.0,0.49411764705882355,0.18823529411764706,0.0,85,0.4,0.2
L1_number_inpatient=few_prev_inpt|L2_number_emergency=multi_prev_er|L3_discharge_disposition_id=Home,0.5,0.0625,0.1111111111111111,0.5177364864864865,0.527027027027027,0.08545910800783282,0.04719101123595504,0.8773584905660378,0.5094339622641509,0.03773584905660377,53,0.4,0.2
L1_number_inpatient=few_prev_inpt|L2_number_emergency=multi_prev_er,0.3333333333333333,0.043478260869565216,0.07692307692307691,0.5061141304347826,0.5726902173913043,0.029554140233966276,0.016949152542372947,0.7298850574712644,0.5172413793103449,0.034482758620689655,87,0.4,0.2
L1_number_inpatient=many_prev_inpt|L2_number_emergency=one_prev_er|L3_discharge_disposition_id=Home,0.46153846153846156,0.4,0.42857142857142855,0.5333333333333333,0.5777777777777777,0.06842714554540208,0.06796116504854377,0.6388888888888888,0.6388888888888888,0.3611111111111111,36,0.4,0.2
L1_number_inpatient=few_prev_inpt|L2_number_emergency=multi_prev_er|L3_discharge_disposition_id=Transfer,0.0,0.0,0.0,0.47619047619047616,0.7346938775510204,-0.1111111111111111,-0.06666666666666665,0.5178571428571429,0.4642857142857143,0.03571428571428571,28,0.4,0.2
L1_number_inpatient=no_prev_inpt|L2_number_emergency=one_prev_er|L3_discharge_disposition_id=SNF_Rehab,0.0,0.0,0.0,0.5,0.0,0.0,0.0,2.25,0.5,0.0,2,0.4,0.2
L1_number_inpatient=many_prev_inpt|L2_number_emergency=multi_prev_er|L3_discharge_disposition_id=Transfer,0.42857142857142855,0.5,0.4615384615384615,0.5277777777777778,0.6481481481481481,0.05455447255899809,0.05405405405405406,0.6333333333333333,0.5333333333333333,0.4666666666666667,15,0.4,0.2
L1_number_inpatient=few_prev_inpt|L2_number_emergency=no_prev_er|L3_discharge_disposition_id=SNF_Rehab,0.0,0.0,0.0,0.5,0.7916666666666666,0.0,0.0,0.35714285714285715,0.5714285714285714,0.0,14,0.4,0.2
L1_number_inpatient=no_prev_inpt|L2_number_emergency=multi_prev_er|L3_discharge_disposition_id=OtherDisp,0.0,0.0,0.0,0.5,0.8333333333333334,0.0,0.0,0.375,0.5,0.0,8,0.4,0.2
L1_number_inpatient=many_prev_inpt|L2_number_emergency=one_prev_er|L3_discharge_disposition_id=OtherDisp,0.0,0.0,0.0,1.0,,0.0,,0.3333333333333333,0.6666666666666666,0.0,3,0.4,0.2
L1_number_inpatient=no_prev_inpt|L2_number_emergency=one_prev_er|L3_discharge_disposition_id=Expired,0.0,0.0,0.0,1.0,,0.0,,0.0,0.0,0.0,7,0.4,0.2
L1_number_inpatient=many_prev_inpt|L2_number_emergency=no_prev_er|L3_discharge_disposition_id=SNF_Rehab,0.0,0.0,0.0,1.0,,0.0,,0.3333333333333333,0.6666666666666666,0.0,3,0.4,0.2
L1_number_inpatient=many_prev_inpt|L2_number_emergency=multi_prev_er|L3_discharge_disposition_id=OtherDisp,0.5,0.5,0.5,0.625,0.875,0.25,0.25,0.5,0.5,0.3333333333333333,6,0.4,0.2
L1_number_inpatient=few_prev_inpt|L2_number_emergency=one_prev_er|L3_discharge_disposition_id=Expired,0.0,0.0,0.0,1.0,,0.0,,0.0,0.0,0.0,2,0.4,0.2
L1_number_inpatient=no_prev_inpt|L2_number_emergency=one_prev_er|L3_discharge_disposition_id=OtherDisp,0.0,0.0,0.0,1.0,,0.0,,0.09090909090909091,0.18181818181818182,0.0,11,0.4,0.2
L1_number_inpatient=many_prev_inpt|L2_number_emergency=no_prev_er|L3_discharge_disposition_id=Expired,0.0,0.0,0.0,1.0,,0.0,,0.0,0.0,0.0,12,0.4,0.2
L1_number_inpatient=many_prev_inpt|L2_number_emergency=multi_prev_er|L3_discharge_disposition_id=SNF_Rehab,0.0,0.0,0.0,1.0,,0.0,,0.5,1.0,0.0,2,0.4,0.2
L1_number_inpatient=many_prev_inpt|L2_number_emergency=one_prev_er|L3_discharge_disposition_id=SNF_Rehab,0.5,1.0,0.6666666666666666,0.5,0.0,0.0,0.0,0.5,0.0,1.0,2,0.4,0.2
L1_number_inpatient=no_prev_inpt|L2_number_emergency=multi_prev_er|L3_discharge_disposition_id=SNF_Rehab,0.0,0.0,0.0,0.5,0.6666666666666667,0.0,0.0,1.1,0.4,0.0,5,0.4,0.2
L1_number_inpatient=few_prev_inpt|L2_number_emergency=multi_prev_er|L3_discharge_disposition_id=SNF_Rehab,0.0,0.0,0.0,1.0,,0.0,,0.5,1.0,0.0,3,0.4,0.2
L1_number_inpatient=few_prev_inpt|L2_number_emergency=multi_prev_er|L3_discharge_disposition_id=OtherDisp,0.0,0.0,0.0,1.0,,0.0,,0.3333333333333333,0.6666666666666666,0.0,3,0.4,0.2
L1_number_inpatient=no_prev_inpt|L2_number_emergency=multi_prev_er|L3_discharge_disposition_id=Expired,0.0,0.0,0.0,1.0,,0.0,,0.0,0.0,0.0,1,0.4,0.2
L1_number_inpatient=few_prev_inpt|L2_number_emergency=one_prev_er|L3_discharge_disposition_id=OtherDisp,0.0,0.0,0.0,1.0,,0.0,,0.5,1.0,0.0,2,0.4,0.2
