bucket_id,parent_id,level,split_name,split_type,split_rule,n_samples_total,n_train,n_val,n_test,is_leaf,is_weak,effective_bucket_id
ROOT,ROOT,0,ROOT,ROOT,all,81413,11396,4883,,False,False,ROOT
L1_number_inpatient=few_prev_inpt,ROOT,1,L1_number_inpatient,numeric_bin,few_prev_inpt,8810,1226,714,,False,True,ROOT
L1_number_inpatient=many_prev_inpt,ROOT,1,L1_number_inpatient,numeric_bin,many_prev_inpt,2891,541,331,,False,False,L1_number_inpatient=many_prev_inpt
L1_number_inpatient=no_prev_inpt,ROOT,1,L1_number_inpatient,numeric_bin,no_prev_inpt,69712,9771,4298,,False,False,L1_number_inpatient=no_prev_inpt
L1_number_inpatient=few_prev_inpt|L2_number_emergency=multi_prev_er,L1_number_inpatient=few_prev_inpt,2,L2_number_emergency,numeric_bin,multi_prev_er,367,261,106,,False,False,L1_number_inpatient=few_prev_inpt|L2_number_emergency=multi_prev_er
L1_number_inpatient=few_prev_inpt|L2_number_emergency=no_prev_er,L1_number_inpatient=few_prev_inpt,2,L2_number_emergency,numeric_bin,no_prev_er,8075,1261,723,,False,False,L1_number_inpatient=few_prev_inpt|L2_number_emergency=no_prev_er
L1_number_inpatient=few_prev_inpt|L2_number_emergency=one_prev_er,L1_number_inpatient=few_prev_inpt,2,L2_number_emergency,numeric_bin,one_prev_er,368,250,118,,True,True,ROOT
L1_number_inpatient=many_prev_inpt|L2_number_emergency=multi_prev_er,L1_number_inpatient=many_prev_inpt,2,L2_number_emergency,numeric_bin,multi_prev_er,419,134,114,,False,False,L1_number_inpatient=many_prev_inpt|L2_number_emergency=multi_prev_er
L1_number_inpatient=many_prev_inpt|L2_number_emergency=no_prev_er,L1_number_inpatient=many_prev_inpt,2,L2_number_emergency,numeric_bin,no_prev_er,2217,435,211,,False,False,L1_number_inpatient=many_prev_inpt|L2_number_emergency=no_prev_er
L1_number_inpatient=many_prev_inpt|L2_number_emergency=one_prev_er,L1_number_inpatient=many_prev_inpt,2,L2_number_emergency,numeric_bin,one_prev_er,255,179,76,,True,True,L1_number_inpatient=many_prev_inpt
L1_number_inpatient=no_prev_inpt|L2_number_emergency=multi_prev_er,L1_number_inpatient=no_prev_inpt,2,L2_number_emergency,numeric_bin,multi_prev_er,523,171,161,,False,True,L1_number_inpatient=no_prev_inpt
L1_number_inpatient=no_prev_inpt|L2_number_emergency=no_prev_er,L1_number_inpatient=no_prev_inpt,2,L2_number_emergency,numeric_bin,no_prev_er,68189,9556,4191,,False,True,L1_number_inpatient=no_prev_inpt
L1_number_inpatient=no_prev_inpt|L2_number_emergency=one_prev_er,L1_number_inpatient=no_prev_inpt,2,L2_number_emergency,numeric_bin,one_prev_er,1000,184,282,,False,True,L1_number_inpatient=no_prev_inpt
L1_number_inpatient=few_prev_inpt|L2_number_emergency=multi_prev_er|L3_discharge_disposition_id=Home,L1_number_inpatient=few_prev_inpt|L2_number_emergency=multi_prev_er,3,L3_discharge_disposition_id,category_group,Home,240,168,72,,True,True,L1_number_inpatient=few_prev_inpt|L2_number_emergency=multi_prev_er
L1_number_inpatient=few_prev_inpt|L2_number_emergency=multi_prev_er|L3_discharge_disposition_id=others,L1_number_inpatient=few_prev_inpt|L2_number_emergency=multi_prev_er,3,L3_discharge_disposition_id,category_group,others,127,93,34,,True,True,L1_number_inpatient=few_prev_inpt|L2_number_emergency=multi_prev_er
L1_number_inpatient=few_prev_inpt|L2_number_emergency=no_prev_er|L3_discharge_disposition_id=Expired,L1_number_inpatient=few_prev_inpt|L2_number_emergency=no_prev_er,3,L3_discharge_disposition_id,category_group,Expired,200,128,72,,True,True,L1_number_inpatient=few_prev_inpt|L2_number_emergency=no_prev_er
L1_number_inpatient=few_prev_inpt|L2_number_emergency=no_prev_er|L3_discharge_disposition_id=Home,L1_number_inpatient=few_prev_inpt|L2_number_emergency=no_prev_er,3,L3_discharge_disposition_id,category_group,Home,3990,2761,1229,,True,True,L1_number_inpatient=few_prev_inpt|L2_number_emergency=no_prev_er
L1_number_inpatient=few_prev_inpt|L2_number_emergency=no_prev_er|L3_discharge_disposition_id=OtherDisp,L1_number_inpatient=few_prev_inpt|L2_number_emergency=no_prev_er,3,L3_discharge_disposition_id,category_group,OtherDisp,740,541,199,,True,False,L1_number_inpatient=few_prev_inpt|L2_number_emergency=no_prev_er|L3_discharge_disposition_id=OtherDisp
L1_number_inpatient=few_prev_inpt|L2_number_emergency=no_prev_er|L3_discharge_disposition_id=Transfer,L1_number_inpatient=few_prev_inpt|L2_number_emergency=no_prev_er,3,L3_discharge_disposition_id,category_group,Transfer,3080,2147,933,,True,True,L1_number_inpatient=few_prev_inpt|L2_number_emergency=no_prev_er
L1_number_inpatient=few_prev_inpt|L2_number_emergency=no_prev_er|L3_discharge_disposition_id=others,L1_number_inpatient=few_prev_inpt|L2_number_emergency=no_prev_er,3,L3_discharge_disposition_id,category_group,others,65,44,21,,True,True,L1_number_inpatient=few_prev_inpt|L2_number_emergency=no_prev_er
L1_number_inpatient=many_prev_inpt|L2_number_emergency=multi_prev_er|L3_discharge_disposition_id=Home,L1_number_inpatient=many_prev_inpt|L2_number_emergency=multi_prev_er,3,L3_discharge_disposition_id,category_group,Home,291,213,78,,True,True,L1_number_inpatient=many_prev_inpt|L2_number_emergency=multi_prev_er
L1_number_inpatient=many_prev_inpt|L2_number_emergency=multi_prev_er|L3_discharge_disposition_id=others,L1_number_inpatient=many_prev_inpt|L2_number_emergency=multi_prev_er,3,L3_discharge_disposition_id,category_group,others,128,92,36,,True,True,L1_number_inpatient=many_prev_inpt|L2_number_emergency=multi_prev_er
L1_number_inpatient=many_prev_inpt|L2_number_emergency=no_prev_er|L3_discharge_disposition_id=Home,L1_number_inpatient=many_prev_inpt|L2_number_emergency=no_prev_er,3,L3_discharge_disposition_id,category_group,Home,1127,764,363,,True,True,L1_number_inpatient=many_prev_inpt|L2_number_emergency=no_prev_er
L1_number_inpatient=many_prev_inpt|L2_number_emergency=no_prev_er|L3_discharge_disposition_id=Transfer,L1_number_inpatient=many_prev_inpt|L2_number_emergency=no_prev_er,3,L3_discharge_disposition_id,category_group,Transfer,834,577,257,,True,True,L1_number_inpatient=many_prev_inpt|L2_number_emergency=no_prev_er
L1_number_inpatient=many_prev_inpt|L2_number_emergency=no_prev_er|L3_discharge_disposition_id=others,L1_number_inpatient=many_prev_inpt|L2_number_emergency=no_prev_er,3,L3_discharge_disposition_id,category_group,others,256,168,88,,True,True,L1_number_inpatient=many_prev_inpt|L2_number_emergency=no_prev_er
L1_number_inpatient=no_prev_inpt|L2_number_emergency=multi_prev_er|L3_discharge_disposition_id=Home,L1_number_inpatient=no_prev_inpt|L2_number_emergency=multi_prev_er,3,L3_discharge_disposition_id,category_group,Home,352,238,114,,True,False,L1_number_inpatient=no_prev_inpt|L2_number_emergency=multi_prev_er|L3_discharge_disposition_id=Home
L1_number_inpatient=no_prev_inpt|L2_number_emergency=multi_prev_er|L3_discharge_disposition_id=others,L1_number_inpatient=no_prev_inpt|L2_number_emergency=multi_prev_er,3,L3_discharge_disposition_id,category_group,others,171,124,47,,True,True,L1_number_inpatient=no_prev_inpt
L1_number_inpatient=no_prev_inpt|L2_number_emergency=no_prev_er|L3_discharge_disposition_id=Expired,L1_number_inpatient=no_prev_inpt|L2_number_emergency=no_prev_er,3,L3_discharge_disposition_id,category_group,Expired,1004,717,287,,True,True,L1_number_inpatient=no_prev_inpt
L1_number_inpatient=no_prev_inpt|L2_number_emergency=no_prev_er|L3_discharge_disposition_id=Home,L1_number_inpatient=no_prev_inpt|L2_number_emergency=no_prev_er,3,L3_discharge_disposition_id,category_group,Home,41354,28955,12399,,True,False,L1_number_inpatient=no_prev_inpt|L2_number_emergency=no_prev_er|L3_discharge_disposition_id=Home
L1_number_inpatient=no_prev_inpt|L2_number_emergency=no_prev_er|L3_discharge_disposition_id=OtherDisp,L1_number_inpatient=no_prev_inpt|L2_number_emergency=no_prev_er,3,L3_discharge_disposition_id,category_group,OtherDisp,5526,3921,1605,,True,False,L1_number_inpatient=no_prev_inpt|L2_number_emergency=no_prev_er|L3_discharge_disposition_id=OtherDisp
L1_number_inpatient=no_prev_inpt|L2_number_emergency=no_prev_er|L3_discharge_disposition_id=SNF_Rehab,L1_number_inpatient=no_prev_inpt|L2_number_emergency=no_prev_er,3,L3_discharge_disposition_id,category_group,SNF_Rehab,429,290,139,,True,True,L1_number_inpatient=no_prev_inpt
L1_number_inpatient=no_prev_inpt|L2_number_emergency=no_prev_er|L3_discharge_disposition_id=Transfer,L1_number_inpatient=no_prev_inpt|L2_number_emergency=no_prev_er,3,L3_discharge_disposition_id,category_group,Transfer,19876,13901,5975,,True,True,L1_number_inpatient=no_prev_inpt
L1_number_inpatient=no_prev_inpt|L2_number_emergency=one_prev_er|L3_discharge_disposition_id=Home,L1_number_inpatient=no_prev_inpt|L2_number_emergency=one_prev_er,3,L3_discharge_disposition_id,category_group,Home,566,403,163,,True,False,L1_number_inpatient=no_prev_inpt|L2_number_emergency=one_prev_er|L3_discharge_disposition_id=Home
L1_number_inpatient=no_prev_inpt|L2_number_emergency=one_prev_er|L3_discharge_disposition_id=Transfer,L1_number_inpatient=no_prev_inpt|L2_number_emergency=one_prev_er,3,L3_discharge_disposition_id,category_group,Transfer,355,263,92,,True,True,L1_number_inpatient=no_prev_inpt
L1_number_inpatient=no_prev_inpt|L2_number_emergency=one_prev_er|L3_discharge_disposition_id=others,L1_number_inpatient=no_prev_inpt|L2_number_emergency=one_prev_er,3,L3_discharge_disposition_id,category_group,others,79,52,27,,True,True,L1_number_inpatient=no_prev_inpt
