bucket_id,layer,parent_bucket_id,n_train,n_val,pos_rate_train,pos_rate_val,alpha,beta,regret_val,F1_val,Precision_val,Recall_val,BND_ratio_val,pos_coverage_val,threshold_n_samples,use_parent_threshold,parent_with_threshold,score_metric,score_value,parent_score_value,gain_value,threshold_source_bucket,is_weak,fold
ROOT,L1,,11397,4884,0.11099412125998069,0.11117936117936118,0.4,0.2,0.3938370188370188,0.08067226890756303,0.46153846153846156,0.04419889502762431,0.09377559377559377,0.010647010647010647,4884,False,,f1_regret_bnd,-0.3600525468172527,-0.40640353750409436,0.046350990686841675,ROOT,False,1
L1_number_inpatient=few_prev_inpt,L1,ROOT,1219,704,0.20344544708777687,0.1846590909090909,0.4,0.2,0.5710227272727273,0.07142857142857144,0.5,0.038461538461538464,0.9403409090909091,0.014204545454545454,704,True,,f1_regret_bnd,-0.9697646103896104,-0.3600525468172527,-0.6097120635723576,ROOT,True,1
L1_number_inpatient=many_prev_inpt,L1,ROOT,545,331,0.3394495412844037,0.3323262839879154,0.4,0.2,0.5876132930513596,0.4727272727272727,0.4727272727272727,0.4727272727272727,0.649546827794562,0.3323262839879154,331,True,,f1_regret_bnd,-0.43965943422136783,-0.3600525468172527,-0.07960688740411515,ROOT,True,1
L1_number_inpatient=no_prev_inpt,L1,ROOT,9770,4318,0.09232343909928352,0.09333024548402039,0.4,0.2,0.3609309865678555,0.03836930455635492,0.5714285714285714,0.019851116625310174,0.039138490041685965,0.003242241778601204,4318,False,,f1_regret_bnd,-0.3421309270323436,-0.3600525468172527,0.017921619784909082,L1_number_inpatient=no_prev_inpt,False,1
L1_number_inpatient=few_prev_inpt|L2_number_emergency=multi_prev_er,L2,L1_number_inpatient=few_prev_inpt,245,125,0.24489795918367346,0.136,0.5,0.3,0.5,0.1111111111111111,1.0,0.058823529411764705,0.2,0.008,125,False,,f1_regret_bnd,-0.48888888888888893,-0.9697646103896104,0.48087572150072144,L1_number_inpatient=few_prev_inpt|L2_number_emergency=multi_prev_er,False,1
L1_number_inpatient=few_prev_inpt|L2_number_emergency=no_prev_er,L2,L1_number_inpatient=few_prev_inpt,1116,527,0.2025089605734767,0.16698292220113853,0.3,0.1,0.532258064516129,0.16216216216216217,0.391304347826087,0.10227272727272728,0.8481973434535104,0.04364326375711575,527,False,,f1_regret_bnd,-0.794194574080722,-0.9697646103896104,0.17557003630888834,L1_number_inpatient=few_prev_inpt|L2_number_emergency=no_prev_er,False,1
L1_number_inpatient=few_prev_inpt|L2_number_emergency=one_prev_er,L2,L1_number_inpatient=few_prev_inpt,269,101,0.16728624535315986,0.18811881188118812,0.4,0.2,0.5297029702970297,0.0,0.0,0.0,0.5247524752475248,0.0,101,False,,f1_regret_bnd,-0.7920792079207921,-0.9697646103896104,0.17768540246881825,L1_number_inpatient=few_prev_inpt|L2_number_emergency=one_prev_er,False,1
L1_number_inpatient=many_prev_inpt|L2_number_emergency=multi_prev_er,L2,L1_number_inpatient=many_prev_inpt,136,120,0.39705882352941174,0.4,0.4,0.1,0.5666666666666667,0.5555555555555556,0.5,0.625,0.48333333333333334,0.5,120,False,,f1_regret_bnd,-0.25277777777777777,-0.43965943422136783,0.18688165644359006,L1_number_inpatient=many_prev_inpt|L2_number_emergency=multi_prev_er,False,1
L1_number_inpatient=many_prev_inpt|L2_number_emergency=no_prev_er,L2,L1_number_inpatient=many_prev_inpt,459,186,0.27233115468409586,0.23655913978494625,0.4,0.2,0.5483870967741935,0.3835616438356164,0.4827586206896552,0.3181818181818182,0.6612903225806451,0.15591397849462366,186,True,,f1_regret_bnd,-0.49547061422889965,-0.43965943422136783,-0.055811180007531824,ROOT,True,1
L1_number_inpatient=many_prev_inpt|L2_number_emergency=one_prev_er,L2,L1_number_inpatient=many_prev_inpt,175,78,0.38857142857142857,0.3717948717948718,0.4,0.2,,,,,,,0,True,,f1_regret_bnd,,-0.43965943422136783,,ROOT,True,1
L1_number_inpatient=no_prev_inpt|L2_number_emergency=multi_prev_er,L2,L1_number_inpatient=no_prev_inpt,165,164,0.18787878787878787,0.16463414634146342,0.4,0.2,0.5701219512195121,0.125,0.4,0.07407407407407407,0.7378048780487805,0.03048780487804878,164,True,L1_number_inpatient=no_prev_inpt,f1_regret_bnd,-0.8140243902439024,-0.3421309270323436,-0.4718934632115588,L1_number_inpatient=no_prev_inpt,True,1
L1_number_inpatient=no_prev_inpt|L2_number_emergency=no_prev_er,L2,L1_number_inpatient=no_prev_inpt,9560,4204,0.09110878661087866,0.09633682207421504,0.4,0.2,0.36976688867745006,0.028846153846153848,0.5454545454545454,0.014814814814814815,0.032825880114176975,0.002616555661274976,4204,True,L1_number_inpatient=no_prev_inpt,f1_regret_bnd,-0.3573336748883847,-0.3421309270323436,-0.015202747856041088,L1_number_inpatient=no_prev_inpt,True,1
L1_number_inpatient=no_prev_inpt|L2_number_emergency=one_prev_er,L2,L1_number_inpatient=no_prev_inpt,181,309,0.12154696132596685,0.12297734627831715,0.4,0.2,0.48058252427184467,0.0,0.0,0.0,0.6116504854368932,0.0,309,True,L1_number_inpatient=no_prev_inpt,f1_regret_bnd,-0.7864077669902912,-0.3421309270323436,-0.44427683995794764,L1_number_inpatient=no_prev_inpt,True,1
L1_number_inpatient=few_prev_inpt|L2_number_emergency=multi_prev_er|L3_discharge_disposition_id=Home,L3,L1_number_inpatient=few_prev_inpt|L2_number_emergency=multi_prev_er,154,73,0.2792207792207792,0.1095890410958904,0.5,0.3,,,,,,,0,True,L1_number_inpatient=few_prev_inpt|L2_number_emergency=multi_prev_er,f1_regret_bnd,,-0.48888888888888893,,L1_number_inpatient=few_prev_inpt|L2_number_emergency=multi_prev_er,True,1
L1_number_inpatient=few_prev_inpt|L2_number_emergency=multi_prev_er|L3_discharge_disposition_id=others,L3,L1_number_inpatient=few_prev_inpt|L2_number_emergency=multi_prev_er,91,52,0.18681318681318682,0.17307692307692307,0.5,0.3,,,,,,,0,True,L1_number_inpatient=few_prev_inpt|L2_number_emergency=multi_prev_er,f1_regret_bnd,,-0.48888888888888893,,L1_number_inpatient=few_prev_inpt|L2_number_emergency=multi_prev_er,True,1
L1_number_inpatient=few_prev_inpt|L2_number_emergency=no_prev_er|L3_discharge_disposition_id=Home,L3,L1_number_inpatient=few_prev_inpt|L2_number_emergency=no_prev_er,2762,1207,0.17668356263577117,0.16735708367854185,0.3,0.1,0.5700082850041425,0.0,0.0,0.0,0.9610604805302403,0.0,1207,True,L1_number_inpatient=few_prev_inpt|L2_number_emergency=no_prev_er,f1_regret_bnd,-1.0505385252692627,-0.794194574080722,-0.2563439511885407,L1_number_inpatient=few_prev_inpt|L2_number_emergency=no_prev_er,True,1
L1_number_inpatient=few_prev_inpt|L2_number_emergency=no_prev_er|L3_discharge_disposition_id=OtherDisp,L3,L1_number_inpatient=few_prev_inpt|L2_number_emergency=no_prev_er,507,221,0.25443786982248523,0.2081447963800905,0.4,0.2,0.5067873303167421,0.17857142857142855,0.5,0.10869565217391304,0.497737556561086,0.04524886877828054,221,False,,f1_regret_bnd,-0.5770846800258564,-0.794194574080722,0.21710989405486558,L1_number_inpatient=few_prev_inpt|L2_number_emergency=no_prev_er|L3_discharge_disposition_id=OtherDisp,False,1
L1_number_inpatient=few_prev_inpt|L2_number_emergency=no_prev_er|L3_discharge_disposition_id=Transfer,L3,L1_number_inpatient=few_prev_inpt|L2_number_emergency=no_prev_er,2117,899,0.2035899858290033,0.19132369299221358,0.3,0.1,0.5934371523915462,0.03389830508474576,0.6,0.01744186046511628,0.9944382647385984,0.0055617352614015575,899,True,L1_number_inpatient=few_prev_inpt|L2_number_emergency=no_prev_er,f1_regret_bnd,-1.0567579796760995,-0.794194574080722,-0.2625634055953775,L1_number_inpatient=few_prev_inpt|L2_number_emergency=no_prev_er,True,1
L1_number_inpatient=few_prev_inpt|L2_number_emergency=no_prev_er|L3_discharge_disposition_id=others,L3,L1_number_inpatient=few_prev_inpt|L2_number_emergency=no_prev_er,203,63,0.059113300492610835,0.047619047619047616,0.3,0.1,,,,,,,0,True,L1_number_inpatient=few_prev_inpt|L2_number_emergency=no_prev_er,f1_regret_bnd,,-0.794194574080722,,L1_number_inpatient=few_prev_inpt|L2_number_emergency=no_prev_er,True,1
L1_number_inpatient=many_prev_inpt|L2_number_emergency=multi_prev_er|L3_discharge_disposition_id=Home,L3,L1_number_inpatient=many_prev_inpt|L2_number_emergency=multi_prev_er,201,87,0.40298507462686567,0.41379310344827586,0.4,0.0,0.5459770114942529,0.5974025974025975,0.5609756097560976,0.6388888888888888,0.5287356321839081,0.47126436781609193,87,False,,f1_regret_bnd,-0.21294223018360947,-0.25277777777777777,0.0398355475941683,L1_number_inpatient=many_prev_inpt|L2_number_emergency=multi_prev_er|L3_discharge_disposition_id=Home,False,1
L1_number_inpatient=many_prev_inpt|L2_number_emergency=multi_prev_er|L3_discharge_disposition_id=others,L3,L1_number_inpatient=many_prev_inpt|L2_number_emergency=multi_prev_er,96,33,0.375,0.36363636363636365,0.4,0.1,,,,,,,0,True,L1_number_inpatient=many_prev_inpt|L2_number_emergency=multi_prev_er,f1_regret_bnd,,-0.25277777777777777,,L1_number_inpatient=many_prev_inpt|L2_number_emergency=multi_prev_er,True,1
L1_number_inpatient=many_prev_inpt|L2_number_emergency=no_prev_er|L3_discharge_disposition_id=Home,L3,L1_number_inpatient=many_prev_inpt|L2_number_emergency=no_prev_er,761,354,0.30749014454664914,0.2740112994350282,0.4,0.2,0.614406779661017,0.2753623188405797,0.4634146341463415,0.1958762886597938,0.884180790960452,0.11581920903954802,354,True,,f1_regret_bnd,-0.7811348563006633,-0.49547061422889965,-0.2856642420717636,ROOT,True,1
L1_number_inpatient=many_prev_inpt|L2_number_emergency=no_prev_er|L3_discharge_disposition_id=Transfer,L3,L1_number_inpatient=many_prev_inpt|L2_number_emergency=no_prev_er,612,247,0.2777777777777778,0.2834008097165992,0.4,0.2,0.597165991902834,0.39999999999999997,0.48,0.34285714285714286,0.7975708502024291,0.20242914979757085,247,True,,f1_regret_bnd,-0.5959514170040486,-0.49547061422889965,-0.10048080277514898,ROOT,True,1
L1_number_inpatient=many_prev_inpt|L2_number_emergency=no_prev_er|L3_discharge_disposition_id=others,L3,L1_number_inpatient=many_prev_inpt|L2_number_emergency=no_prev_er,185,67,0.24864864864864866,0.1791044776119403,0.4,0.2,,,,,,,0,True,,f1_regret_bnd,,-0.49547061422889965,,ROOT,True,1
L1_number_inpatient=no_prev_inpt|L2_number_emergency=multi_prev_er|L3_discharge_disposition_id=Home,L3,L1_number_inpatient=no_prev_inpt|L2_number_emergency=multi_prev_er,230,120,0.15217391304347827,0.18333333333333332,0.3,0.1,0.5708333333333333,0.15384615384615385,0.5,0.09090909090909091,0.7083333333333334,0.03333333333333333,120,False,,f1_regret_bnd,-0.7711538461538461,-0.8140243902439024,0.042870544090056306,L1_number_inpatient=no_prev_inpt|L2_number_emergency=multi_prev_er|L3_discharge_disposition_id=Home,False,1
L1_number_inpatient=no_prev_inpt|L2_number_emergency=multi_prev_er|L3_discharge_disposition_id=others,L3,L1_number_inpatient=no_prev_inpt|L2_number_emergency=multi_prev_er,119,44,0.21008403361344538,0.11363636363636363,0.4,0.2,,,,,,,0,True,L1_number_inpatient=no_prev_inpt,f1_regret_bnd,,-0.8140243902439024,,L1_number_inpatient=no_prev_inpt,True,1
L1_number_inpatient=no_prev_inpt|L2_number_emergency=no_prev_er|L3_discharge_disposition_id=Expired,L3,L1_number_inpatient=no_prev_inpt|L2_number_emergency=no_prev_er,708,315,0.0,0.0,0.4,0.2,,,,,,,0,True,L1_number_inpatient=no_prev_inpt,f1_regret_bnd,,-0.3573336748883847,,L1_number_inpatient=no_prev_inpt,True,1
L1_number_inpatient=no_prev_inpt|L2_number_emergency=no_prev_er|L3_discharge_disposition_id=Home,L3,L1_number_inpatient=no_prev_inpt|L2_number_emergency=no_prev_er,29008,12336,0.07339354660783232,0.07798313878080415,0.5,0.4,0.3119325551232166,0.0,0.0,0.0,0.0,0.0,12336,False,,f1_regret_bnd,-0.3119325551232166,-0.3573336748883847,0.045401119765168085,L1_number_inpatient=no_prev_inpt|L2_number_emergency=no_prev_er|L3_discharge_disposition_id=Home,False,1
L1_number_inpatient=no_prev_inpt|L2_number_emergency=no_prev_er|L3_discharge_disposition_id=OtherDisp,L3,L1_number_inpatient=no_prev_inpt|L2_number_emergency=no_prev_er,3898,1639,0.14545920985120575,0.1305674191580232,0.4,0.2,0.4057352043929225,0.19305019305019305,0.5555555555555556,0.11682242990654206,0.2190359975594875,0.027455765710799267,1639,False,,f1_regret_bnd,-0.3222030101224732,-0.3573336748883847,0.03513066476591148,L1_number_inpatient=no_prev_inpt|L2_number_emergency=no_prev_er|L3_discharge_disposition_id=OtherDisp,False,1
L1_number_inpatient=no_prev_inpt|L2_number_emergency=no_prev_er|L3_discharge_disposition_id=SNF_Rehab,L3,L1_number_inpatient=no_prev_inpt|L2_number_emergency=no_prev_er,305,139,0.09836065573770492,0.12949640287769784,0.4,0.2,0.4748201438848921,0.1904761904761905,0.6666666666666666,0.1111111111111111,0.31654676258992803,0.02158273381294964,139,True,L1_number_inpatient=no_prev_inpt,f1_regret_bnd,-0.4426173347036656,-0.3573336748883847,-0.08528365981528091,L1_number_inpatient=no_prev_inpt,True,1
L1_number_inpatient=no_prev_inpt|L2_number_emergency=no_prev_er|L3_discharge_disposition_id=Transfer,L3,L1_number_inpatient=no_prev_inpt|L2_number_emergency=no_prev_er,13892,6040,0.12093291102792975,0.12450331125827814,0.4,0.2,0.48071192052980133,0.013089005235602094,0.4166666666666667,0.006648936170212766,0.04966887417218543,0.001986754966887417,6040,True,L1_number_inpatient=no_prev_inpt,f1_regret_bnd,-0.492457352380292,-0.3573336748883847,-0.1351236774919073,L1_number_inpatient=no_prev_inpt,True,1
L1_number_inpatient=no_prev_inpt|L2_number_emergency=one_prev_er|L3_discharge_disposition_id=Home,L3,L1_number_inpatient=no_prev_inpt|L2_number_emergency=one_prev_er,387,168,0.11886304909560723,0.11904761904761904,0.2,0.1,0.4642857142857143,0.0,0.0,0.0,0.47619047619047616,0.0,168,False,,f1_regret_bnd,-0.7023809523809523,-0.7864077669902912,0.08402681460933892,L1_number_inpatient=no_prev_inpt|L2_number_emergency=one_prev_er|L3_discharge_disposition_id=Home,False,1
L1_number_inpatient=no_prev_inpt|L2_number_emergency=one_prev_er|L3_discharge_disposition_id=Transfer,L3,L1_number_inpatient=no_prev_inpt|L2_number_emergency=one_prev_er,255,114,0.17254901960784313,0.14035087719298245,0.4,0.2,0.5350877192982456,0.0,0.0,0.0,0.868421052631579,0.0,114,True,L1_number_inpatient=no_prev_inpt,f1_regret_bnd,-0.9692982456140351,-0.7864077669902912,-0.18289047862374386,L1_number_inpatient=no_prev_inpt,True,1
L1_number_inpatient=no_prev_inpt|L2_number_emergency=one_prev_er|L3_discharge_disposition_id=others,L3,L1_number_inpatient=no_prev_inpt|L2_number_emergency=one_prev_er,53,27,0.05660377358490566,0.07407407407407407,0.4,0.2,,,,,,,0,True,L1_number_inpatient=no_prev_inpt,f1_regret_bnd,,-0.7864077669902912,,L1_number_inpatient=no_prev_inpt,True,1
ROOT,L1,,11397,4884,0.11169606036676319,0.11466011466011466,0.4,0.2,0.40315315315315314,0.07907742998352554,0.5106382978723404,0.04285714285714286,0.09090909090909091,0.009623259623259623,4884,False,,f1_regret_bnd,-0.3695302686241731,-0.40063052735014737,0.031100258725974272,ROOT,False,2
L1_number_inpatient=few_prev_inpt,L1,ROOT,1215,704,0.1868312757201646,0.19744318181818182,0.4,0.2,0.5909090909090909,0.028368794326241138,1.0,0.014388489208633094,0.9375,0.002840909090909091,704,True,,f1_regret_bnd,-1.0312902965828497,-0.3695302686241731,-0.6617600279586766,ROOT,True,2
L1_number_inpatient=many_prev_inpt,L1,ROOT,547,346,0.3180987202925046,0.3208092485549133,0.4,0.2,0.596820809248555,0.4392523364485982,0.4563106796116505,0.42342342342342343,0.684971098265896,0.2976878612716763,346,True,,f1_regret_bnd,-0.5000540219329048,-0.3695302686241731,-0.13052375330873173,ROOT,True,2
L1_number_inpatient=no_prev_inpt,L1,ROOT,9771,4322,0.092109303039607,0.0999537251272559,0.4,0.2,0.36985192040721887,0.04063205417607223,0.8181818181818182,0.020833333333333332,0.36071263304025913,0.0025451180009254974,4322,True,,f1_regret_bnd,-0.5095761827512761,-0.3695302686241731,-0.14004591412710304,ROOT,True,2
L1_number_inpatient=few_prev_inpt|L2_number_emergency=multi_prev_er,L2,L1_number_inpatient=few_prev_inpt,272,106,0.19852941176470587,0.2641509433962264,0.4,0.2,0.6320754716981132,0.0,0.0,0.0,1.0,0.0,106,True,,f1_regret_bnd,-1.1320754716981132,-1.0312902965828497,-0.10078517511526353,ROOT,True,2
L1_number_inpatient=few_prev_inpt|L2_number_emergency=no_prev_er,L2,L1_number_inpatient=few_prev_inpt,1268,544,0.15930599369085174,0.1636029411764706,0.5,0.1,0.515625,0.04395604395604395,1.0,0.02247191011235955,0.8584558823529411,0.003676470588235294,544,False,,f1_regret_bnd,-0.9008968972204265,-1.0312902965828497,0.1303933993624231,L1_number_inpatient=few_prev_inpt|L2_number_emergency=no_prev_er,False,2
L1_number_inpatient=few_prev_inpt|L2_number_emergency=one_prev_er,L2,L1_number_inpatient=few_prev_inpt,264,115,0.18181818181818182,0.17391304347826086,0.3,0.1,0.5565217391304348,0.26666666666666666,0.4,0.2,0.8695652173913043,0.08695652173913043,115,False,,f1_regret_bnd,-0.7246376811594203,-1.0312902965828497,0.30665261542342936,L1_number_inpatient=few_prev_inpt|L2_number_emergency=one_prev_er,False,2
L1_number_inpatient=many_prev_inpt|L2_number_emergency=multi_prev_er,L2,L1_number_inpatient=many_prev_inpt,133,133,0.39849624060150374,0.3157894736842105,0.3,0.1,0.6353383458646616,0.496551724137931,0.34951456310679613,0.8571428571428571,0.21804511278195488,0.7744360902255639,133,False,,f1_regret_bnd,-0.24780917811770806,-0.5000540219329048,0.25224484381519674,L1_number_inpatient=many_prev_inpt|L2_number_emergency=multi_prev_er,False,2
L1_number_inpatient=many_prev_inpt|L2_number_emergency=no_prev_er,L2,L1_number_inpatient=many_prev_inpt,456,193,0.24780701754385964,0.34196891191709844,0.2,0.1,0.572538860103627,0.5268292682926831,0.38848920863309355,0.8181818181818182,0.20207253886010362,0.7202072538860104,193,False,,f1_regret_bnd,-0.14674586124099573,-0.5000540219329048,0.35330816069190907,L1_number_inpatient=many_prev_inpt|L2_number_emergency=no_prev_er,False,2
L1_number_inpatient=many_prev_inpt|L2_number_emergency=one_prev_er,L2,L1_number_inpatient=many_prev_inpt,175,78,0.35428571428571426,0.4358974358974359,0.4,0.2,,,,,,,0,True,,f1_regret_bnd,,-0.5000540219329048,,ROOT,True,2
L1_number_inpatient=no_prev_inpt|L2_number_emergency=multi_prev_er,L2,L1_number_inpatient=no_prev_inpt,163,179,0.147239263803681,0.1787709497206704,0.4,0.2,0.5893854748603352,0.05714285714285714,0.3333333333333333,0.03125,0.9832402234636871,0.01675977653631285,179,True,,f1_regret_bnd,-1.0238627294493217,-0.5095761827512761,-0.5142865466980455,ROOT,True,2
L1_number_inpatient=no_prev_inpt|L2_number_emergency=no_prev_er,L2,L1_number_inpatient=no_prev_inpt,9559,4182,0.09394288105450362,0.09923481587757053,0.4,0.1,0.3662123385939742,0.03755868544600939,0.7272727272727273,0.01927710843373494,0.33070301291248205,0.0026303204208512673,4182,False,,f1_regret_bnd,-0.4940051596042058,-0.5095761827512761,0.015571023147070318,L1_number_inpatient=no_prev_inpt|L2_number_emergency=no_prev_er,False,2
L1_number_inpatient=no_prev_inpt|L2_number_emergency=one_prev_er,L2,L1_number_inpatient=no_prev_inpt,185,306,0.12972972972972974,0.11764705882352941,0.7,0.2,0.4477124183006536,0.0,0.0,0.0,0.0915032679738562,0.0,306,False,,f1_regret_bnd,-0.4934640522875817,-0.5095761827512761,0.01611213046369442,L1_number_inpatient=no_prev_inpt|L2_number_emergency=one_prev_er,False,2
L1_number_inpatient=few_prev_inpt|L2_number_emergency=multi_prev_er|L3_discharge_disposition_id=Home,L3,L1_number_inpatient=few_prev_inpt|L2_number_emergency=multi_prev_er,173,63,0.2254335260115607,0.31746031746031744,0.4,0.2,,,,,,,0,True,,f1_regret_bnd,,-1.1320754716981132,,ROOT,True,2
L1_number_inpatient=few_prev_inpt|L2_number_emergency=multi_prev_er|L3_discharge_disposition_id=others,L3,L1_number_inpatient=few_prev_inpt|L2_number_emergency=multi_prev_er,99,43,0.15151515151515152,0.18604651162790697,0.4,0.2,,,,,,,0,True,,f1_regret_bnd,,-1.1320754716981132,,ROOT,True,2
L1_number_inpatient=few_prev_inpt|L2_number_emergency=no_prev_er|L3_discharge_disposition_id=Expired,L3,L1_number_inpatient=few_prev_inpt|L2_number_emergency=no_prev_er,148,59,0.0,0.0,0.5,0.1,,,,,,,0,True,L1_number_inpatient=few_prev_inpt|L2_number_emergency=no_prev_er,f1_regret_bnd,,-0.9008968972204265,,L1_number_inpatient=few_prev_inpt|L2_number_emergency=no_prev_er,True,2
L1_number_inpatient=few_prev_inpt|L2_number_emergency=no_prev_er|L3_discharge_disposition_id=Home,L3,L1_number_inpatient=few_prev_inpt|L2_number_emergency=no_prev_er,2710,1212,0.1752767527675277,0.1608910891089109,0.5,0.1,0.5759075907590759,0.0,0.0,0.0,0.9620462046204621,0.0,1212,True,L1_number_inpatient=few_prev_inpt|L2_number_emergency=no_prev_er,f1_regret_bnd,-1.056930693069307,-0.9008968972204265,-0.15603379584888044,L1_number_inpatient=few_prev_inpt|L2_number_emergency=no_prev_er,True,2
L1_number_inpatient=few_prev_inpt|L2_number_emergency=no_prev_er|L3_discharge_disposition_id=OtherDisp,L3,L1_number_inpatient=few_prev_inpt|L2_number_emergency=no_prev_er,489,221,0.25971370143149286,0.2171945701357466,0.4,0.1,0.5972850678733032,0.21212121212121213,0.3888888888888889,0.14583333333333334,0.8144796380090498,0.08144796380090498,221,False,,f1_regret_bnd,-0.7924036747566159,-0.9008968972204265,0.10849322246381066,L1_number_inpatient=few_prev_inpt|L2_number_emergency=no_prev_er|L3_discharge_disposition_id=OtherDisp,False,2
L1_number_inpatient=few_prev_inpt|L2_number_emergency=no_prev_er|L3_discharge_disposition_id=Transfer,L3,L1_number_inpatient=few_prev_inpt|L2_number_emergency=no_prev_er,2146,910,0.19198508853681268,0.2010989010989011,0.5,0.1,0.6,0.02127659574468085,0.4,0.01092896174863388,0.9945054945054945,0.005494505494505495,910,True,L1_number_inpatient=few_prev_inpt|L2_number_emergency=no_prev_er,f1_regret_bnd,-1.0759761515080664,-0.9008968972204265,-0.17507925428763982,L1_number_inpatient=few_prev_inpt|L2_number_emergency=no_prev_er,True,2
L1_number_inpatient=few_prev_inpt|L2_number_emergency=no_prev_er|L3_discharge_disposition_id=others,L3,L1_number_inpatient=few_prev_inpt|L2_number_emergency=no_prev_er,52,17,0.17307692307692307,0.0,0.5,0.1,,,,,,,0,True,L1_number_inpatient=few_prev_inpt|L2_number_emergency=no_prev_er,f1_regret_bnd,,-0.9008968972204265,,L1_number_inpatient=few_prev_inpt|L2_number_emergency=no_prev_er,True,2
L1_number_inpatient=many_prev_inpt|L2_number_emergency=multi_prev_er|L3_discharge_disposition_id=Home,L3,L1_number_inpatient=many_prev_inpt|L2_number_emergency=multi_prev_er,207,90,0.3961352657004831,0.35555555555555557,0.2,0.0,0.6388888888888888,0.5289256198347108,0.3595505617977528,1.0,0.011111111111111112,0.9888888888888889,90,False,,f1_regret_bnd,-0.11551882460973363,-0.24780917811770806,0.1322903535079744,L1_number_inpatient=many_prev_inpt|L2_number_emergency=multi_prev_er|L3_discharge_disposition_id=Home,False,2
L1_number_inpatient=many_prev_inpt|L2_number_emergency=multi_prev_er|L3_discharge_disposition_id=others,L3,L1_number_inpatient=many_prev_inpt|L2_number_emergency=multi_prev_er,92,43,0.391304347826087,0.23255813953488372,0.3,0.1,,,,,,,0,True,L1_number_inpatient=many_prev_inpt|L2_number_emergency=multi_prev_er,f1_regret_bnd,,-0.24780917811770806,,L1_number_inpatient=many_prev_inpt|L2_number_emergency=multi_prev_er,True,2
L1_number_inpatient=many_prev_inpt|L2_number_emergency=no_prev_er|L3_discharge_disposition_id=Home,L3,L1_number_inpatient=many_prev_inpt|L2_number_emergency=no_prev_er,804,334,0.2860696517412935,0.2934131736526946,0.2,0.1,0.6182634730538922,0.20512820512820512,0.631578947368421,0.12244897959183673,0.937125748502994,0.05688622754491018,334,True,L1_number_inpatient=many_prev_inpt|L2_number_emergency=no_prev_er,f1_regret_bnd,-0.8816981421771841,-0.14674586124099573,-0.7349522809361884,L1_number_inpatient=many_prev_inpt|L2_number_emergency=no_prev_er,True,2
L1_number_inpatient=many_prev_inpt|L2_number_emergency=no_prev_er|L3_discharge_disposition_id=Transfer,L3,L1_number_inpatient=many_prev_inpt|L2_number_emergency=no_prev_er,585,269,0.26324786324786326,0.2899628252788104,0.2,0.1,0.6096654275092936,0.422360248447205,0.40963855421686746,0.4358974358974359,0.6914498141263941,0.30855018587360594,269,True,L1_number_inpatient=many_prev_inpt|L2_number_emergency=no_prev_er,f1_regret_bnd,-0.5330300861252857,-0.14674586124099573,-0.38628422488428993,L1_number_inpatient=many_prev_inpt|L2_number_emergency=no_prev_er,True,2
L1_number_inpatient=many_prev_inpt|L2_number_emergency=no_prev_er|L3_discharge_disposition_id=others,L3,L1_number_inpatient=many_prev_inpt|L2_number_emergency=no_prev_er,179,74,0.21787709497206703,0.32432432432432434,0.2,0.1,,,,,,,0,True,L1_number_inpatient=many_prev_inpt|L2_number_emergency=no_prev_er,f1_regret_bnd,,-0.14674586124099573,,L1_number_inpatient=many_prev_inpt|L2_number_emergency=no_prev_er,True,2
L1_number_inpatient=no_prev_inpt|L2_number_emergency=multi_prev_er|L3_discharge_disposition_id=Home,L3,L1_number_inpatient=no_prev_inpt|L2_number_emergency=multi_prev_er,251,118,0.16334661354581673,0.1440677966101695,0.4,0.1,0.5720338983050848,0.0,0.0,0.0,0.8220338983050848,0.0,118,False,,f1_regret_bnd,-0.9830508474576272,-1.0238627294493217,0.0408118819916945,L1_number_inpatient=no_prev_inpt|L2_number_emergency=multi_prev_er|L3_discharge_disposition_id=Home,False,2
L1_number_inpatient=no_prev_inpt|L2_number_emergency=multi_prev_er|L3_discharge_disposition_id=others,L3,L1_number_inpatient=no_prev_inpt|L2_number_emergency=multi_prev_er,113,61,0.1592920353982301,0.2459016393442623,0.4,0.2,,,,,,,0,True,,f1_regret_bnd,,-1.0238627294493217,,ROOT,True,2
L1_number_inpatient=no_prev_inpt|L2_number_emergency=no_prev_er|L3_discharge_disposition_id=Expired,L3,L1_number_inpatient=no_prev_inpt|L2_number_emergency=no_prev_er,715,318,0.0,0.0,0.4,0.1,,,,,,,0,True,L1_number_inpatient=no_prev_inpt|L2_number_emergency=no_prev_er,f1_regret_bnd,,-0.4940051596042058,,L1_number_inpatient=no_prev_inpt|L2_number_emergency=no_prev_er,True,2
L1_number_inpatient=no_prev_inpt|L2_number_emergency=no_prev_er|L3_discharge_disposition_id=Home,L3,L1_number_inpatient=no_prev_inpt|L2_number_emergency=no_prev_er,29039,12401,0.07503701918110128,0.07652608660591888,0.5,0.4,0.3061043464236755,0.0,0.0,0.0,0.0,0.0,12401,False,,f1_regret_bnd,-0.3061043464236755,-0.4940051596042058,0.1879008131805303,L1_number_inpatient=no_prev_inpt|L2_number_emergency=no_prev_er|L3_discharge_disposition_id=Home,False,2
L1_number_inpatient=no_prev_inpt|L2_number_emergency=no_prev_er|L3_discharge_disposition_id=OtherDisp,L3,L1_number_inpatient=no_prev_inpt|L2_number_emergency=no_prev_er,3855,1645,0.1444876783398184,0.12522796352583587,0.4,0.2,0.3890577507598784,0.16326530612244897,0.5128205128205128,0.0970873786407767,0.19088145896656536,0.02370820668693009,1645,False,,f1_regret_bnd,-0.3212331741207121,-0.4940051596042058,0.1727719854834937,L1_number_inpatient=no_prev_inpt|L2_number_emergency=no_prev_er|L3_discharge_disposition_id=OtherDisp,False,2
L1_number_inpatient=no_prev_inpt|L2_number_emergency=no_prev_er|L3_discharge_disposition_id=SNF_Rehab,L3,L1_number_inpatient=no_prev_inpt|L2_number_emergency=no_prev_er,310,126,0.12580645161290321,0.11904761904761904,0.4,0.1,0.44841269841269843,0.0,0.0,0.0,0.3888888888888889,0.0,126,True,L1_number_inpatient=no_prev_inpt|L2_number_emergency=no_prev_er,f1_regret_bnd,-0.6428571428571429,-0.4940051596042058,-0.14885198325293708,L1_number_inpatient=no_prev_inpt|L2_number_emergency=no_prev_er,True,2
L1_number_inpatient=no_prev_inpt|L2_number_emergency=no_prev_er|L3_discharge_disposition_id=Transfer,L3,L1_number_inpatient=no_prev_inpt|L2_number_emergency=no_prev_er,13880,5921,0.12255043227665706,0.1246411079209593,0.4,0.2,0.4717108596520858,0.021220159151193636,0.5,0.01084010840108401,0.04306704948488431,0.0027022462421888195,5921,False,,f1_regret_bnd,-0.4720242252433343,-0.4940051596042058,0.021980934360871507,L1_number_inpatient=no_prev_inpt|L2_number_emergency=no_prev_er|L3_discharge_disposition_id=Transfer,False,2
L1_number_inpatient=no_prev_inpt|L2_number_emergency=one_prev_er|L3_discharge_disposition_id=Home,L3,L1_number_inpatient=no_prev_inpt|L2_number_emergency=one_prev_er,407,168,0.12285012285012285,0.1130952380952381,0.7,0.2,0.40476190476190477,0.0,0.0,0.0,0.6130952380952381,0.0,168,True,L1_number_inpatient=no_prev_inpt|L2_number_emergency=one_prev_er,f1_regret_bnd,-0.7113095238095238,-0.4934640522875817,-0.2178454715219421,L1_number_inpatient=no_prev_inpt|L2_number_emergency=one_prev_er,True,2
L1_number_inpatient=no_prev_inpt|L2_number_emergency=one_prev_er|L3_discharge_disposition_id=Transfer,L3,L1_number_inpatient=no_prev_inpt|L2_number_emergency=one_prev_er,239,120,0.17573221757322174,0.14166666666666666,0.7,0.2,0.5083333333333333,0.0,0.0,0.0,0.175,0.0,120,True,L1_number_inpatient=no_prev_inpt|L2_number_emergency=one_prev_er,f1_regret_bnd,-0.5958333333333333,-0.4934640522875817,-0.1023692810457516,L1_number_inpatient=no_prev_inpt|L2_number_emergency=one_prev_er,True,2
L1_number_inpatient=no_prev_inpt|L2_number_emergency=one_prev_er|L3_discharge_disposition_id=others,L3,L1_number_inpatient=no_prev_inpt|L2_number_emergency=one_prev_er,57,18,0.08771929824561403,0.0,0.7,0.2,,,,,,,0,True,L1_number_inpatient=no_prev_inpt|L2_number_emergency=one_prev_er,f1_regret_bnd,,-0.4934640522875817,,L1_number_inpatient=no_prev_inpt|L2_number_emergency=one_prev_er,True,2
ROOT,L1,,11396,4883,0.11398736398736399,0.11202129838214213,0.4,0.1,0.39617038705713703,0.09666666666666666,0.5471698113207547,0.05301645338208409,0.4269916035224247,0.01085398320704485,4883,False,,f1_regret_bnd,-0.5129995221516828,-0.39983213232885684,-0.11316738982282593,ROOT,True,3
L1_number_inpatient=few_prev_inpt,L1,ROOT,1212,753,0.18894389438943895,0.17264276228419656,0.4,0.1,0.5690571049136787,0.0,0.0,0.0,0.9654714475431607,0.0,753,True,,f1_regret_bnd,-1.051792828685259,-0.5129995221516828,-0.5387933065335762,ROOT,True,3
L1_number_inpatient=many_prev_inpt,L1,ROOT,542,349,0.33948339483394835,0.37249283667621774,0.4,0.1,0.5659025787965616,0.5185185185185185,0.5575221238938053,0.4846153846153846,0.6532951289398281,0.3237822349570201,349,False,,f1_regret_bnd,-0.37403162474795715,-0.5129995221516828,0.13896789740372562,L1_number_inpatient=many_prev_inpt,False,3
L1_number_inpatient=no_prev_inpt,L1,ROOT,9776,4278,0.09472176759410803,0.09841047218326321,0.4,0.2,0.37295465170640485,0.03695150115473441,0.6666666666666666,0.019002375296912115,0.03880317905563347,0.002805049088359046,4278,False,,f1_regret_bnd,-0.3554047400794872,-0.5129995221516828,0.15759478207219557,L1_number_inpatient=no_prev_inpt,False,3
L1_number_inpatient=few_prev_inpt|L2_number_emergency=multi_prev_er,L2,L1_number_inpatient=few_prev_inpt,268,123,0.2126865671641791,0.21951219512195122,0.4,0.1,0.6056910569105691,0.0,0.0,0.0,0.991869918699187,0.0,123,True,,f1_regret_bnd,-1.1016260162601625,-1.051792828685259,-0.049833187574903626,ROOT,True,3
L1_number_inpatient=few_prev_inpt|L2_number_emergency=no_prev_er,L2,L1_number_inpatient=few_prev_inpt,1257,573,0.1869530628480509,0.15706806282722513,0.4,0.1,0.5200698080279232,0.043010752688172046,0.6666666666666666,0.022222222222222223,0.8708551483420593,0.005235602094240838,573,False,,f1_regret_bnd,-0.9124866295107809,-1.051792828685259,0.13930619917447806,L1_number_inpatient=few_prev_inpt|L2_number_emergency=no_prev_er,False,3
L1_number_inpatient=few_prev_inpt|L2_number_emergency=one_prev_er,L2,L1_number_inpatient=few_prev_inpt,254,124,0.1889763779527559,0.14516129032258066,0.5,0.2,0.5403225806451613,0.0,0.0,0.0,0.5967741935483871,0.0,124,False,,f1_regret_bnd,-0.8387096774193548,-1.051792828685259,0.21308315126590416,L1_number_inpatient=few_prev_inpt|L2_number_emergency=one_prev_er,False,3
L1_number_inpatient=many_prev_inpt|L2_number_emergency=multi_prev_er,L2,L1_number_inpatient=many_prev_inpt,291,146,0.3745704467353952,0.4041095890410959,0.4,0.0,0.5376712328767124,0.6106870229007634,0.5555555555555556,0.6779661016949152,0.5068493150684932,0.4931506849315068,146,False,,f1_regret_bnd,-0.18040886751019558,-0.37403162474795715,0.19362275723776157,L1_number_inpatient=many_prev_inpt|L2_number_emergency=multi_prev_er,False,3
L1_number_inpatient=many_prev_inpt|L2_number_emergency=no_prev_er,L2,L1_number_inpatient=many_prev_inpt,446,200,0.2600896860986547,0.245,0.4,0.1,0.53,0.4096385542168675,0.5,0.3469387755102041,0.625,0.17,200,True,L1_number_inpatient=many_prev_inpt,f1_regret_bnd,-0.4328614457831325,-0.37403162474795715,-0.05882982103517537,L1_number_inpatient=many_prev_inpt,True,3
L1_number_inpatient=many_prev_inpt|L2_number_emergency=one_prev_er,L2,L1_number_inpatient=many_prev_inpt,170,73,0.4294117647058823,0.410958904109589,0.4,0.1,,,,,,,0,True,L1_number_inpatient=many_prev_inpt,f1_regret_bnd,,-0.37403162474795715,,L1_number_inpatient=many_prev_inpt,True,3
L1_number_inpatient=no_prev_inpt|L2_number_emergency=multi_prev_er,L2,L1_number_inpatient=no_prev_inpt,154,155,0.19480519480519481,0.12903225806451613,0.4,0.2,0.45161290322580644,0.08695652173913045,0.3333333333333333,0.05,0.25806451612903225,0.01935483870967742,155,True,L1_number_inpatient=no_prev_inpt,f1_regret_bnd,-0.49368863955119213,-0.3554047400794872,-0.13828389947170494,L1_number_inpatient=no_prev_inpt,True,3
L1_number_inpatient=no_prev_inpt|L2_number_emergency=no_prev_er,L2,L1_number_inpatient=no_prev_inpt,9565,4176,0.094511238891793,0.09722222222222222,0.4,0.2,0.36649904214559387,0.03836930455635492,0.7272727272727273,0.019704433497536946,0.031130268199233715,0.0026340996168582377,4176,False,,f1_regret_bnd,-0.3436948716888558,-0.3554047400794872,0.011709868390631373,L1_number_inpatient=no_prev_inpt|L2_number_emergency=no_prev_er,False,3
L1_number_inpatient=no_prev_inpt|L2_number_emergency=one_prev_er,L2,L1_number_inpatient=no_prev_inpt,181,302,0.14917127071823205,0.1490066225165563,0.4,0.2,0.5149006622516556,0.0,0.0,0.0,0.7185430463576159,0.0,302,True,L1_number_inpatient=no_prev_inpt,f1_regret_bnd,-0.8741721854304636,-0.3554047400794872,-0.5187674453509764,L1_number_inpatient=no_prev_inpt,True,3
L1_number_inpatient=few_prev_inpt|L2_number_emergency=multi_prev_er|L3_discharge_disposition_id=Home,L3,L1_number_inpatient=few_prev_inpt|L2_number_emergency=multi_prev_er,158,77,0.24050632911392406,0.23376623376623376,0.4,0.1,,,,,,,0,True,,f1_regret_bnd,,-1.1016260162601625,,ROOT,True,3
L1_number_inpatient=few_prev_inpt|L2_number_emergency=multi_prev_er|L3_discharge_disposition_id=others,L3,L1_number_inpatient=few_prev_inpt|L2_number_emergency=multi_prev_er,110,46,0.17272727272727273,0.1956521739130435,0.4,0.1,,,,,,,0,True,,f1_regret_bnd,,-1.1016260162601625,,ROOT,True,3
L1_number_inpatient=few_prev_inpt|L2_number_emergency=no_prev_er|L3_discharge_disposition_id=Home,L3,L1_number_inpatient=few_prev_inpt|L2_number_emergency=no_prev_er,2700,1302,0.17037037037037037,0.16666666666666666,0.4,0.1,0.5733486943164362,0.0,0.0,0.0,0.9692780337941628,0.0,1302,True,L1_number_inpatient=few_prev_inpt|L2_number_emergency=no_prev_er,f1_regret_bnd,-1.0579877112135176,-0.9124866295107809,-0.1455010817027368,L1_number_inpatient=few_prev_inpt|L2_number_emergency=no_prev_er,True,3
L1_number_inpatient=few_prev_inpt|L2_number_emergency=no_prev_er|L3_discharge_disposition_id=OtherDisp,L3,L1_number_inpatient=few_prev_inpt|L2_number_emergency=no_prev_er,528,206,0.2518939393939394,0.23300970873786409,0.4,0.1,0.5849514563106796,0.23728813559322035,0.6363636363636364,0.14583333333333334,0.8300970873786407,0.05339805825242718,206,False,,f1_regret_bnd,-0.7627118644067796,-0.9124866295107809,0.14977476510400123,L1_number_inpatient=few_prev_inpt|L2_number_emergency=no_prev_er|L3_discharge_disposition_id=OtherDisp,False,3
L1_number_inpatient=few_prev_inpt|L2_number_emergency=no_prev_er|L3_discharge_disposition_id=Transfer,L3,L1_number_inpatient=few_prev_inpt|L2_number_emergency=no_prev_er,2133,940,0.19737458977965308,0.1946808510638298,0.4,0.1,0.5952127659574468,0.0418848167539267,0.5,0.02185792349726776,0.9840425531914894,0.00851063829787234,940,True,L1_number_inpatient=few_prev_inpt|L2_number_emergency=no_prev_er,f1_regret_bnd,-1.0453492257992647,-0.9124866295107809,-0.13286259628848385,L1_number_inpatient=few_prev_inpt|L2_number_emergency=no_prev_er,True,3
L1_number_inpatient=few_prev_inpt|L2_number_emergency=no_prev_er|L3_discharge_disposition_id=others,L3,L1_number_inpatient=few_prev_inpt|L2_number_emergency=no_prev_er,186,84,0.053763440860215055,0.047619047619047616,0.4,0.1,,,,,,,0,True,L1_number_inpatient=few_prev_inpt|L2_number_emergency=no_prev_er,f1_regret_bnd,,-0.9124866295107809,,L1_number_inpatient=few_prev_inpt|L2_number_emergency=no_prev_er,True,3
L1_number_inpatient=many_prev_inpt|L2_number_emergency=multi_prev_er|L3_discharge_disposition_id=Home,L3,L1_number_inpatient=many_prev_inpt|L2_number_emergency=multi_prev_er,193,103,0.41968911917098445,0.36893203883495146,0.4,0.0,0.5388349514563107,0.5909090909090909,0.52,0.6842105263157895,0.49514563106796117,0.4854368932038835,103,True,L1_number_inpatient=many_prev_inpt|L2_number_emergency=multi_prev_er,f1_regret_bnd,-0.1954986760812003,-0.18040886751019558,-0.015089808571004726,L1_number_inpatient=many_prev_inpt|L2_number_emergency=multi_prev_er,True,3
L1_number_inpatient=many_prev_inpt|L2_number_emergency=multi_prev_er|L3_discharge_disposition_id=others,L3,L1_number_inpatient=many_prev_inpt|L2_number_emergency=multi_prev_er,98,43,0.2857142857142857,0.4883720930232558,0.4,0.0,,,,,,,0,True,L1_number_inpatient=many_prev_inpt|L2_number_emergency=multi_prev_er,f1_regret_bnd,,-0.18040886751019558,,L1_number_inpatient=many_prev_inpt|L2_number_emergency=multi_prev_er,True,3
L1_number_inpatient=many_prev_inpt|L2_number_emergency=no_prev_er|L3_discharge_disposition_id=Home,L3,L1_number_inpatient=many_prev_inpt|L2_number_emergency=no_prev_er,779,335,0.2901155327342747,0.2835820895522388,0.4,0.1,0.608955223880597,0.4083769633507854,0.40625,0.4105263157894737,0.7104477611940299,0.2865671641791045,335,True,L1_number_inpatient=many_prev_inpt,f1_regret_bnd,-0.5558021411268266,-0.4328614457831325,-0.12294069534369406,L1_number_inpatient=many_prev_inpt,True,3
L1_number_inpatient=many_prev_inpt|L2_number_emergency=no_prev_er|L3_discharge_disposition_id=Transfer,L3,L1_number_inpatient=many_prev_inpt|L2_number_emergency=no_prev_er,624,232,0.27724358974358976,0.28879310344827586,0.4,0.1,0.5603448275862069,0.3191489361702128,0.5555555555555556,0.22388059701492538,0.7629310344827587,0.11637931034482758,232,True,L1_number_inpatient=many_prev_inpt,f1_regret_bnd,-0.6226614086573734,-0.4328614457831325,-0.1897999628742409,L1_number_inpatient=many_prev_inpt,True,3
L1_number_inpatient=many_prev_inpt|L2_number_emergency=no_prev_er|L3_discharge_disposition_id=others,L3,L1_number_inpatient=many_prev_inpt|L2_number_emergency=no_prev_er,167,87,0.25149700598802394,0.22988505747126436,0.4,0.1,,,,,,,0,True,L1_number_inpatient=many_prev_inpt,f1_regret_bnd,,-0.4328614457831325,,L1_number_inpatient=many_prev_inpt,True,3
L1_number_inpatient=no_prev_inpt|L2_number_emergency=multi_prev_er|L3_discharge_disposition_id=Home,L3,L1_number_inpatient=no_prev_inpt|L2_number_emergency=multi_prev_er,262,100,0.18702290076335878,0.11,0.4,0.2,0.38,0.16666666666666669,1.0,0.09090909090909091,0.24,0.01,100,False,,f1_regret_bnd,-0.3333333333333333,-0.49368863955119213,0.16035530621785882,L1_number_inpatient=no_prev_inpt|L2_number_emergency=multi_prev_er|L3_discharge_disposition_id=Home,False,3
L1_number_inpatient=no_prev_inpt|L2_number_emergency=multi_prev_er|L3_discharge_disposition_id=others,L3,L1_number_inpatient=no_prev_inpt|L2_number_emergency=multi_prev_er,102,55,0.20588235294117646,0.16363636363636364,0.4,0.2,,,,,,,0,True,L1_number_inpatient=no_prev_inpt,f1_regret_bnd,,-0.49368863955119213,,L1_number_inpatient=no_prev_inpt,True,3
L1_number_inpatient=no_prev_inpt|L2_number_emergency=no_prev_er|L3_discharge_disposition_id=Expired,L3,L1_number_inpatient=no_prev_inpt|L2_number_emergency=no_prev_er,745,281,0.0,0.0,0.4,0.2,,,,,,,0,True,L1_number_inpatient=no_prev_inpt|L2_number_emergency=no_prev_er,f1_regret_bnd,,-0.3436948716888558,,L1_number_inpatient=no_prev_inpt|L2_number_emergency=no_prev_er,True,3
L1_number_inpatient=no_prev_inpt|L2_number_emergency=no_prev_er|L3_discharge_disposition_id=Home,L3,L1_number_inpatient=no_prev_inpt|L2_number_emergency=no_prev_er,28995,12295,0.07490946714950854,0.07238714924766165,0.5,0.4,0.2895485969906466,0.0,0.0,0.0,0.0,0.0,12295,False,,f1_regret_bnd,-0.2895485969906466,-0.3436948716888558,0.05414627469820921,L1_number_inpatient=no_prev_inpt|L2_number_emergency=no_prev_er|L3_discharge_disposition_id=Home,False,3
L1_number_inpatient=no_prev_inpt|L2_number_emergency=no_prev_er|L3_discharge_disposition_id=OtherDisp,L3,L1_number_inpatient=no_prev_inpt|L2_number_emergency=no_prev_er,3820,1617,0.13848167539267014,0.14038342609771182,0.4,0.2,0.43351886209029067,0.14074074074074075,0.4418604651162791,0.08370044052863436,0.4706246134817563,0.026592455163883734,1617,True,L1_number_inpatient=no_prev_inpt|L2_number_emergency=no_prev_er,f1_regret_bnd,-0.5280904280904282,-0.3436948716888558,-0.18439555640157235,L1_number_inpatient=no_prev_inpt|L2_number_emergency=no_prev_er,True,3
L1_number_inpatient=no_prev_inpt|L2_number_emergency=no_prev_er|L3_discharge_disposition_id=SNF_Rehab,L3,L1_number_inpatient=no_prev_inpt|L2_number_emergency=no_prev_er,308,142,0.11363636363636363,0.08450704225352113,0.4,0.3,0.3380281690140845,0.0,0.0,0.0,0.0,0.0,142,False,,f1_regret_bnd,-0.3380281690140845,-0.3436948716888558,0.005666702674771318,L1_number_inpatient=no_prev_inpt|L2_number_emergency=no_prev_er|L3_discharge_disposition_id=SNF_Rehab,False,3
L1_number_inpatient=no_prev_inpt|L2_number_emergency=no_prev_er|L3_discharge_disposition_id=Transfer,L3,L1_number_inpatient=no_prev_inpt|L2_number_emergency=no_prev_er,13960,5980,0.12256446991404012,0.1277591973244147,0.4,0.2,0.4810200668896321,0.020592020592020595,0.6153846153846154,0.010471204188481676,0.048494983277591976,0.002173913043478261,5980,True,L1_number_inpatient=no_prev_inpt|L2_number_emergency=no_prev_er,f1_regret_bnd,-0.4846755379364075,-0.3436948716888558,-0.14098066624755168,L1_number_inpatient=no_prev_inpt|L2_number_emergency=no_prev_er,True,3
L1_number_inpatient=no_prev_inpt|L2_number_emergency=one_prev_er|L3_discharge_disposition_id=Home,L3,L1_number_inpatient=no_prev_inpt|L2_number_emergency=one_prev_er,396,164,0.11868686868686869,0.13414634146341464,0.3,0.1,0.47865853658536583,0.0,0.0,0.0,0.6524390243902439,0.0,164,False,,f1_regret_bnd,-0.8048780487804879,-0.8741721854304636,0.06929413664997575,L1_number_inpatient=no_prev_inpt|L2_number_emergency=one_prev_er|L3_discharge_disposition_id=Home,False,3
L1_number_inpatient=no_prev_inpt|L2_number_emergency=one_prev_er|L3_discharge_disposition_id=Transfer,L3,L1_number_inpatient=no_prev_inpt|L2_number_emergency=one_prev_er,248,112,0.1532258064516129,0.19642857142857142,0.4,0.2,0.5982142857142857,0.0,0.0,0.0,1.0,0.0,112,True,L1_number_inpatient=no_prev_inpt,f1_regret_bnd,-1.0982142857142856,-0.8741721854304636,-0.224042100283822,L1_number_inpatient=no_prev_inpt,True,3
L1_number_inpatient=no_prev_inpt|L2_number_emergency=one_prev_er|L3_discharge_disposition_id=others,L3,L1_number_inpatient=no_prev_inpt|L2_number_emergency=one_prev_er,53,26,0.11320754716981132,0.038461538461538464,0.4,0.2,,,,,,,0,True,L1_number_inpatient=no_prev_inpt,f1_regret_bnd,,-0.8741721854304636,,L1_number_inpatient=no_prev_inpt,True,3
ROOT,L1,,11396,4883,0.11188136188136188,0.11181650624616014,0.4,0.2,0.39678476346508296,0.088135593220339,0.5909090909090909,0.047619047619047616,0.08335039934466516,0.009010853983207045,4883,False,,f1_regret_bnd,-0.35032436991707655,-0.39753930560104817,0.047214935683971615,ROOT,False,4
L1_number_inpatient=few_prev_inpt,L1,ROOT,1231,702,0.17465475223395613,0.20797720797720798,0.4,0.2,0.5811965811965812,0.02684563758389262,0.6666666666666666,0.0136986301369863,0.9344729344729344,0.004273504273504274,702,True,,f1_regret_bnd,-1.0215874108491558,-0.35032436991707655,-0.6712630409320792,ROOT,True,4
L1_number_inpatient=many_prev_inpt,L1,ROOT,547,340,0.3272394881170018,0.3235294117647059,0.3,0.1,0.5926470588235294,0.5,0.3978494623655914,0.6727272727272727,0.42058823529411765,0.5470588235294118,340,False,,f1_regret_bnd,-0.30294117647058827,-0.35032436991707655,0.04738319344648828,L1_number_inpatient=many_prev_inpt,False,4
L1_number_inpatient=no_prev_inpt,L1,ROOT,9756,4298,0.09686346863468635,0.10888785481619358,0.4,0.2,0.4129827826896231,0.03734439834024896,0.6428571428571429,0.019230769230769232,0.044206607724523034,0.003257328990228013,4298,True,,f1_regret_bnd,-0.39774168821163564,-0.35032436991707655,-0.047417318294559085,ROOT,True,4
L1_number_inpatient=few_prev_inpt|L2_number_emergency=multi_prev_er,L2,L1_number_inpatient=few_prev_inpt,274,108,0.2116788321167883,0.23148148148148148,0.4,0.2,0.6157407407407407,0.0,0.0,0.0,1.0,0.0,108,True,,f1_regret_bnd,-1.1157407407407407,-1.0215874108491558,-0.09415332989158487,ROOT,True,4
L1_number_inpatient=few_prev_inpt|L2_number_emergency=no_prev_er,L2,L1_number_inpatient=few_prev_inpt,1280,550,0.16640625,0.14727272727272728,0.4,0.1,0.5181818181818182,0.06818181818181818,0.42857142857142855,0.037037037037037035,0.8418181818181818,0.012727272727272728,550,False,,f1_regret_bnd,-0.8709090909090909,-1.0215874108491558,0.15067831994006498,L1_number_inpatient=few_prev_inpt|L2_number_emergency=no_prev_er,False,4
L1_number_inpatient=few_prev_inpt|L2_number_emergency=one_prev_er,L2,L1_number_inpatient=few_prev_inpt,284,109,0.17253521126760563,0.1834862385321101,0.4,0.1,0.5458715596330275,0.0,0.0,0.0,0.908256880733945,0.0,109,False,,f1_regret_bnd,-1.0,-1.0215874108491558,0.02158741084915583,L1_number_inpatient=few_prev_inpt|L2_number_emergency=one_prev_er,False,4
L1_number_inpatient=many_prev_inpt|L2_number_emergency=multi_prev_er,L2,L1_number_inpatient=many_prev_inpt,141,129,0.3546099290780142,0.3643410852713178,0.2,0.1,0.5968992248062015,0.5542168674698795,0.3865546218487395,0.9787234042553191,0.05426356589147287,0.9224806201550387,129,False,,f1_regret_bnd,-0.0698141402820584,-0.30294117647058827,0.23312703618852987,L1_number_inpatient=many_prev_inpt|L2_number_emergency=multi_prev_er,False,4
L1_number_inpatient=many_prev_inpt|L2_number_emergency=no_prev_er,L2,L1_number_inpatient=many_prev_inpt,444,207,0.28153153153153154,0.2560386473429952,0.3,0.1,0.5772946859903382,0.15625,0.45454545454545453,0.09433962264150944,0.7294685990338164,0.05314009661835749,207,True,L1_number_inpatient=many_prev_inpt,f1_regret_bnd,-0.7857789855072463,-0.30294117647058827,-0.48283780903665807,L1_number_inpatient=many_prev_inpt,True,4
L1_number_inpatient=many_prev_inpt|L2_number_emergency=one_prev_er,L2,L1_number_inpatient=many_prev_inpt,176,72,0.375,0.4305555555555556,0.3,0.1,,,,,,,0,True,L1_number_inpatient=many_prev_inpt,f1_regret_bnd,,-0.30294117647058827,,L1_number_inpatient=many_prev_inpt,True,4
L1_number_inpatient=no_prev_inpt|L2_number_emergency=multi_prev_er,L2,L1_number_inpatient=no_prev_inpt,173,153,0.1676300578034682,0.17647058823529413,0.4,0.2,0.5882352941176471,0.0,0.0,0.0,1.0,0.0,153,True,,f1_regret_bnd,-1.0882352941176472,-0.39774168821163564,-0.6904936059060116,ROOT,True,4
L1_number_inpatient=no_prev_inpt|L2_number_emergency=no_prev_er,L2,L1_number_inpatient=no_prev_inpt,9535,4208,0.09564761405348715,0.08745247148288973,0.6,0.2,0.3366207224334601,0.0054200542005420045,1.0,0.002717391304347826,0.040399239543726234,0.0002376425855513308,4208,False,,f1_regret_bnd,-0.35140028800478124,-0.39774168821163564,0.0463414002068544,L1_number_inpatient=no_prev_inpt|L2_number_emergency=no_prev_er,False,4
L1_number_inpatient=no_prev_inpt|L2_number_emergency=one_prev_er,L2,L1_number_inpatient=no_prev_inpt,183,293,0.14207650273224043,0.13651877133105803,0.4,0.2,0.4761092150170648,0.046511627906976744,0.3333333333333333,0.025,0.6382252559726962,0.010238907849829351,293,True,,f1_regret_bnd,-0.7487102150964362,-0.39774168821163564,-0.35096852688480057,ROOT,True,4
L1_number_inpatient=few_prev_inpt|L2_number_emergency=multi_prev_er|L3_discharge_disposition_id=Home,L3,L1_number_inpatient=few_prev_inpt|L2_number_emergency=multi_prev_er,173,65,0.2254335260115607,0.27692307692307694,0.4,0.2,,,,,,,0,True,,f1_regret_bnd,,-1.1157407407407407,,ROOT,True,4
L1_number_inpatient=few_prev_inpt|L2_number_emergency=multi_prev_er|L3_discharge_disposition_id=others,L3,L1_number_inpatient=few_prev_inpt|L2_number_emergency=multi_prev_er,101,43,0.18811881188118812,0.16279069767441862,0.4,0.2,,,,,,,0,True,,f1_regret_bnd,,-1.1157407407407407,,ROOT,True,4
L1_number_inpatient=few_prev_inpt|L2_number_emergency=no_prev_er|L3_discharge_disposition_id=Expired,L3,L1_number_inpatient=few_prev_inpt|L2_number_emergency=no_prev_er,151,61,0.0,0.0,0.4,0.1,,,,,,,0,True,L1_number_inpatient=few_prev_inpt|L2_number_emergency=no_prev_er,f1_regret_bnd,,-0.8709090909090909,,L1_number_inpatient=few_prev_inpt|L2_number_emergency=no_prev_er,True,4
L1_number_inpatient=few_prev_inpt|L2_number_emergency=no_prev_er|L3_discharge_disposition_id=Home,L3,L1_number_inpatient=few_prev_inpt|L2_number_emergency=no_prev_er,2819,1158,0.16353316778999646,0.18048359240069084,0.4,0.1,0.5790155440414507,0.009523809523809525,1.0,0.004784688995215311,0.9602763385146805,0.0008635578583765112,1158,True,L1_number_inpatient=few_prev_inpt|L2_number_emergency=no_prev_er,f1_regret_bnd,-1.0496299037749814,-0.8709090909090909,-0.1787208128658906,L1_number_inpatient=few_prev_inpt|L2_number_emergency=no_prev_er,True,4
L1_number_inpatient=few_prev_inpt|L2_number_emergency=no_prev_er|L3_discharge_disposition_id=OtherDisp,L3,L1_number_inpatient=few_prev_inpt|L2_number_emergency=no_prev_er,491,233,0.24439918533604887,0.2017167381974249,0.4,0.2,0.5042918454935622,0.3235294117647059,0.5238095238095238,0.23404255319148937,0.40772532188841204,0.09012875536480687,233,False,,f1_regret_bnd,-0.38462509467306233,-0.8709090909090909,0.4862839962360285,L1_number_inpatient=few_prev_inpt|L2_number_emergency=no_prev_er|L3_discharge_disposition_id=OtherDisp,False,4
L1_number_inpatient=few_prev_inpt|L2_number_emergency=no_prev_er|L3_discharge_disposition_id=Transfer,L3,L1_number_inpatient=few_prev_inpt|L2_number_emergency=no_prev_er,2099,952,0.1910433539780848,0.1953781512605042,0.4,0.1,0.5966386554621849,0.0,0.0,0.0,0.9758403361344538,0.0,952,True,L1_number_inpatient=few_prev_inpt|L2_number_emergency=no_prev_er,f1_regret_bnd,-1.0845588235294117,-0.8709090909090909,-0.21364973262032083,L1_number_inpatient=few_prev_inpt|L2_number_emergency=no_prev_er,True,4
L1_number_inpatient=few_prev_inpt|L2_number_emergency=no_prev_er|L3_discharge_disposition_id=others,L3,L1_number_inpatient=few_prev_inpt|L2_number_emergency=no_prev_er,49,22,0.22448979591836735,0.09090909090909091,0.4,0.1,,,,,,,0,True,L1_number_inpatient=few_prev_inpt|L2_number_emergency=no_prev_er,f1_regret_bnd,,-0.8709090909090909,,L1_number_inpatient=few_prev_inpt|L2_number_emergency=no_prev_er,True,4
L1_number_inpatient=many_prev_inpt|L2_number_emergency=multi_prev_er|L3_discharge_disposition_id=Home,L3,L1_number_inpatient=many_prev_inpt|L2_number_emergency=multi_prev_er,201,87,0.3781094527363184,0.3563218390804598,0.2,0.1,0.6206896551724138,0.375,0.5294117647058824,0.2903225806451613,0.8045977011494253,0.19540229885057472,87,True,L1_number_inpatient=many_prev_inpt|L2_number_emergency=multi_prev_er,f1_regret_bnd,-0.6479885057471264,-0.0698141402820584,-0.578174365465068,L1_number_inpatient=many_prev_inpt|L2_number_emergency=multi_prev_er,True,4
L1_number_inpatient=many_prev_inpt|L2_number_emergency=multi_prev_er|L3_discharge_disposition_id=others,L3,L1_number_inpatient=many_prev_inpt|L2_number_emergency=multi_prev_er,101,42,0.31683168316831684,0.38095238095238093,0.2,0.1,,,,,,,0,True,L1_number_inpatient=many_prev_inpt|L2_number_emergency=multi_prev_er,f1_regret_bnd,,-0.0698141402820584,,L1_number_inpatient=many_prev_inpt|L2_number_emergency=multi_prev_er,True,4
L1_number_inpatient=many_prev_inpt|L2_number_emergency=no_prev_er|L3_discharge_disposition_id=Home,L3,L1_number_inpatient=many_prev_inpt|L2_number_emergency=no_prev_er,794,352,0.3035264483627204,0.2897727272727273,0.3,0.1,0.6221590909090909,0.1475409836065574,0.45,0.08823529411764706,0.7386363636363636,0.056818181818181816,352,True,L1_number_inpatient=many_prev_inpt,f1_regret_bnd,-0.8439362891207154,-0.7857789855072463,-0.05815730361346905,L1_number_inpatient=many_prev_inpt,True,4
L1_number_inpatient=many_prev_inpt|L2_number_emergency=no_prev_er|L3_discharge_disposition_id=Transfer,L3,L1_number_inpatient=many_prev_inpt|L2_number_emergency=no_prev_er,595,258,0.28403361344537814,0.2751937984496124,0.3,0.0,0.6124031007751938,0.45303867403314924,0.37272727272727274,0.5774647887323944,0.5736434108527132,0.4263565891472868,258,False,,f1_regret_bnd,-0.44618613216840114,-0.7857789855072463,0.3395928533388452,L1_number_inpatient=many_prev_inpt|L2_number_emergency=no_prev_er|L3_discharge_disposition_id=Transfer,False,4
L1_number_inpatient=many_prev_inpt|L2_number_emergency=no_prev_er|L3_discharge_disposition_id=others,L3,L1_number_inpatient=many_prev_inpt|L2_number_emergency=no_prev_er,167,86,0.25748502994011974,0.19767441860465115,0.3,0.1,,,,,,,0,True,L1_number_inpatient=many_prev_inpt,f1_regret_bnd,,-0.7857789855072463,,L1_number_inpatient=many_prev_inpt,True,4
L1_number_inpatient=no_prev_inpt|L2_number_emergency=multi_prev_er|L3_discharge_disposition_id=Home,L3,L1_number_inpatient=no_prev_inpt|L2_number_emergency=multi_prev_er,260,107,0.16153846153846155,0.17757009345794392,0.4,0.2,0.5887850467289719,0.0,0.0,0.0,1.0,0.0,107,True,,f1_regret_bnd,-1.088785046728972,-1.0882352941176472,-0.0005497526113247275,ROOT,True,4
L1_number_inpatient=no_prev_inpt|L2_number_emergency=multi_prev_er|L3_discharge_disposition_id=others,L3,L1_number_inpatient=no_prev_inpt|L2_number_emergency=multi_prev_er,121,46,0.19834710743801653,0.17391304347826086,0.4,0.2,,,,,,,0,True,,f1_regret_bnd,,-1.0882352941176472,,ROOT,True,4
L1_number_inpatient=no_prev_inpt|L2_number_emergency=no_prev_er|L3_discharge_disposition_id=Expired,L3,L1_number_inpatient=no_prev_inpt|L2_number_emergency=no_prev_er,752,290,0.0,0.0,0.6,0.2,,,,,,,0,True,L1_number_inpatient=no_prev_inpt|L2_number_emergency=no_prev_er,f1_regret_bnd,,-0.35140028800478124,,L1_number_inpatient=no_prev_inpt|L2_number_emergency=no_prev_er,True,4
L1_number_inpatient=no_prev_inpt|L2_number_emergency=no_prev_er|L3_discharge_disposition_id=Home,L3,L1_number_inpatient=no_prev_inpt|L2_number_emergency=no_prev_er,28941,12331,0.07487647282402128,0.07412213121401347,0.5,0.4,0.29648852485605387,0.0,0.0,0.0,0.0,0.0,12331,False,,f1_regret_bnd,-0.29648852485605387,-0.35140028800478124,0.054911763148727366,L1_number_inpatient=no_prev_inpt|L2_number_emergency=no_prev_er|L3_discharge_disposition_id=Home,False,4
L1_number_inpatient=no_prev_inpt|L2_number_emergency=no_prev_er|L3_discharge_disposition_id=OtherDisp,L3,L1_number_inpatient=no_prev_inpt|L2_number_emergency=no_prev_er,3879,1573,0.13817994328435163,0.1455816910362365,0.6,0.2,0.43642720915448185,0.14671814671814673,0.6333333333333333,0.08296943231441048,0.20025429116338206,0.019071837253655435,1573,True,L1_number_inpatient=no_prev_inpt|L2_number_emergency=no_prev_er,f1_regret_bnd,-0.3898362080180261,-0.35140028800478124,-0.03843592001324486,L1_number_inpatient=no_prev_inpt|L2_number_emergency=no_prev_er,True,4
L1_number_inpatient=no_prev_inpt|L2_number_emergency=no_prev_er|L3_discharge_disposition_id=SNF_Rehab,L3,L1_number_inpatient=no_prev_inpt|L2_number_emergency=no_prev_er,281,152,0.10320284697508897,0.1118421052631579,0.6,0.2,0.41118421052631576,0.2,0.6666666666666666,0.11764705882352941,0.34210526315789475,0.019736842105263157,152,True,L1_number_inpatient=no_prev_inpt|L2_number_emergency=no_prev_er,f1_regret_bnd,-0.3822368421052631,-0.35140028800478124,-0.03083655410048186,L1_number_inpatient=no_prev_inpt|L2_number_emergency=no_prev_er,True,4
L1_number_inpatient=no_prev_inpt|L2_number_emergency=no_prev_er|L3_discharge_disposition_id=Transfer,L3,L1_number_inpatient=no_prev_inpt|L2_number_emergency=no_prev_er,13831,6092,0.12580435254139252,0.12179908076165463,0.6,0.2,0.46495403808273145,0.021164021164021166,0.5714285714285714,0.01078167115902965,0.061720288903479976,0.002298095863427446,6092,True,L1_number_inpatient=no_prev_inpt|L2_number_emergency=no_prev_er,f1_regret_bnd,-0.4746501613704503,-0.35140028800478124,-0.12324987336566906,L1_number_inpatient=no_prev_inpt|L2_number_emergency=no_prev_er,True,4
L1_number_inpatient=no_prev_inpt|L2_number_emergency=one_prev_er|L3_discharge_disposition_id=Home,L3,L1_number_inpatient=no_prev_inpt|L2_number_emergency=one_prev_er,406,166,0.1206896551724138,0.1144578313253012,0.3,0.1,0.4457831325301205,0.0,0.0,0.0,0.5240963855421686,0.0,166,False,,f1_regret_bnd,-0.7078313253012047,-0.7487102150964362,0.040878889795231466,L1_number_inpatient=no_prev_inpt|L2_number_emergency=one_prev_er|L3_discharge_disposition_id=Home,False,4
L1_number_inpatient=no_prev_inpt|L2_number_emergency=one_prev_er|L3_discharge_disposition_id=Transfer,L3,L1_number_inpatient=no_prev_inpt|L2_number_emergency=one_prev_er,268,105,0.15671641791044777,0.17142857142857143,0.4,0.2,0.5571428571428572,0.09999999999999999,0.5,0.05555555555555555,0.8666666666666667,0.01904761904761905,105,True,,f1_regret_bnd,-0.8904761904761905,-0.7487102150964362,-0.14176597537975433,ROOT,True,4
L1_number_inpatient=no_prev_inpt|L2_number_emergency=one_prev_er|L3_discharge_disposition_id=others,L3,L1_number_inpatient=no_prev_inpt|L2_number_emergency=one_prev_er,49,22,0.08163265306122448,0.13636363636363635,0.4,0.2,,,,,,,0,True,,f1_regret_bnd,,-0.7487102150964362,,ROOT,True,4
ROOT,L1,,11396,4883,0.10626535626535627,0.1169363096457096,0.4,0.1,0.4036453000204792,0.08988764044943821,0.5384615384615384,0.04903677758318739,0.43252099119393816,0.010649191071062871,4883,False,,f1_regret_bnd,-0.5300181551680101,-0.4011013756960367,-0.1289167794719734,ROOT,True,5
L1_number_inpatient=few_prev_inpt,L1,ROOT,1226,714,0.1933115823817292,0.20728291316526612,0.4,0.1,0.5952380952380952,0.0,0.0,0.0,0.9537815126050421,0.0,714,True,,f1_regret_bnd,-1.0721288515406162,-0.5300181551680101,-0.5421106963726061,ROOT,True,5
L1_number_inpatient=many_prev_inpt,L1,ROOT,541,331,0.32532347504621073,0.3081570996978852,0.4,0.1,0.5725075528700906,0.494949494949495,0.5104166666666666,0.4803921568627451,0.7009063444108762,0.29003021148036257,331,False,,f1_regret_bnd,-0.4280112301260337,-0.5300181551680101,0.10200692504197639,L1_number_inpatient=many_prev_inpt,False,5
L1_number_inpatient=no_prev_inpt,L1,ROOT,9771,4298,0.09405383277044314,0.0965565379246161,0.4,0.2,0.3677291763610982,0.03286384976525822,0.6363636363636364,0.016867469879518072,0.034434620753839,0.0025593299208934387,4298,False,,f1_regret_bnd,-0.3520826369727595,-0.5300181551680101,0.1779355181952506,L1_number_inpatient=no_prev_inpt,False,5
L1_number_inpatient=few_prev_inpt|L2_number_emergency=multi_prev_er,L2,L1_number_inpatient=few_prev_inpt,261,106,0.21839080459770116,0.19811320754716982,0.3,0.1,0.589622641509434,0.25,0.36363636363636365,0.19047619047619047,0.8867924528301887,0.10377358490566038,106,False,,f1_regret_bnd,-0.7830188679245284,-1.0721288515406162,0.28910998361608786,L1_number_inpatient=few_prev_inpt|L2_number_emergency=multi_prev_er,False,5
L1_number_inpatient=few_prev_inpt|L2_number_emergency=no_prev_er,L2,L1_number_inpatient=few_prev_inpt,1261,723,0.16019032513877876,0.19778699861687413,0.7,0.1,0.5470262793914247,0.0,0.0,0.0,0.8672199170124482,0.0,723,False,,f1_regret_bnd,-0.9806362378976488,-1.0721288515406162,0.09149261364296746,L1_number_inpatient=few_prev_inpt|L2_number_emergency=no_prev_er,False,5
L1_number_inpatient=few_prev_inpt|L2_number_emergency=one_prev_er,L2,L1_number_inpatient=few_prev_inpt,250,118,0.156,0.2542372881355932,0.4,0.1,0.6059322033898306,0.0,0.0,0.0,0.9576271186440678,0.0,118,True,,f1_regret_bnd,-1.0847457627118644,-1.0721288515406162,-0.01261691117124819,ROOT,True,5
L1_number_inpatient=many_prev_inpt|L2_number_emergency=multi_prev_er,L2,L1_number_inpatient=many_prev_inpt,134,114,0.3283582089552239,0.3333333333333333,0.4,0.2,0.5877192982456141,0.5,0.42592592592592593,0.6052631578947368,0.5,0.47368421052631576,114,False,,f1_regret_bnd,-0.3377192982456141,-0.4280112301260337,0.09029193188041962,L1_number_inpatient=many_prev_inpt|L2_number_emergency=multi_prev_er,False,5
L1_number_inpatient=many_prev_inpt|L2_number_emergency=no_prev_er,L2,L1_number_inpatient=many_prev_inpt,435,211,0.28735632183908044,0.3080568720379147,0.3,0.1,0.5639810426540285,0.5390070921985816,0.5,0.5846153846153846,0.5734597156398105,0.36018957345971564,211,False,,f1_regret_bnd,-0.31170380827535216,-0.4280112301260337,0.11630742185068155,L1_number_inpatient=many_prev_inpt|L2_number_emergency=no_prev_er,False,5
L1_number_inpatient=many_prev_inpt|L2_number_emergency=one_prev_er,L2,L1_number_inpatient=many_prev_inpt,179,76,0.4134078212290503,0.4342105263157895,0.4,0.1,,,,,,,0,True,L1_number_inpatient=many_prev_inpt,f1_regret_bnd,,-0.4280112301260337,,L1_number_inpatient=many_prev_inpt,True,5
L1_number_inpatient=no_prev_inpt|L2_number_emergency=multi_prev_er,L2,L1_number_inpatient=no_prev_inpt,171,161,0.18128654970760233,0.16149068322981366,0.4,0.2,0.577639751552795,0.07142857142857144,0.5,0.038461538461538464,0.9875776397515528,0.012422360248447204,161,True,L1_number_inpatient=no_prev_inpt,f1_regret_bnd,-1.0,-0.3520826369727595,-0.6479173630272406,L1_number_inpatient=no_prev_inpt,True,5
L1_number_inpatient=no_prev_inpt|L2_number_emergency=no_prev_er,L2,L1_number_inpatient=no_prev_inpt,9556,4191,0.093658434491419,0.09472679551419709,0.4,0.2,0.3645907897876402,0.019656019656019656,0.4,0.010075566750629723,0.031257456454306845,0.0023860653781913625,4191,True,L1_number_inpatient=no_prev_inpt,f1_regret_bnd,-0.360563498358774,-0.3520826369727595,-0.008480861386014504,L1_number_inpatient=no_prev_inpt,True,5
L1_number_inpatient=no_prev_inpt|L2_number_emergency=one_prev_er,L2,L1_number_inpatient=no_prev_inpt,184,282,0.125,0.1276595744680851,0.4,0.2,0.5070921985815603,0.0,0.0,0.0,0.6134751773049646,0.0,282,True,L1_number_inpatient=no_prev_inpt,f1_regret_bnd,-0.8138297872340425,-0.3520826369727595,-0.46174715026128305,L1_number_inpatient=no_prev_inpt,True,5
L1_number_inpatient=few_prev_inpt|L2_number_emergency=multi_prev_er|L3_discharge_disposition_id=Home,L3,L1_number_inpatient=few_prev_inpt|L2_number_emergency=multi_prev_er,168,72,0.2619047619047619,0.2361111111111111,0.3,0.1,,,,,,,0,True,L1_number_inpatient=few_prev_inpt|L2_number_emergency=multi_prev_er,f1_regret_bnd,,-0.7830188679245284,,L1_number_inpatient=few_prev_inpt|L2_number_emergency=multi_prev_er,True,5
L1_number_inpatient=few_prev_inpt|L2_number_emergency=multi_prev_er|L3_discharge_disposition_id=others,L3,L1_number_inpatient=few_prev_inpt|L2_number_emergency=multi_prev_er,93,34,0.13978494623655913,0.11764705882352941,0.3,0.1,,,,,,,0,True,L1_number_inpatient=few_prev_inpt|L2_number_emergency=multi_prev_er,f1_regret_bnd,,-0.7830188679245284,,L1_number_inpatient=few_prev_inpt|L2_number_emergency=multi_prev_er,True,5
L1_number_inpatient=few_prev_inpt|L2_number_emergency=no_prev_er|L3_discharge_disposition_id=Expired,L3,L1_number_inpatient=few_prev_inpt|L2_number_emergency=no_prev_er,128,72,0.0,0.0,0.7,0.1,,,,,,,0,True,L1_number_inpatient=few_prev_inpt|L2_number_emergency=no_prev_er,f1_regret_bnd,,-0.9806362378976488,,L1_number_inpatient=few_prev_inpt|L2_number_emergency=no_prev_er,True,5
L1_number_inpatient=few_prev_inpt|L2_number_emergency=no_prev_er|L3_discharge_disposition_id=Home,L3,L1_number_inpatient=few_prev_inpt|L2_number_emergency=no_prev_er,2761,1229,0.16588192683810213,0.17493897477624085,0.7,0.1,0.5842148087876322,0.0,0.0,0.0,0.9707078925956062,0.0,1229,True,L1_number_inpatient=few_prev_inpt|L2_number_emergency=no_prev_er,f1_regret_bnd,-1.0695687550854354,-0.9806362378976488,-0.08893251718778661,L1_number_inpatient=few_prev_inpt|L2_number_emergency=no_prev_er,True,5
L1_number_inpatient=few_prev_inpt|L2_number_emergency=no_prev_er|L3_discharge_disposition_id=OtherDisp,L3,L1_number_inpatient=few_prev_inpt|L2_number_emergency=no_prev_er,541,199,0.21811460258780038,0.24120603015075376,0.3,0.1,0.6130653266331658,0.3095238095238095,0.3611111111111111,0.2708333333333333,0.7487437185929648,0.18090452261306533,199,False,,f1_regret_bnd,-0.6779133764058387,-0.9806362378976488,0.30272286149181005,L1_number_inpatient=few_prev_inpt|L2_number_emergency=no_prev_er|L3_discharge_disposition_id=OtherDisp,False,5
L1_number_inpatient=few_prev_inpt|L2_number_emergency=no_prev_er|L3_discharge_disposition_id=Transfer,L3,L1_number_inpatient=few_prev_inpt|L2_number_emergency=no_prev_er,2147,933,0.19748486259897532,0.19614147909967847,0.7,0.1,0.5959271168274384,0.03125,0.3333333333333333,0.01639344262295082,0.9785637727759914,0.00964630225080386,933,True,L1_number_inpatient=few_prev_inpt|L2_number_emergency=no_prev_er,f1_regret_bnd,-1.053959003215434,-0.9806362378976488,-0.07332276531778525,L1_number_inpatient=few_prev_inpt|L2_number_emergency=no_prev_er,True,5
L1_number_inpatient=few_prev_inpt|L2_number_emergency=no_prev_er|L3_discharge_disposition_id=others,L3,L1_number_inpatient=few_prev_inpt|L2_number_emergency=no_prev_er,44,21,0.18181818181818182,0.23809523809523808,0.7,0.1,,,,,,,0,True,L1_number_inpatient=few_prev_inpt|L2_number_emergency=no_prev_er,f1_regret_bnd,,-0.9806362378976488,,L1_number_inpatient=few_prev_inpt|L2_number_emergency=no_prev_er,True,5
L1_number_inpatient=many_prev_inpt|L2_number_emergency=multi_prev_er|L3_discharge_disposition_id=Home,L3,L1_number_inpatient=many_prev_inpt|L2_number_emergency=multi_prev_er,213,78,0.4507042253521127,0.2948717948717949,0.4,0.2,,,,,,,0,True,L1_number_inpatient=many_prev_inpt|L2_number_emergency=multi_prev_er,f1_regret_bnd,,-0.3377192982456141,,L1_number_inpatient=many_prev_inpt|L2_number_emergency=multi_prev_er,True,5
L1_number_inpatient=many_prev_inpt|L2_number_emergency=multi_prev_er|L3_discharge_disposition_id=others,L3,L1_number_inpatient=many_prev_inpt|L2_number_emergency=multi_prev_er,92,36,0.2826086956521739,0.4166666666666667,0.4,0.2,,,,,,,0,True,L1_number_inpatient=many_prev_inpt|L2_number_emergency=multi_prev_er,f1_regret_bnd,,-0.3377192982456141,,L1_number_inpatient=many_prev_inpt|L2_number_emergency=multi_prev_er,True,5
L1_number_inpatient=many_prev_inpt|L2_number_emergency=no_prev_er|L3_discharge_disposition_id=Home,L3,L1_number_inpatient=many_prev_inpt|L2_number_emergency=no_prev_er,764,363,0.3023560209424084,0.2809917355371901,0.3,0.1,0.6129476584022039,0.2972972972972973,0.4782608695652174,0.21568627450980393,0.8732782369146006,0.12672176308539945,363,True,L1_number_inpatient=many_prev_inpt|L2_number_emergency=no_prev_er,f1_regret_bnd,-0.7522894795622068,-0.31170380827535216,-0.44058567128685466,L1_number_inpatient=many_prev_inpt|L2_number_emergency=no_prev_er,True,5
L1_number_inpatient=many_prev_inpt|L2_number_emergency=no_prev_er|L3_discharge_disposition_id=Transfer,L3,L1_number_inpatient=many_prev_inpt|L2_number_emergency=no_prev_er,577,257,0.28596187175043325,0.2918287937743191,0.3,0.1,0.5778210116731517,0.4462809917355372,0.5869565217391305,0.36,0.8210116731517509,0.17898832684824903,257,True,L1_number_inpatient=many_prev_inpt|L2_number_emergency=no_prev_er,f1_regret_bnd,-0.54204585651349,-0.31170380827535216,-0.23034204823813786,L1_number_inpatient=many_prev_inpt|L2_number_emergency=no_prev_er,True,5
L1_number_inpatient=many_prev_inpt|L2_number_emergency=no_prev_er|L3_discharge_disposition_id=others,L3,L1_number_inpatient=many_prev_inpt|L2_number_emergency=no_prev_er,168,88,0.27380952380952384,0.26136363636363635,0.3,0.1,,,,,,,0,True,L1_number_inpatient=many_prev_inpt|L2_number_emergency=no_prev_er,f1_regret_bnd,,-0.31170380827535216,,L1_number_inpatient=many_prev_inpt|L2_number_emergency=no_prev_er,True,5
L1_number_inpatient=no_prev_inpt|L2_number_emergency=multi_prev_er|L3_discharge_disposition_id=Home,L3,L1_number_inpatient=no_prev_inpt|L2_number_emergency=multi_prev_er,238,114,0.15126050420168066,0.17543859649122806,0.3,0.1,0.5657894736842105,0.0,0.0,0.0,0.7105263157894737,0.0,114,False,,f1_regret_bnd,-0.9210526315789473,-1.0,0.07894736842105265,L1_number_inpatient=no_prev_inpt|L2_number_emergency=multi_prev_er|L3_discharge_disposition_id=Home,False,5
L1_number_inpatient=no_prev_inpt|L2_number_emergency=multi_prev_er|L3_discharge_disposition_id=others,L3,L1_number_inpatient=no_prev_inpt|L2_number_emergency=multi_prev_er,124,47,0.20161290322580644,0.1276595744680851,0.4,0.2,,,,,,,0,True,L1_number_inpatient=no_prev_inpt,f1_regret_bnd,,-1.0,,L1_number_inpatient=no_prev_inpt,True,5
L1_number_inpatient=no_prev_inpt|L2_number_emergency=no_prev_er|L3_discharge_disposition_id=Expired,L3,L1_number_inpatient=no_prev_inpt|L2_number_emergency=no_prev_er,717,287,0.0,0.0,0.4,0.2,,,,,,,0,True,L1_number_inpatient=no_prev_inpt,f1_regret_bnd,,-0.360563498358774,,L1_number_inpatient=no_prev_inpt,True,5
L1_number_inpatient=no_prev_inpt|L2_number_emergency=no_prev_er|L3_discharge_disposition_id=Home,L3,L1_number_inpatient=no_prev_inpt|L2_number_emergency=no_prev_er,28955,12399,0.07632533241236401,0.07194128558754738,0.5,0.4,0.2875231873538189,0.0,0.0,0.0,8.065166545689168e-05,0.0,12399,False,,f1_regret_bnd,-0.2875635131865473,-0.360563498358774,0.07299998517222667,L1_number_inpatient=no_prev_inpt|L2_number_emergency=no_prev_er|L3_discharge_disposition_id=Home,False,5
L1_number_inpatient=no_prev_inpt|L2_number_emergency=no_prev_er|L3_discharge_disposition_id=OtherDisp,L3,L1_number_inpatient=no_prev_inpt|L2_number_emergency=no_prev_er,3921,1605,0.1418005610813568,0.1264797507788162,0.4,0.2,0.37009345794392523,0.2063492063492064,0.5306122448979592,0.12807881773399016,0.17383177570093458,0.030529595015576325,1605,False,,f1_regret_bnd,-0.2506601394451861,-0.360563498358774,0.10990335891358788,L1_number_inpatient=no_prev_inpt|L2_number_emergency=no_prev_er|L3_discharge_disposition_id=OtherDisp,False,5
L1_number_inpatient=no_prev_inpt|L2_number_emergency=no_prev_er|L3_discharge_disposition_id=SNF_Rehab,L3,L1_number_inpatient=no_prev_inpt|L2_number_emergency=no_prev_er,290,139,0.11724137931034483,0.1079136690647482,0.4,0.2,0.39568345323741005,0.0,0.0,0.0,0.02877697841726619,0.0,139,True,L1_number_inpatient=no_prev_inpt,f1_regret_bnd,-0.41007194244604317,-0.360563498358774,-0.04950844408726918,L1_number_inpatient=no_prev_inpt,True,5
L1_number_inpatient=no_prev_inpt|L2_number_emergency=no_prev_er|L3_discharge_disposition_id=Transfer,L3,L1_number_inpatient=no_prev_inpt|L2_number_emergency=no_prev_er,13901,5975,0.12020717933961586,0.13071129707112972,0.4,0.2,0.4980753138075314,0.017587939698492466,0.4666666666666667,0.008962868117797696,0.6319665271966527,0.002510460251046025,5975,True,L1_number_inpatient=no_prev_inpt,f1_regret_bnd,-0.7964706377073653,-0.360563498358774,-0.43590713934859127,L1_number_inpatient=no_prev_inpt,True,5
L1_number_inpatient=no_prev_inpt|L2_number_emergency=one_prev_er|L3_discharge_disposition_id=Home,L3,L1_number_inpatient=no_prev_inpt|L2_number_emergency=one_prev_er,403,163,0.10173697270471464,0.1165644171779141,0.4,0.2,0.450920245398773,0.0,0.0,0.0,0.012269938650306749,0.0,163,False,,f1_regret_bnd,-0.4570552147239264,-0.8138297872340425,0.35677457251011613,L1_number_inpatient=no_prev_inpt|L2_number_emergency=one_prev_er|L3_discharge_disposition_id=Home,False,5
L1_number_inpatient=no_prev_inpt|L2_number_emergency=one_prev_er|L3_discharge_disposition_id=Transfer,L3,L1_number_inpatient=no_prev_inpt|L2_number_emergency=one_prev_er,263,92,0.1444866920152091,0.16304347826086957,0.4,0.2,0.5815217391304348,0.0,0.0,0.0,1.0,0.0,92,True,L1_number_inpatient=no_prev_inpt,f1_regret_bnd,-1.0815217391304348,-0.8138297872340425,-0.2676919518963923,L1_number_inpatient=no_prev_inpt,True,5
L1_number_inpatient=no_prev_inpt|L2_number_emergency=one_prev_er|L3_discharge_disposition_id=others,L3,L1_number_inpatient=no_prev_inpt|L2_number_emergency=one_prev_er,52,27,0.11538461538461539,0.07407407407407407,0.4,0.2,,,,,,,0,True,L1_number_inpatient=no_prev_inpt,f1_regret_bnd,,-0.8138297872340425,,L1_number_inpatient=no_prev_inpt,True,5
